date,product_id,orders,revenue
2021-02-14,PROD-001,14,1923.3817866972454
2021-02-15,PROD-001,25,3168.3127968235945
2021-02-16,PROD-001,30,1026.4285537180992
2021-02-17,PROD-001,26,3120.37311719649
2021-02-18,PROD-001,23,1739.6768745185047
2021-02-19,PROD-001,26,2107.1816443224943
2021-02-20,PROD-001,19,1351.2861365900303
2021-02-21,PROD-001,13,903.6105896687465
2021-02-22,PROD-001,35,3977.3329567344363
2021-02-23,PROD-001,33,1903.0874990376612
2021-02-24,PROD-001,34,4911.916533397059
2021-02-25,PROD-001,29,3692.9938056565084
2021-02-26,PROD-001,33,4901.433900667003
2021-02-27,PROD-001,16,926.110163352012
2021-02-28,PROD-001,22,2101.3857341477224
2021-03-01,PROD-001,27,2392.6141733643176
2021-03-02,PROD-001,26,1567.162772025954
2021-03-03,PROD-001,35,2991.9035990847788
2021-03-04,PROD-001,24,603.1879798420946
2021-03-05,PROD-001,24,2393.4187962846017
2021-03-06,PROD-001,22,3114.059257956188
2021-03-07,PROD-001,16,827.8291584883407
2021-03-08,PROD-001,22,2544.339006547949
2021-03-09,PROD-001,29,1451.5310337592164
2021-03-10,PROD-001,25,2716.2799848177456
2021-03-11,PROD-001,25,1425.679152186837
2021-03-12,PROD-001,26,958.3691315700752
2021-03-13,PROD-001,19,2381.384837081859
2021-03-14,PROD-001,14,1653.3269419437406
2021-03-15,PROD-001,28,3585.5023669422753
2021-03-16,PROD-001,31,2600.403204540835
2021-03-17,PROD-001,37,2887.7171048307755
2021-03-18,PROD-001,34,853.087663969974
2021-03-19,PROD-001,36,4447.526332222959
2021-03-20,PROD-001,20,1898.6220203817916
2021-03-21,PROD-001,20,2666.9329913629604
2021-03-22,PROD-001,23,1103.9627696471407
2021-03-23,PROD-001,37,2430.1392893852703
2021-03-24,PROD-001,34,1172.265404340497
2021-03-25,PROD-001,31,1559.0947091024814
2021-03-26,PROD-001,26,2500.4371442137126
2021-03-27,PROD-001,18,1561.612082582095
2021-03-28,PROD-001,15,2061.5299875446335
2021-03-29,PROD-001,24,2967.46397396138
2021-03-30,PROD-001,21,1388.232229440156
2021-03-31,PROD-001,26,1798.1291937390492
2021-04-01,PROD-001,28,2495.1364070418217
2021-04-02,PROD-001,29,3414.2450897645604
2021-04-03,PROD-001,17,597.4134561731883
2021-04-04,PROD-001,14,1711.4390366949938
2021-04-05,PROD-001,25,2954.448172980446
2021-04-06,PROD-001,28,3828.7190230452284
2021-04-07,PROD-001,33,1075.6564112065585
2021-04-08,PROD-001,32,1242.437097323385
2021-04-09,PROD-001,34,1394.3939413508244
2021-04-10,PROD-001,17,1523.227780514303
2021-04-11,PROD-001,15,2046.6200619865408
2021-04-12,PROD-001,25,3595.2947996359358
2021-04-13,PROD-001,21,2939.879352578656
2021-04-14,PROD-001,26,3550.429865630786
2021-04-15,PROD-001,32,4502.312976739961
2021-04-16,PROD-001,25,2707.7368359642564
2021-04-17,PROD-001,23,1913.5707026871157
2021-04-18,PROD-001,17,1082.4456867428605
2021-04-19,PROD-001,22,2549.0365562102825
2021-04-20,PROD-001,26,1138.673657665504
2021-04-21,PROD-001,38,1352.4255554708745
2021-04-22,PROD-001,37,4431.428339333393
2021-04-23,PROD-001,31,3836.4422978677153
2021-04-24,PROD-001,23,1810.6984549216386
2021-04-25,PROD-001,24,3276.198340443597
2021-04-26,PROD-001,22,774.0061381973967
2021-04-27,PROD-001,38,998.4912452531296
2021-04-28,PROD-001,24,3170.6045074643016
2021-04-29,PROD-001,34,2596.428905864846
2021-04-30,PROD-001,31,3866.994816756681
2021-05-01,PROD-001,20,1839.301233397566
2021-05-02,PROD-001,20,1383.7383285536941
2021-05-03,PROD-001,40,3741.13035830505
2021-05-04,PROD-001,30,3005.3877680007004
2021-05-05,PROD-001,26,1047.8986033431192
2021-05-06,PROD-001,28,1712.3826575555186
2021-05-07,PROD-001,30,2849.1483009110634
2021-05-08,PROD-001,17,1926.4281705285916
2021-05-09,PROD-001,18,1372.745374740642
2021-05-10,PROD-001,28,3424.4990651851303
2021-05-11,PROD-001,39,2276.2477382162742
2021-05-12,PROD-001,22,1596.527420011888
2021-05-13,PROD-001,22,1344.0277719175888
2021-05-14,PROD-001,39,4237.957171568251
2021-05-15,PROD-001,23,964.4107251371383
2021-05-16,PROD-001,19,2357.036413168422
2021-05-17,PROD-001,36,2603.9019975751703
2021-05-18,PROD-001,36,3097.3401682575704
2021-05-19,PROD-001,35,3894.1533675997534
2021-05-20,PROD-001,32,1346.114266779493
2021-05-21,PROD-001,34,2203.2395283923447
2021-05-22,PROD-001,25,1353.4031804358947
2021-05-23,PROD-001,23,3327.5509986917527
2021-05-24,PROD-001,36,4841.763890987386
2021-05-25,PROD-001,31,1943.8978139628277
2021-05-26,PROD-001,34,1859.701345615734
2021-05-27,PROD-001,33,2173.2603149443553
2021-05-28,PROD-001,36,2582.619466176443
2021-05-29,PROD-001,15,536.16265493432
2021-05-30,PROD-001,17,1002.5137393065165
2021-05-31,PROD-001,38,2872.130806210695
2021-06-01,PROD-001,32,3697.4950759031485
2021-06-02,PROD-001,26,3250.060496089117
2021-06-03,PROD-001,34,2187.3083387951574
2021-06-04,PROD-001,28,2589.601383627375
2021-06-05,PROD-001,17,1428.604782120282
2021-06-06,PROD-001,15,2004.2102727138047
2021-06-07,PROD-001,30,3181.8010193069017
2021-06-08,PROD-001,42,6000.365821603384
2021-06-09,PROD-001,28,1215.321267054429
2021-06-10,PROD-001,28,2209.4781292587363
2021-06-11,PROD-001,28,3826.448004441436
2021-06-12,PROD-001,18,844.8237806968044
2021-06-13,PROD-001,19,906.5047744425991
2021-06-14,PROD-001,29,1211.6762079277667
2021-06-15,PROD-001,43,1395.6649076038223
2021-06-16,PROD-001,29,3720.891543312482
2021-06-17,PROD-001,27,3301.2695838042328
2021-06-18,PROD-001,27,3718.3883001657896
2021-06-19,PROD-001,18,2091.2553113467143
2021-06-20,PROD-001,18,1457.8974132644248
2021-06-21,PROD-001,26,2602.114511590778
2021-06-22,PROD-001,30,3592.0996755803803
2021-06-23,PROD-001,27,2662.4977233334416
2021-06-24,PROD-001,38,4236.096209761111
2021-06-25,PROD-001,31,4092.8872908952685
2021-06-26,PROD-001,18,2205.093371034517
2021-06-27,PROD-001,17,2452.5131241028025
2021-06-28,PROD-001,44,6123.679493104348
2021-06-29,PROD-001,39,4074.3475777357603
2021-06-30,PROD-001,39,4551.308802829158
2021-07-01,PROD-001,37,2545.0292770909255
2021-07-02,PROD-001,36,1643.8701743430447
2021-07-03,PROD-001,16,1105.0886720348171
2021-07-04,PROD-001,27,3875.2835910271583
2021-07-05,PROD-001,35,1342.2867821611503
2021-07-06,PROD-001,36,1340.7465576841846
2021-07-07,PROD-001,43,2346.8474663748584
2021-07-08,PROD-001,25,3637.2298817224378
2021-07-09,PROD-001,42,1855.0416460435945
2021-07-10,PROD-001,26,784.2328731606787
2021-07-11,PROD-001,19,1629.279388874195
2021-07-12,PROD-001,31,2079.9909420805598
2021-07-13,PROD-001,28,1353.0783128960923
2021-07-14,PROD-001,31,3292.3811368797656
2021-07-15,PROD-001,39,5340.324541546892
2021-07-16,PROD-001,26,2902.6818125985683
2021-07-17,PROD-001,23,2735.796014186141
2021-07-18,PROD-001,22,570.4818597352529
2021-07-19,PROD-001,39,4022.709581457905
2021-07-20,PROD-001,43,2096.404741499762
2021-07-21,PROD-001,37,3355.9966674494335
2021-07-22,PROD-001,33,2828.7805377315053
2021-07-23,PROD-001,40,4942.011817448684
2021-07-24,PROD-001,22,1869.8074722933598
2021-07-25,PROD-001,17,1789.7372707487248
2021-07-26,PROD-001,31,4351.286801069497
2021-07-27,PROD-001,47,1351.1133691364978
2021-07-28,PROD-001,27,3657.7868486675425
2021-07-29,PROD-001,29,1037.1762338795197
2021-07-30,PROD-001,40,1827.8498487241347
2021-07-31,PROD-001,29,2435.6423154812355
2021-08-01,PROD-001,30,969.6105126770583
2021-08-02,PROD-001,35,2582.4013224073524
2021-08-03,PROD-001,27,2562.774254954469
2021-08-04,PROD-001,45,4327.74630517247
2021-08-05,PROD-001,27,3176.4854839550944
2021-08-06,PROD-001,44,3396.9167599048264
2021-08-07,PROD-001,30,915.8916253558017
2021-08-08,PROD-001,17,1931.3848796078566
2021-08-09,PROD-001,44,1529.7794142833086
2021-08-10,PROD-001,42,4194.511370261007
2021-08-11,PROD-001,40,3276.720771892535
2021-08-12,PROD-001,37,3234.216967249837
2021-08-13,PROD-001,27,2729.908216709295
2021-08-14,PROD-001,22,3091.4477415596793
2021-08-15,PROD-001,29,2510.867839905636
2021-08-16,PROD-001,40,5363.694373950304
2021-08-17,PROD-001,36,5075.526936742338
2021-08-18,PROD-001,31,1157.6786738275816
2021-08-19,PROD-001,31,4175.443565795071
2021-08-20,PROD-001,34,2061.5314138150616
2021-08-21,PROD-001,19,983.445932012921
2021-08-22,PROD-001,19,1574.7747331759224
2021-08-23,PROD-001,38,5375.141565436278
2021-08-24,PROD-001,36,4793.902978825789
2021-08-25,PROD-001,36,1676.1410705417406
2021-08-26,PROD-001,29,2585.369939700906
2021-08-27,PROD-001,27,3644.4580543802167
2021-08-28,PROD-001,20,2042.7515002329267
2021-08-29,PROD-001,24,2686.551374116383
2021-08-30,PROD-001,45,4883.816470532075
2021-08-31,PROD-001,30,3488.7179955819415
2021-09-01,PROD-001,32,2384.557461771179
2021-09-02,PROD-001,46,4788.803356934487
2021-09-03,PROD-001,34,3264.2135651735975
2021-09-04,PROD-001,21,679.4184686444394
2021-09-05,PROD-001,23,2957.458917105772
2021-09-06,PROD-001,38,3167.4776509135245
2021-09-07,PROD-001,28,3153.0351225046443
2021-09-08,PROD-001,40,3112.1678646780983
2021-09-09,PROD-001,41,1890.8778316151715
2021-09-10,PROD-001,37,1467.3306594643134
2021-09-11,PROD-001,18,2370.526529439709
2021-09-12,PROD-001,26,846.6225855695271
2021-09-13,PROD-001,43,6092.381964981198
2021-09-14,PROD-001,28,911.8889291455027
2021-09-15,PROD-001,26,2783.1865237699576
2021-09-16,PROD-001,42,1813.683161638064
2021-09-17,PROD-001,29,3637.820428019759
2021-09-18,PROD-001,20,2929.5180128964325
2021-09-19,PROD-001,19,2080.7607423872387
2021-09-20,PROD-001,32,1182.1166318209393
2021-09-21,PROD-001,42,1986.5655012503491
2021-09-22,PROD-001,36,1401.5047444776822
2021-09-23,PROD-001,43,4811.635021786776
2021-09-24,PROD-001,32,969.4743948937671
2021-09-25,PROD-001,22,2631.4898487246996
2021-09-26,PROD-001,19,1824.4614235137558
2021-09-27,PROD-001,44,4308.621751699789
2021-09-28,PROD-001,43,5924.048226616496
2021-09-29,PROD-001,30,4329.437405280237
2021-09-30,PROD-001,37,1200.7820471833124
2021-10-01,PROD-001,25,3199.309800364539
2021-10-02,PROD-001,22,1752.6139084098043
2021-10-03,PROD-001,29,1727.3752168329631
2021-10-04,PROD-001,33,1605.2643876740478
2021-10-05,PROD-001,34,2308.8936706054847
2021-10-06,PROD-001,39,2579.762935137248
2021-10-07,PROD-001,38,3471.1361212584434
2021-10-08,PROD-001,30,3919.812303779975
2021-10-09,PROD-001,27,3865.8234040957495
2021-10-10,PROD-001,23,1758.204284072764
2021-10-11,PROD-001,36,3462.178509463054
2021-10-12,PROD-001,26,2732.722186610545
2021-10-13,PROD-001,34,2992.1348759295324
2021-10-14,PROD-001,40,5432.2234411724085
2021-10-15,PROD-001,24,1197.5677653909247
2021-10-16,PROD-001,16,1972.8579374342894
2021-10-17,PROD-001,28,2825.718343346428
2021-10-18,PROD-001,40,4817.459103576879
2021-10-19,PROD-001,26,717.5155030532237
2021-10-20,PROD-001,38,4653.796682834298
2021-10-21,PROD-001,41,5355.422994696482
2021-10-22,PROD-001,32,1710.195794950876
2021-10-23,PROD-001,19,2482.0175864162647
2021-10-24,PROD-001,28,1736.9200031436887
2021-10-25,PROD-001,33,4078.990300571099
2021-10-26,PROD-001,27,720.3730798406967
2021-10-27,PROD-001,44,1401.7281862625455
2021-10-28,PROD-001,27,1524.988080136331
2021-10-29,PROD-001,35,4414.96981878946
2021-10-30,PROD-001,18,2457.004973925294
2021-10-31,PROD-001,20,2403.223289587091
2021-11-01,PROD-001,40,3297.9840313987866
2021-11-02,PROD-001,40,5129.005864079235
2021-11-03,PROD-001,33,2296.251434571511
2021-11-04,PROD-001,30,834.5109574040293
2021-11-05,PROD-001,29,2681.870973817047
2021-11-06,PROD-001,26,1195.408854177808
2021-11-07,PROD-001,23,3005.323159264522
2021-11-08,PROD-001,40,3954.250415701953
2021-11-09,PROD-001,24,1448.2370392493415
2021-11-10,PROD-001,32,4350.340633397616
2021-11-11,PROD-001,27,2968.8797203747267
2021-11-12,PROD-001,38,2105.2202901302553
2021-11-13,PROD-001,19,2659.1711760286266
2021-11-14,PROD-001,21,2078.1955126486478
2021-11-15,PROD-001,33,3938.4707417799027
2021-11-16,PROD-001,31,4612.404069727206
2021-11-17,PROD-001,40,4487.411735174195
2021-11-18,PROD-001,39,2533.1276326676866
2021-11-19,PROD-001,34,3510.6527963271583
2021-11-20,PROD-001,21,2046.295559676102
2021-11-21,PROD-001,18,1197.594078385675
2021-11-22,PROD-001,39,984.4978107381714
2021-11-23,PROD-001,35,3070.2030125513006
2021-11-24,PROD-001,41,5180.82361939247
2021-11-25,PROD-001,41,6125.774084254685
2021-11-26,PROD-001,27,3991.8443863506245
2021-11-27,PROD-001,24,703.0064369994748
2021-11-28,PROD-001,17,1316.0999911949227
2021-11-29,PROD-001,25,3674.601739213473
2021-11-30,PROD-001,31,4569.638122878813
2021-12-01,PROD-001,28,3391.3679102029164
2021-12-02,PROD-001,40,1099.249106274071
2021-12-03,PROD-001,31,2538.4883435334086
2021-12-04,PROD-001,15,2134.835226742417
2021-12-05,PROD-001,15,383.36523883549427
2021-12-06,PROD-001,36,4763.0717951958195
2021-12-07,PROD-001,31,1200.5321743479813
2021-12-08,PROD-001,30,2797.270962638203
2021-12-09,PROD-001,39,2556.6737807885843
2021-12-10,PROD-001,28,2199.9512203960066
2021-12-11,PROD-001,15,2243.1615499102595
2021-12-12,PROD-001,26,1684.9507867742673
2021-12-13,PROD-001,23,957.4089208157723
2021-12-14,PROD-001,24,1448.425562088998
2021-12-15,PROD-001,27,3162.3392221736985
2021-12-16,PROD-001,25,2551.750735848492
2021-12-17,PROD-001,37,3739.590538499122
2021-12-18,PROD-001,19,1533.7749152195463
2021-12-19,PROD-001,21,2165.9188368036907
2021-12-20,PROD-001,27,1861.6166919480306
2021-12-21,PROD-001,27,2553.765756721552
2021-12-22,PROD-001,25,3733.371879066269
2021-12-23,PROD-001,25,2432.4436133875097
2021-12-24,PROD-001,29,3434.581483701516
2021-12-25,PROD-001,25,1127.1547866250246
2021-12-26,PROD-001,17,2149.938429464794
2021-12-27,PROD-001,22,2429.691592119799
2021-12-28,PROD-001,37,1251.7725203439315
2021-12-29,PROD-001,28,2885.0220120698714
2021-12-30,PROD-001,32,1862.9794872570271
2021-12-31,PROD-001,35,2554.564324690966
2022-01-01,PROD-001,24,3334.4512630463787
2022-01-02,PROD-001,20,2885.2957917827453
2022-01-03,PROD-001,25,3231.941946894953
2022-01-04,PROD-001,30,3344.6135316067393
2022-01-05,PROD-001,35,2066.9047273779643
2022-01-06,PROD-001,22,1371.9276001932324
2022-01-07,PROD-001,24,1388.9206760800157
2022-01-08,PROD-001,23,3001.506791006015
2022-01-09,PROD-001,20,1907.6564537187583
2022-01-10,PROD-001,34,2633.6317541887433
2022-01-11,PROD-001,34,1238.772707541902
2022-01-12,PROD-001,38,4488.2258708306035
2022-01-13,PROD-001,28,3036.7915741569595
2022-01-14,PROD-001,22,1012.3844315792128
2022-01-15,PROD-001,21,2568.5771938162925
2022-01-16,PROD-001,19,1736.5386136634224
2022-01-17,PROD-001,28,3659.680501082157
2022-01-18,PROD-001,26,2316.759119508927
2022-01-19,PROD-001,23,1196.7508472774975
2022-01-20,PROD-001,22,2712.777700564847
2022-01-21,PROD-001,31,1934.986761241526
2022-01-22,PROD-001,23,871.4362704637722
2022-01-23,PROD-001,16,717.7989441235862
2022-01-24,PROD-001,23,1860.738576219697
2022-01-25,PROD-001,21,2844.4638106663488
2022-01-26,PROD-001,24,1897.0284638658281
2022-01-27,PROD-001,25,655.0371086127551
2022-01-28,PROD-001,34,3241.6821785648726
2022-01-29,PROD-001,15,1818.8790819958228
2022-01-30,PROD-001,18,1762.7151015892937
2022-01-31,PROD-001,20,1339.4019033310894
2022-02-01,PROD-001,30,3684.445876323494
2022-02-02,PROD-001,28,1147.0852176368583
2022-02-03,PROD-001,26,2007.5730869870913
2022-02-04,PROD-001,20,1819.716152242697
2022-02-05,PROD-001,21,2478.0218305048484
2022-02-06,PROD-001,20,2979.1620274758507
2022-02-07,PROD-001,25,1358.7818385119285
2022-02-08,PROD-001,34,1604.1836864695183
2022-02-09,PROD-001,35,4247.168611276153
2022-02-10,PROD-001,22,3175.6969347856375
2022-02-11,PROD-001,20,2098.4973372201307
2022-02-12,PROD-001,15,1818.0936892392353
2022-02-13,PROD-001,21,2147.306384336269
2022-02-14,PROD-001,24,3009.9989976259376
2022-02-15,PROD-001,29,1260.3235523010414
2022-02-16,PROD-001,31,2969.1893693494167
2022-02-17,PROD-001,34,4043.8848133450256
2022-02-18,PROD-001,30,2655.949555624606
2022-02-19,PROD-001,19,2255.2285132438915
2022-02-20,PROD-001,15,1596.2983348741627
2022-02-21,PROD-001,23,2896.0817127725886
2022-02-22,PROD-001,33,2384.440505858248
2022-02-23,PROD-001,29,1726.0926103847335
2022-02-24,PROD-001,22,3226.749661780568
2022-02-25,PROD-001,35,3832.260748137501
2022-02-26,PROD-001,13,1142.6410031137157
2022-02-27,PROD-001,14,1522.616605282471
2022-02-28,PROD-001,29,3239.135607951443
2022-03-01,PROD-001,31,4647.093504615052
2022-03-02,PROD-001,24,2177.9291797328983
2022-03-03,PROD-001,32,2507.62434168206
2022-03-04,PROD-001,20,2648.2079577347586
2022-03-05,PROD-001,16,570.3398561907974
2022-03-06,PROD-001,19,2692.760535170397
2022-03-07,PROD-001,24,3191.681656443071
2022-03-08,PROD-001,24,2387.392244838248
2022-03-09,PROD-001,20,2433.2490846060737
2022-03-10,PROD-001,34,1237.6078003212888
2022-03-11,PROD-001,33,2215.894515843433
2022-03-12,PROD-001,16,1324.3532277900997
2022-03-13,PROD-001,18,750.782908655511
2022-03-14,PROD-001,24,3596.523152873758
2022-03-15,PROD-001,33,4416.410437358618
2022-03-16,PROD-001,29,2326.0821492135674
2022-03-17,PROD-001,25,2039.1058934036075
2022-03-18,PROD-001,20,1517.03012312504
2022-03-19,PROD-001,13,1565.6381147587497
2022-03-20,PROD-001,20,2294.3569280905886
2022-03-21,PROD-001,32,3599.4992701309375
2022-03-22,PROD-001,22,3205.958331591908
2022-03-23,PROD-001,31,1915.0135861611868
2022-03-24,PROD-001,32,3827.553789035207
2022-03-25,PROD-001,23,3195.2008290487947
2022-03-26,PROD-001,18,2390.4428334538775
2022-03-27,PROD-001,16,1104.674125824958
2022-03-28,PROD-001,33,3651.1167686090303
2022-03-29,PROD-001,33,3936.4532760651455
2022-03-30,PROD-001,27,2133.708539834965
2022-03-31,PROD-001,28,3402.2427005665336
2022-04-01,PROD-001,34,2468.377524074133
2022-04-02,PROD-001,22,1474.8747581172688
2022-04-03,PROD-001,15,2133.690485417929
2022-04-04,PROD-001,26,3716.965278228708
2022-04-05,PROD-001,30,2900.6485926649393
2022-04-06,PROD-001,21,2193.617093019509
2022-04-07,PROD-001,25,2521.644856321464
2022-04-08,PROD-001,34,4213.0369931273135
2022-04-09,PROD-001,17,738.0345993658234
2022-04-10,PROD-001,15,1027.1936641363752
2022-04-11,PROD-001,31,3507.8544592468384
2022-04-12,PROD-001,22,2131.380727124378
2022-04-13,PROD-001,35,3009.426297888785
2022-04-14,PROD-001,22,939.259219853633
2022-04-15,PROD-001,37,5367.893549196999
2022-04-16,PROD-001,13,698.199680756222
2022-04-17,PROD-001,23,1349.1032427974753
2022-04-18,PROD-001,28,4096.454343339071
2022-04-19,PROD-001,24,2525.0972159005987
2022-04-20,PROD-001,22,2388.396111484812
2022-04-21,PROD-001,37,1580.1831455455992
2022-04-22,PROD-001,36,2054.6892875395897
2022-04-23,PROD-001,19,2415.3586977915566
2022-04-24,PROD-001,18,734.5871426573482
2022-04-25,PROD-001,26,3499.358628023191
2022-04-26,PROD-001,33,1150.0667661473453
2022-04-27,PROD-001,28,2518.6879041670086
2022-04-28,PROD-001,37,1453.0427504973015
2022-04-29,PROD-001,33,4588.979815203013
2022-04-30,PROD-001,20,2603.3199585050816
2022-05-01,PROD-001,24,2786.3163279245446
2022-05-02,PROD-001,34,3269.105197720321
2022-05-03,PROD-001,33,2605.1390620287852
2022-05-04,PROD-001,35,1819.1009733899432
2022-05-05,PROD-001,33,2670.886931297679
2022-05-06,PROD-001,27,975.9902728543935
2022-05-07,PROD-001,22,1639.9004940481807
2022-05-08,PROD-001,17,2164.2476517737596
2022-05-09,PROD-001,36,1829.1125936229441
2022-05-10,PROD-001,23,3083.427247172638
2022-05-11,PROD-001,38,2196.5266591521777
2022-05-12,PROD-001,39,5761.368405536639
2022-05-13,PROD-001,37,3847.43315808834
2022-05-14,PROD-001,16,1772.5362987228636
2022-05-15,PROD-001,23,2424.5138574592524
2022-05-16,PROD-001,35,3787.5418722769255
2022-05-17,PROD-001,38,4184.336354459427
2022-05-18,PROD-001,28,1451.4925971237844
2022-05-19,PROD-001,30,2747.158738807526
2022-05-20,PROD-001,39,1914.4183989776266
2022-05-21,PROD-001,22,2438.532530716733
2022-05-22,PROD-001,22,606.3354171568429
2022-05-23,PROD-001,23,3161.6467885768425
2022-05-24,PROD-001,37,3867.2652544333814
2022-05-25,PROD-001,39,1355.8430762288629
2022-05-26,PROD-001,25,3045.4948926239535
2022-05-27,PROD-001,38,3368.8306920562704
2022-05-28,PROD-001,17,977.2808544779438
2022-05-29,PROD-001,14,891.1528344360169
2022-05-30,PROD-001,37,1086.836148554332
2022-05-31,PROD-001,35,2607.2320825444713
2022-06-01,PROD-001,23,927.91798533792
2022-06-02,PROD-001,34,4538.336129991961
2022-06-03,PROD-001,37,1515.25391417881
2022-06-04,PROD-001,18,1844.0288196929973
2022-06-05,PROD-001,16,2224.402345908554
2022-06-06,PROD-001,40,3455.3717608740567
2022-06-07,PROD-001,39,5759.9679922290015
2022-06-08,PROD-001,28,2341.719295360782
2022-06-09,PROD-001,32,1201.0964672897485
2022-06-10,PROD-001,38,3348.281635575801
2022-06-11,PROD-001,22,2364.308513510259
2022-06-12,PROD-001,19,2441.039496931066
2022-06-13,PROD-001,34,4288.368081572202
2022-06-14,PROD-001,24,853.3273088905107
2022-06-15,PROD-001,30,2399.0799151362426
2022-06-16,PROD-001,41,3133.192674500704
2022-06-17,PROD-001,32,4752.352224371267
2022-06-18,PROD-001,20,1653.204147392338
2022-06-19,PROD-001,20,2743.6268643941953
2022-06-20,PROD-001,37,1264.3783963927588
2022-06-21,PROD-001,33,3416.291637969437
2022-06-22,PROD-001,35,3545.065292250813
2022-06-23,PROD-001,28,3868.8985657444878
2022-06-24,PROD-001,38,3101.308581776382
2022-06-25,PROD-001,17,1572.2919962143849
2022-06-26,PROD-001,24,2801.221076255393
2022-06-27,PROD-001,35,2511.506638141305
2022-06-28,PROD-001,28,1254.5192542173563
2022-06-29,PROD-001,33,2128.1868513343056
2022-06-30,PROD-001,26,3725.175089645254
2022-07-01,PROD-001,43,4657.390957082977
2022-07-02,PROD-001,17,605.309874932912
2022-07-03,PROD-001,24,2405.924994405921
2022-07-04,PROD-001,36,1626.6733816085514
2022-07-05,PROD-001,29,2997.646823500194
2022-07-06,PROD-001,35,4864.6548930248755
2022-07-07,PROD-001,30,2027.5524369163893
2022-07-08,PROD-001,36,3486.133150985114
2022-07-09,PROD-001,19,1265.9979207601161
2022-07-10,PROD-001,16,949.2288179167186
2022-07-11,PROD-001,24,3510.423044941986
2022-07-12,PROD-001,31,4644.422000858107
2022-07-13,PROD-001,28,967.5167420870796
2022-07-14,PROD-001,36,5334.396094419231
2022-07-15,PROD-001,41,3126.662149146318
2022-07-16,PROD-001,26,1667.1612814946009
2022-07-17,PROD-001,25,1310.7808156808692
2022-07-18,PROD-001,30,4189.589350595736
2022-07-19,PROD-001,31,2165.526076830879
2022-07-20,PROD-001,35,2753.2308767326986
2022-07-21,PROD-001,37,1330.2045197845728
2022-07-22,PROD-001,35,4798.402881389542
2022-07-23,PROD-001,25,2082.4543181451045
2022-07-24,PROD-001,21,2827.553477453227
2022-07-25,PROD-001,39,4297.250760959807
2022-07-26,PROD-001,39,3995.653224184262
2022-07-27,PROD-001,45,6740.1627877224955
2022-07-28,PROD-001,35,5011.545435633066
2022-07-29,PROD-001,42,5877.5514806820165
2022-07-30,PROD-001,24,2943.1779988263306
2022-07-31,PROD-001,22,1669.1453274834626
2022-08-01,PROD-001,30,3015.4430141854464
2022-08-02,PROD-001,26,3746.125377429844
2022-08-03,PROD-001,32,4152.164771946049
2022-08-04,PROD-001,37,3035.6594987279777
2022-08-05,PROD-001,30,3163.2296671950803
2022-08-06,PROD-001,21,1060.5174167057426
2022-08-07,PROD-001,22,3016.9865083883838
2022-08-08,PROD-001,31,3996.3356033745217
2022-08-09,PROD-001,45,2956.528571054403
2022-08-10,PROD-001,26,997.6810455993244
2022-08-11,PROD-001,41,3733.3668985480563
2022-08-12,PROD-001,31,947.545025428264
2022-08-13,PROD-001,25,3439.130715485802
2022-08-14,PROD-001,28,3791.768112801597
2022-08-15,PROD-001,46,1757.8533536880498
2022-08-16,PROD-001,28,3920.680337613656
2022-08-17,PROD-001,42,5634.422690146078
2022-08-18,PROD-001,30,3654.9720195040745
2022-08-19,PROD-001,41,2844.9927864341666
2022-08-20,PROD-001,24,740.6134728951537
2022-08-21,PROD-001,21,822.1428707110117
2022-08-22,PROD-001,36,4379.775454200135
2022-08-23,PROD-001,46,3423.7788254536617
2022-08-24,PROD-001,35,3780.4074039136754
2022-08-25,PROD-001,46,3586.697171544119
2022-08-26,PROD-001,34,2942.2797038683025
2022-08-27,PROD-001,18,1462.0137196007454
2022-08-28,PROD-001,20,2916.2449140843864
2022-08-29,PROD-001,33,2082.8879521957992
2022-08-30,PROD-001,26,2164.3264645006134
2022-08-31,PROD-001,26,1927.2092771926652
2022-09-01,PROD-001,40,3816.5779634765204
2022-09-02,PROD-001,46,2972.438025927222
2022-09-03,PROD-001,20,715.1509480754329
2022-09-04,PROD-001,18,939.6020716996879
2022-09-05,PROD-001,27,2326.156557815623
2022-09-06,PROD-001,37,3943.64004237889
2022-09-07,PROD-001,28,1626.099497141541
2022-09-08,PROD-001,37,4426.923934084148
2022-09-09,PROD-001,30,3724.9680498692296
2022-09-10,PROD-001,29,4340.994956709668
2022-09-11,PROD-001,25,2176.6700811682335
2022-09-12,PROD-001,45,2312.416229683298
2022-09-13,PROD-001,33,3752.610944106132
2022-09-14,PROD-001,40,5272.357210739294
2022-09-15,PROD-001,46,1778.9614519674515
2022-09-16,PROD-001,29,3606.268568293457
2022-09-17,PROD-001,18,1282.9374183411828
2022-09-18,PROD-001,17,2534.797788204159
2022-09-19,PROD-001,26,838.3326573236563
2022-09-20,PROD-001,33,3011.297086364566
2022-09-21,PROD-001,39,4854.648648625989
2022-09-22,PROD-001,42,4149.514471018378
2022-09-23,PROD-001,41,2963.568802123026
2022-09-24,PROD-001,26,1392.3683890647324
2022-09-25,PROD-001,28,3152.5757390426397
2022-09-26,PROD-001,35,2754.9716836908924
2022-09-27,PROD-001,45,1742.706390149841
2022-09-28,PROD-001,28,2441.783467618632
2022-09-29,PROD-001,37,3783.4263301806996
2022-09-30,PROD-001,39,4083.1724412340072
2022-10-01,PROD-001,28,1444.7751462812107
2022-10-02,PROD-001,17,2339.0992710653904
2022-10-03,PROD-001,33,2109.823540211606
2022-10-04,PROD-001,39,5177.72249892573
2022-10-05,PROD-001,34,1909.802172651016
2022-10-06,PROD-001,28,3213.0557686545303
2022-10-07,PROD-001,31,3700.4639526915666
2022-10-08,PROD-001,21,2198.8183295409763
2022-10-09,PROD-001,26,1131.6019884752088
2022-10-10,PROD-001,32,1257.9843386976581
2022-10-11,PROD-001,34,3768.4778631403547
2022-10-12,PROD-001,35,4823.851673049967
2022-10-13,PROD-001,28,2447.95047363933
2022-10-14,PROD-001,30,2740.3062665388984
2022-10-15,PROD-001,26,1330.564107706261
2022-10-16,PROD-001,23,1853.5363465940154
2022-10-17,PROD-001,32,4554.28006256576
2022-10-18,PROD-001,33,2169.650502353728
2022-10-19,PROD-001,37,1130.1683700082258
2022-10-20,PROD-001,29,2068.3498876617155
2022-10-21,PROD-001,32,2808.352370269651
2022-10-22,PROD-001,25,1028.2258618289513
2022-10-23,PROD-001,15,1636.5588273816027
2022-10-24,PROD-001,25,940.2188727157501
2022-10-25,PROD-001,30,4317.001199476861
2022-10-26,PROD-001,43,4019.949883777015
2022-10-27,PROD-001,42,4788.181914022263
2022-10-28,PROD-001,43,2637.9624404504657
2022-10-29,PROD-001,21,749.0560378563066
2022-10-30,PROD-001,18,2366.1754823887027
2022-10-31,PROD-001,30,4050.5901839522353
2022-11-01,PROD-001,31,1675.886034905757
2022-11-02,PROD-001,42,5043.625796506409
2022-11-03,PROD-001,38,2179.8783668090646
2022-11-04,PROD-001,42,1926.469567793828
2022-11-05,PROD-001,17,984.6180570867997
2022-11-06,PROD-001,18,2405.0369493674225
2022-11-07,PROD-001,32,1388.0018307688601
2022-11-08,PROD-001,33,1818.2414663363556
2022-11-09,PROD-001,32,1479.9256096218667
2022-11-10,PROD-001,39,2345.8547502086913
2022-11-11,PROD-001,28,3725.1340228839426
2022-11-12,PROD-001,27,3048.4273418568623
2022-11-13,PROD-001,22,2086.959660657883
2022-11-14,PROD-001,29,2516.7985434665416
2022-11-15,PROD-001,36,1932.1483175469643
2022-11-16,PROD-001,28,1714.3245323502003
2022-11-17,PROD-001,42,5873.721264087848
2022-11-18,PROD-001,40,3438.062317353397
2022-11-19,PROD-001,24,2096.5123486942557
2022-11-20,PROD-001,23,2234.5265034163317
2022-11-21,PROD-001,39,3328.6520444095127
2022-11-22,PROD-001,23,1031.7202770857537
2022-11-23,PROD-001,40,5057.738704134506
2022-11-24,PROD-001,38,1513.6944908446444
2022-11-25,PROD-001,39,2857.1915221311915
2022-11-26,PROD-001,16,1433.49704681431
2022-11-27,PROD-001,23,1782.9692809117191
2022-11-28,PROD-001,25,3721.799326836539
2022-11-29,PROD-001,34,2443.1321974137522
2022-11-30,PROD-001,39,2539.1197833590672
2022-12-01,PROD-001,28,3239.745895441716
2022-12-02,PROD-001,39,2081.2769982009536
2022-12-03,PROD-001,23,3168.756989444194
2022-12-04,PROD-001,19,2476.73065671444
2022-12-05,PROD-001,34,1185.932035959094
2022-12-06,PROD-001,39,2959.4067260867437
2022-12-07,PROD-001,37,1949.3062465261385
2022-12-08,PROD-001,27,1235.1600097559176
2022-12-09,PROD-001,27,1204.2149042142355
2022-12-10,PROD-001,24,3418.6000855922503
2022-12-11,PROD-001,17,2012.577299797991
2022-12-12,PROD-001,25,2701.696721047823
2022-12-13,PROD-001,30,1591.0065573132206
2022-12-14,PROD-001,24,2987.381116167032
2022-12-15,PROD-001,36,3775.746283643969
2022-12-16,PROD-001,25,1781.4200530556009
2022-12-17,PROD-001,18,1895.0369860731942
2022-12-18,PROD-001,16,1872.1609274928885
2022-12-19,PROD-001,31,2154.7514212110673
2022-12-20,PROD-001,29,4054.2276995339976
2022-12-21,PROD-001,38,1989.1292827697202
2022-12-22,PROD-001,21,1175.1085646565987
2022-12-23,PROD-001,37,4534.210093056999
2022-12-24,PROD-001,16,416.5309025115699
2022-12-25,PROD-001,17,911.3467466646302
2022-12-26,PROD-001,31,1211.078218999933
2022-12-27,PROD-001,26,3491.8229378173814
2022-12-28,PROD-001,36,4821.124512908732
2022-12-29,PROD-001,21,694.8676259429027
2022-12-30,PROD-001,34,3217.6890394777674
2022-12-31,PROD-001,18,484.6012050159559
2023-01-01,PROD-001,15,1465.9490834311432
2023-01-02,PROD-001,29,2581.8228592013184
2023-01-03,PROD-001,35,2916.208036377685
2023-01-04,PROD-001,28,2012.9746187987957
2023-01-05,PROD-001,28,3078.361774944931
2023-01-06,PROD-001,29,3839.815343987455
2023-01-07,PROD-001,14,1213.4241517408632
2023-01-08,PROD-001,17,2409.4957778361872
2023-01-09,PROD-001,32,3839.320153643377
2023-01-10,PROD-001,21,547.3262643346128
2023-01-11,PROD-001,21,2242.7913797493975
2023-01-12,PROD-001,28,2140.8590118384473
2023-01-13,PROD-001,31,2780.403099852321
2023-01-14,PROD-001,18,2454.6876402047337
2023-01-15,PROD-001,21,1440.5769027370477
2023-01-16,PROD-001,37,4154.2872844431195
2023-01-17,PROD-001,22,1202.6607438694386
2023-01-18,PROD-001,31,3565.545001712468
2023-01-19,PROD-001,29,2776.930989529142
2023-01-20,PROD-001,25,2756.7178703326254
2023-01-21,PROD-001,15,2089.3265176317927
2023-01-22,PROD-001,14,594.9924325270501
2023-01-23,PROD-001,32,3004.7435031173454
2023-01-24,PROD-001,22,3031.6905280286646
2023-01-25,PROD-001,34,4884.354680855677
2023-01-26,PROD-001,33,2934.244008195845
2023-01-27,PROD-001,26,2415.0948746129116
2023-01-28,PROD-001,14,1684.4436228147044
2023-01-29,PROD-001,22,1655.5244574958356
2023-01-30,PROD-001,32,2601.855797993154
2023-01-31,PROD-001,19,1311.5825862180384
2023-02-01,PROD-001,24,2593.4599380763566
2023-02-02,PROD-001,20,2134.273269940359
2023-02-03,PROD-001,26,939.8107852216344
2023-02-04,PROD-001,21,1008.4230446270251
2023-02-05,PROD-001,20,1534.8824895079129
2023-02-06,PROD-001,34,3102.738539688927
2023-02-07,PROD-001,35,2669.8186523324985
2023-02-08,PROD-001,23,2815.3229287170484
2023-02-09,PROD-001,21,1916.3007232674966
2023-02-10,PROD-001,32,1660.7002662151876
2023-02-11,PROD-001,15,1258.5027411263927
2023-02-12,PROD-001,12,563.0621909981285
2023-02-13,PROD-001,33,4556.453886012692
2023-02-14,PROD-001,31,3530.4086738686565
2023-02-15,PROD-001,22,3135.5999612024993
2023-02-16,PROD-001,20,1288.1468775094481
2023-02-17,PROD-001,29,3476.050589967391
2023-02-18,PROD-001,20,2598.9212919242536
2023-02-19,PROD-001,13,427.68224353303356
2023-02-20,PROD-001,20,2055.3637664986513
2023-02-21,PROD-001,35,4093.757478291441
2023-02-22,PROD-001,27,1325.0588489680072
2023-02-23,PROD-001,35,2840.9272584903356
2023-02-24,PROD-001,32,1358.9496818237435
2023-02-25,PROD-001,19,2577.905069534512
2023-02-26,PROD-001,19,959.9086427856491
2023-02-27,PROD-001,30,2292.8569729932715
2023-02-28,PROD-001,27,2926.337530216403
2023-03-01,PROD-001,26,2251.5998638911387
2023-03-02,PROD-001,31,1400.7335431021716
2023-03-03,PROD-001,30,1255.7657555091687
2023-03-04,PROD-001,17,495.37082789682705
2023-03-05,PROD-001,17,610.9464107536128
2023-03-06,PROD-001,25,3555.262315805413
2023-03-07,PROD-001,24,993.2738037666604
2023-03-08,PROD-001,28,2754.1138987443965
2023-03-09,PROD-001,22,1304.0464700096798
2023-03-10,PROD-001,19,1165.4182707442053
2023-03-11,PROD-001,20,2429.2624403488076
2023-03-12,PROD-001,16,1839.6497680690234
2023-03-13,PROD-001,26,2505.288607261219
2023-03-14,PROD-001,34,2543.056936653444
2023-03-15,PROD-001,28,3848.112963029731
2023-03-16,PROD-001,23,1839.387210403554
2023-03-17,PROD-001,31,4582.749256251278
2023-03-18,PROD-001,20,1221.602629120227
2023-03-19,PROD-001,15,610.4831271417204
2023-03-20,PROD-001,28,2618.470856053583
2023-03-21,PROD-001,24,2186.892109973371
2023-03-22,PROD-001,33,1704.0915839586967
2023-03-23,PROD-001,32,815.9399540747249
2023-03-24,PROD-001,19,1320.6321354053198
2023-03-25,PROD-001,18,2539.521057425059
2023-03-26,PROD-001,18,2564.1786013231813
2023-03-27,PROD-001,33,3304.959436207342
2023-03-28,PROD-001,21,697.4962372502891
2023-03-29,PROD-001,30,1614.7166367739298
2023-03-30,PROD-001,21,1506.4933121427239
2023-03-31,PROD-001,26,1879.8811113505344
2023-04-01,PROD-001,15,1803.2538858781086
2023-04-02,PROD-001,18,970.4090529249379
2023-04-03,PROD-001,19,975.314872550415
2023-04-04,PROD-001,33,3996.2976955404115
2023-04-05,PROD-001,20,1734.8210237832984
2023-04-06,PROD-001,26,2269.7960826181816
2023-04-07,PROD-001,35,4026.7805601686887
2023-04-08,PROD-001,18,670.2791054883833
2023-04-09,PROD-001,23,3008.3631591622952
2023-04-10,PROD-001,36,919.1757344700945
2023-04-11,PROD-001,24,2254.00747313468
2023-04-12,PROD-001,34,1030.4784925899835
2023-04-13,PROD-001,37,5067.923331268625
2023-04-14,PROD-001,32,1646.1887788195775
2023-04-15,PROD-001,15,943.8746695539774
2023-04-16,PROD-001,16,1456.6157353565711
2023-04-17,PROD-001,35,1359.010354876634
2023-04-18,PROD-001,31,4146.453670661965
2023-04-19,PROD-001,23,1223.1326975902045
2023-04-20,PROD-001,22,778.1638068855762
2023-04-21,PROD-001,25,3256.249544825164
2023-04-22,PROD-001,15,953.9739849904223
2023-04-23,PROD-001,20,521.440844758156
2023-04-24,PROD-001,31,4364.87718961589
2023-04-25,PROD-001,21,1152.7710767063218
2023-04-26,PROD-001,23,2705.768729679119
2023-04-27,PROD-001,29,4281.440543523344
2023-04-28,PROD-001,32,4429.312706689751
2023-04-29,PROD-001,22,2845.5419900094794
2023-04-30,PROD-001,13,1652.2492831069212
2023-05-01,PROD-001,24,2509.9127403034104
2023-05-02,PROD-001,26,3470.603237713651
2023-05-03,PROD-001,33,3851.539907585987
2023-05-04,PROD-001,31,1564.1707060355193
2023-05-05,PROD-001,36,3138.9330116777383
2023-05-06,PROD-001,22,2138.299306925256
2023-05-07,PROD-001,22,2715.6118770816224
2023-05-08,PROD-001,38,5695.355472770336
2023-05-09,PROD-001,23,3376.1971112369556
2023-05-10,PROD-001,33,1344.0463476410964
2023-05-11,PROD-001,38,2094.82815584692
2023-05-12,PROD-001,37,5437.652408862007
2023-05-13,PROD-001,20,2367.2292556057064
2023-05-14,PROD-001,19,1344.2673117593679
2023-05-15,PROD-001,27,3149.4295960403674
2023-05-16,PROD-001,37,3908.5510439722993
2023-05-17,PROD-001,25,3093.1975453543414
2023-05-18,PROD-001,31,2777.3275621556936
2023-05-19,PROD-001,27,1759.0346131518543
2023-05-20,PROD-001,15,1890.8996860345642
2023-05-21,PROD-001,25,691.9067190195865
2023-05-22,PROD-001,26,3028.6112804570757
2023-05-23,PROD-001,21,2684.1577284687605
2023-05-24,PROD-001,35,1509.9251634976658
2023-05-25,PROD-001,35,3778.6741998920756
2023-05-26,PROD-001,38,5647.6734783504335
2023-05-27,PROD-001,23,2452.182123258379
2023-05-28,PROD-001,14,1669.4928164187781
2023-05-29,PROD-001,33,2672.0663899985284
2023-05-30,PROD-001,26,1413.2811915748655
2023-05-31,PROD-001,35,4379.4301608883725
2023-06-01,PROD-001,28,4044.19393264552
2023-06-02,PROD-001,35,1086.7768918572417
2023-06-03,PROD-001,19,1742.4233518456308
2023-06-04,PROD-001,21,1748.5548014544665
2023-06-05,PROD-001,28,3921.583285197213
2023-06-06,PROD-001,31,1100.1267369786626
2023-06-07,PROD-001,30,923.9901328993409
2023-06-08,PROD-001,34,2613.355028746302
2023-06-09,PROD-001,40,1157.8410350249853
2023-06-10,PROD-001,22,1324.1403318456958
2023-06-11,PROD-001,24,1107.7606694924468
2023-06-12,PROD-001,28,1247.182445218013
2023-06-13,PROD-001,38,3513.10686388469
2023-06-14,PROD-001,32,1538.5290053089832
2023-06-15,PROD-001,34,3324.011344111742
2023-06-16,PROD-001,42,2398.5444422087867
2023-06-17,PROD-001,17,1641.2865964767395
2023-06-18,PROD-001,18,2196.934201192071
2023-06-19,PROD-001,41,3273.7855816733722
2023-06-20,PROD-001,41,5251.631418553673
2023-06-21,PROD-001,38,4097.439180158739
2023-06-22,PROD-001,38,4641.766833752733
2023-06-23,PROD-001,38,3216.5367001287996
2023-06-24,PROD-001,19,1561.8217360297317
2023-06-25,PROD-001,23,1978.7624343067857
2023-06-26,PROD-001,28,2155.619423319935
2023-06-27,PROD-001,37,5340.186024615925
2023-06-28,PROD-001,26,3742.0466916748646
2023-06-29,PROD-001,31,1446.517541956783
2023-06-30,PROD-001,32,3627.035698265665
2023-07-01,PROD-001,27,3623.399601547384
2023-07-02,PROD-001,23,2624.6688656931265
2023-07-03,PROD-001,31,2033.8727811046108
2023-07-04,PROD-001,38,1765.4770787092586
2023-07-05,PROD-001,43,6238.489201926577
2023-07-06,PROD-001,34,3847.790668837308
2023-07-07,PROD-001,37,5091.293952361986
2023-07-08,PROD-001,15,851.4454543462217
2023-07-09,PROD-001,26,1558.1962723751703
2023-07-10,PROD-001,26,2698.844689242826
2023-07-11,PROD-001,28,3338.261925753375
2023-07-12,PROD-001,28,3590.8629222618906
2023-07-13,PROD-001,38,3458.383116057788
2023-07-14,PROD-001,41,1578.5475808846359
2023-07-15,PROD-001,27,2263.205945630075
2023-07-16,PROD-001,16,924.798602007986
2023-07-17,PROD-001,28,1512.6354802253604
2023-07-18,PROD-001,38,4313.477520599654
2023-07-19,PROD-001,39,2678.175376076115
2023-07-20,PROD-001,40,4393.8991061076995
2023-07-21,PROD-001,44,3945.0279748393928
2023-07-22,PROD-001,26,3347.759323594745
2023-07-23,PROD-001,28,984.279626533141
2023-07-24,PROD-001,31,1463.3082107611833
2023-07-25,PROD-001,38,3709.6759602326383
2023-07-26,PROD-001,26,3533.145314035617
2023-07-27,PROD-001,42,5935.648991232128
2023-07-28,PROD-001,37,2950.9808954390096
2023-07-29,PROD-001,25,3175.9462213598986
2023-07-30,PROD-001,23,1892.0449248785335
2023-07-31,PROD-001,38,1473.6664045309576
2023-08-01,PROD-001,28,3624.8423338086727
2023-08-02,PROD-001,34,857.45400548539
2023-08-03,PROD-001,38,3090.9876311186426
2023-08-04,PROD-001,37,4341.492477424296
2023-08-05,PROD-001,26,1921.954254621417
2023-08-06,PROD-001,20,2479.809864304828
2023-08-07,PROD-001,44,1549.1636966347614
2023-08-08,PROD-001,24,2072.9176798869225
2023-08-09,PROD-001,34,1434.9406282838602
2023-08-10,PROD-001,43,4838.203687491321
2023-08-11,PROD-001,37,5412.251106258791
2023-08-12,PROD-001,20,1374.0634806852604
2023-08-13,PROD-001,27,897.7343503537754
2023-08-14,PROD-001,31,2337.6782323767206
2023-08-15,PROD-001,27,1076.8607773034043
2023-08-16,PROD-001,26,886.5074372152297
2023-08-17,PROD-001,25,3668.655680805285
2023-08-18,PROD-001,26,1894.9375045332715
2023-08-19,PROD-001,27,689.927066307892
2023-08-20,PROD-001,16,1624.3458759061562
2023-08-21,PROD-001,40,5766.064340037906
2023-08-22,PROD-001,28,992.5810819534588
2023-08-23,PROD-001,41,5256.873147237558
2023-08-24,PROD-001,42,3477.5543254913937
2023-08-25,PROD-001,25,697.3895094993824
2023-08-26,PROD-001,22,685.9442309881719
2023-08-27,PROD-001,22,3171.843623165594
2023-08-28,PROD-001,36,3835.751416889873
2023-08-29,PROD-001,39,2934.1731572258277
2023-08-30,PROD-001,42,1887.9703904728503
2023-08-31,PROD-001,40,3550.1363553596952
2023-09-01,PROD-001,44,2661.3234978016626
2023-09-02,PROD-001,22,1464.5895445258336
2023-09-03,PROD-001,22,916.9110072954752
2023-09-04,PROD-001,32,832.9350205551293
2023-09-05,PROD-001,45,6670.530995764095
2023-09-06,PROD-001,29,3679.280205290456
2023-09-07,PROD-001,41,5698.943543044202
2023-09-08,PROD-001,33,2765.3945639457743
2023-09-09,PROD-001,26,2502.005574557303
2023-09-10,PROD-001,20,2891.5672928643603
2023-09-11,PROD-001,44,5569.0179911640025
2023-09-12,PROD-001,37,2186.79877360754
2023-09-13,PROD-001,34,1221.0258650865144
2023-09-14,PROD-001,30,2366.8180700622606
2023-09-15,PROD-001,27,2232.322282767643
2023-09-16,PROD-001,22,704.2024721444502
2023-09-17,PROD-001,21,1753.9710417767524
2023-09-18,PROD-001,36,2947.903730884328
2023-09-19,PROD-001,24,1499.119515352831
2023-09-20,PROD-001,32,2094.1044138776597
2023-09-21,PROD-001,28,3214.512289529236
2023-09-22,PROD-001,36,1118.5662781619762
2023-09-23,PROD-001,18,1492.7251980393266
2023-09-24,PROD-001,19,1340.2921210355241
2023-09-25,PROD-001,25,1105.214749632897
2023-09-26,PROD-001,32,859.5010703968275
2023-09-27,PROD-001,33,1043.8217397093883
2023-09-28,PROD-001,29,3912.637144358292
2023-09-29,PROD-001,43,1745.432544466152
2023-09-30,PROD-001,26,3735.6152381486568
2023-10-01,PROD-001,24,1958.5707642566485
2023-10-02,PROD-001,26,2443.2742902331515
2023-10-03,PROD-001,36,3179.4396621543465
2023-10-04,PROD-001,42,1242.537990557678
2023-10-05,PROD-001,25,1079.6947981435133
2023-10-06,PROD-001,43,5446.649246075143
2023-10-07,PROD-001,22,885.8358973441365
2023-10-08,PROD-001,23,1460.4549347983034
2023-10-09,PROD-001,26,2082.27755800816
2023-10-10,PROD-001,27,3448.6381218653137
2023-10-11,PROD-001,34,3603.7600148541505
2023-10-12,PROD-001,34,3230.0160339887398
2023-10-13,PROD-001,35,1657.5461222360277
2023-10-14,PROD-001,25,1148.6023116101758
2023-10-15,PROD-001,16,1815.85746078756
2023-10-16,PROD-001,32,1603.5538383025932
2023-10-17,PROD-001,40,2261.4899542269545
2023-10-18,PROD-001,42,1695.894161769442
2023-10-19,PROD-001,38,2388.3430461141274
2023-10-20,PROD-001,36,1266.8401146368033
2023-10-21,PROD-001,21,1465.3402534696115
2023-10-22,PROD-001,25,2931.398270541502
2023-10-23,PROD-001,25,2275.2650001228185
2023-10-24,PROD-001,39,5778.253391116898
2023-10-25,PROD-001,23,1365.379864822088
2023-10-26,PROD-001,33,904.7068855160419
2023-10-27,PROD-001,35,996.5783158359727
2023-10-28,PROD-001,19,2385.2883945762624
2023-10-29,PROD-001,16,1443.966136229594
2023-10-30,PROD-001,24,777.5925577011099
2023-10-31,PROD-001,31,3676.8806870296926
2023-11-01,PROD-001,36,4160.966999973591
2023-11-02,PROD-001,26,2784.269708335176
2023-11-03,PROD-001,42,3280.3044693755137
2023-11-04,PROD-001,26,3781.124323780733
2023-11-05,PROD-001,14,602.6918548306755
2023-11-06,PROD-001,27,1129.2158980543434
2023-11-07,PROD-001,33,3802.7998474501837
2023-11-08,PROD-001,30,1480.2131975385867
2023-11-09,PROD-001,38,1615.8577839054606
2023-11-10,PROD-001,26,3872.507245094214
2023-11-11,PROD-001,22,1624.0763208275862
2023-11-12,PROD-001,22,2922.1027593174886
2023-11-13,PROD-001,41,2540.707615400223
2023-11-14,PROD-001,32,3868.747515691501
2023-11-15,PROD-001,31,1667.1774035530343
2023-11-16,PROD-001,23,1146.343343139321
2023-11-17,PROD-001,38,2567.596005289139
2023-11-18,PROD-001,23,751.2066256079961
2023-11-19,PROD-001,14,2033.4292735813422
2023-11-20,PROD-001,31,3997.634404124768
2023-11-21,PROD-001,37,5040.184012455773
2023-11-22,PROD-001,22,2225.3293858858647
2023-11-23,PROD-001,34,2091.9451708251586
2023-11-24,PROD-001,33,2597.5271837481096
2023-11-25,PROD-001,22,666.3458657423915
2023-11-26,PROD-001,20,2041.091698326986
2023-11-27,PROD-001,27,776.5270833543638
2023-11-28,PROD-001,31,2272.871832783865
2023-11-29,PROD-001,26,3388.9928242000865
2023-11-30,PROD-001,32,1319.8235244011057
2023-12-01,PROD-001,33,1385.939920261755
2023-12-02,PROD-001,18,2301.61971705049
2023-12-03,PROD-001,20,1177.2697310078431
2023-12-04,PROD-001,31,2439.744794214716
2023-12-05,PROD-001,22,664.5365542763227
2023-12-06,PROD-001,24,3289.9493911606023
2023-12-07,PROD-001,35,5125.925041504523
2023-12-08,PROD-001,38,4574.846248412573
2023-12-09,PROD-001,14,1144.7382572864224
2023-12-10,PROD-001,19,1201.7544043712237
2023-12-11,PROD-001,39,1808.349499174159
2023-12-12,PROD-001,35,4902.600772759759
2023-12-13,PROD-001,21,1921.8225741785577
2023-12-14,PROD-001,35,4057.483437839423
2023-12-15,PROD-001,30,1568.0796401636383
2023-12-16,PROD-001,15,809.9714245963403
2023-12-17,PROD-001,20,2568.852354687408
2023-12-18,PROD-001,38,1391.0918527063232
2023-12-19,PROD-001,36,4057.1750457594217
2023-12-20,PROD-001,33,4276.209669440608
2023-12-21,PROD-001,28,3310.1175488164927
2023-12-22,PROD-001,37,3019.6581289621467
2023-12-23,PROD-001,17,1933.1265851474755
2023-12-24,PROD-001,19,571.6523776469737
2023-12-25,PROD-001,22,1453.3753411810055
2023-12-26,PROD-001,22,2416.689882632605
2023-12-27,PROD-001,20,2160.3595774336964
2023-12-28,PROD-001,21,2982.959980063135
2023-12-29,PROD-001,34,4601.032605415503
2023-12-30,PROD-001,22,2042.4298852506415
2023-12-31,PROD-001,21,669.3276847377809
2024-01-01,PROD-001,34,1490.8072066081975
2024-01-02,PROD-001,27,1185.0725829697535
2024-01-03,PROD-001,30,3916.5645885113913
2024-01-04,PROD-001,22,882.2128700823638
2024-01-05,PROD-001,32,1923.7912927813657
2024-01-06,PROD-001,22,2918.0767018238157
2024-01-07,PROD-001,15,2088.0486660340543
2024-01-08,PROD-001,25,3071.674898551677
2024-01-09,PROD-001,33,3550.9687646517687
2024-01-10,PROD-001,31,3218.3757734399637
2024-01-11,PROD-001,24,2261.005608285878
2024-01-12,PROD-001,20,1726.6890149900696
2024-01-13,PROD-001,12,1606.4472424841956
2024-01-14,PROD-001,19,2369.916387650412
2024-01-15,PROD-001,23,2593.164965789234
2024-01-16,PROD-001,36,3323.635973150622
2024-01-17,PROD-001,34,2821.3083191329792
2024-01-18,PROD-001,30,4207.561129859139
2024-01-19,PROD-001,31,2945.072006126614
2024-01-20,PROD-001,12,1551.9499574897018
2024-01-21,PROD-001,16,862.910253384067
2024-01-22,PROD-001,32,2466.5409509771885
2024-01-23,PROD-001,22,1271.0696999601114
2024-01-24,PROD-001,26,1034.4604861751384
2024-01-25,PROD-001,20,1567.2269175020972
2024-01-26,PROD-001,20,2554.997988777096
2024-01-27,PROD-001,19,1316.6263415950011
2024-01-28,PROD-001,22,2104.161868057414
2024-01-29,PROD-001,34,1778.1245081560921
2024-01-30,PROD-001,22,1489.849504199277
2024-01-31,PROD-001,26,3299.7824042094135
2024-02-01,PROD-001,26,921.5709935893833
2024-02-02,PROD-001,24,2354.9549538617944
2024-02-03,PROD-001,13,1017.2964584543535
2024-02-04,PROD-001,15,592.2127703714473
2024-02-05,PROD-001,30,3024.959029315238
2024-02-06,PROD-001,33,2296.260059704241
2024-02-07,PROD-001,29,2012.6107257167619
2024-02-08,PROD-001,27,2636.9268489372134
2024-02-09,PROD-001,34,3339.240025360303
2024-02-10,PROD-001,19,736.0029329375567
2024-02-11,PROD-001,12,362.67037645669257
2024-02-12,PROD-001,34,3061.660737627542
2024-02-13,PROD-001,21,2530.0823995044157
2024-02-14,PROD-001,33,1990.0759771232606
2024-02-15,PROD-001,29,982.0287860783327
2024-02-16,PROD-001,23,2287.749497372989
2024-02-17,PROD-001,20,2927.967294675219
2024-02-18,PROD-001,17,1912.8355735100852
2024-02-19,PROD-001,31,3033.973651001025
2024-02-20,PROD-001,19,2744.9497788355934
2024-02-21,PROD-001,22,1175.7304739920428
2024-02-22,PROD-001,23,2168.61889678074
2024-02-23,PROD-001,19,668.6246387758864
2024-02-24,PROD-001,18,601.9424551087553
2024-02-25,PROD-001,22,1738.3185356130755
2024-02-26,PROD-001,19,2634.327215180763
2024-02-27,PROD-001,23,1488.1038828871585
2024-02-28,PROD-001,29,2989.105824825959
2024-02-29,PROD-001,20,2395.406389173568
2024-03-01,PROD-001,28,2295.270187050283
2024-03-02,PROD-001,20,528.0465582488607
2024-03-03,PROD-001,20,2170.4341360288477
2024-03-04,PROD-001,21,1429.8942556799695
2024-03-05,PROD-001,23,1604.079918657729
2024-03-06,PROD-001,23,1705.4463897637602
2024-03-07,PROD-001,24,1685.1792907834363
2024-03-08,PROD-001,27,4037.8210782022193
2024-03-09,PROD-001,16,1785.1305526180302
2024-03-10,PROD-001,18,869.5230722306815
2024-03-11,PROD-001,20,2816.0250464460005
2024-03-12,PROD-001,34,4734.685485200106
2024-03-13,PROD-001,32,2140.5827944793127
2024-03-14,PROD-001,30,2858.578076471865
2024-03-15,PROD-001,31,999.540911831641
2024-03-16,PROD-001,17,2253.3149012270533
2024-03-17,PROD-001,13,441.68293072072646
2024-03-18,PROD-001,32,4265.868233265799
2024-03-19,PROD-001,23,2780.444305834194
2024-03-20,PROD-001,33,4636.534964134457
2024-03-21,PROD-001,28,4016.7019229542902
2024-03-22,PROD-001,28,2386.621529021379
2024-03-23,PROD-001,12,1096.441747986119
2024-03-24,PROD-001,20,953.8353341816955
2024-03-25,PROD-001,26,2758.165335606307
2024-03-26,PROD-001,23,1071.7593545592886
2024-03-27,PROD-001,21,1338.121637159307
2024-03-28,PROD-001,27,1379.451952815697
2024-03-29,PROD-001,33,4390.918766924622
2024-03-30,PROD-001,17,1759.6573981374033
2024-03-31,PROD-001,12,1670.6672665854492
2024-04-01,PROD-001,24,1827.698428860277
2024-04-02,PROD-001,23,991.4682865085895
2024-04-03,PROD-001,23,2301.378866144187
2024-04-04,PROD-001,26,2216.332745305366
2024-04-05,PROD-001,28,3368.5547292433557
2024-04-06,PROD-001,14,1839.5544966263142
2024-04-07,PROD-001,21,998.7303908118307
2024-04-08,PROD-001,21,1893.881407885849
2024-04-09,PROD-001,22,2854.6648468668077
2024-04-10,PROD-001,28,3064.750300449961
2024-04-11,PROD-001,26,1546.3402880119156
2024-04-12,PROD-001,25,2468.2884143795745
2024-04-13,PROD-001,16,855.6423040281032
2024-04-14,PROD-001,14,2093.4542782607364
2024-04-15,PROD-001,28,3640.921811161593
2024-04-16,PROD-001,24,3467.809307053173
2024-04-17,PROD-001,31,2198.803296357101
2024-04-18,PROD-001,35,3024.218974062079
2024-04-19,PROD-001,25,3064.879645536213
2024-04-20,PROD-001,13,1559.7305218487388
2024-04-21,PROD-001,20,1482.5679214575089
2024-04-22,PROD-001,23,1618.3531110230363
2024-04-23,PROD-001,36,4451.451991152537
2024-04-24,PROD-001,31,2980.445967550044
2024-04-25,PROD-001,34,1262.8821033403517
2024-04-26,PROD-001,27,3768.579679112644
2024-04-27,PROD-001,23,2422.436897291293
2024-04-28,PROD-001,14,910.2342175462426
2024-04-29,PROD-001,22,2996.170037301895
2024-04-30,PROD-001,28,1543.5592367625409
2024-05-01,PROD-001,32,2657.0256735712246
2024-05-02,PROD-001,35,2628.8388941715125
2024-05-03,PROD-001,26,3419.1787019731432
2024-05-04,PROD-001,16,1834.2194747345195
2024-05-05,PROD-001,19,648.1429493720799
2024-05-06,PROD-001,36,2154.922688287288
2024-05-07,PROD-001,33,3834.7521305360638
2024-05-08,PROD-001,22,1900.3997287111283
2024-05-09,PROD-001,26,2463.360460761569
2024-05-10,PROD-001,22,1203.892654829736
2024-05-11,PROD-001,16,1893.639048854987
2024-05-12,PROD-001,17,2543.7114720669174
2024-05-13,PROD-001,36,4356.284531543418
2024-05-14,PROD-001,31,3943.5294612967496
2024-05-15,PROD-001,22,627.7216941933328
2024-05-16,PROD-001,31,2642.682448090021
2024-05-17,PROD-001,30,1579.0955725997876
2024-05-18,PROD-001,17,2524.727639536684
2024-05-19,PROD-001,18,2004.8320242552327
2024-05-20,PROD-001,31,3487.0137194313115
2024-05-21,PROD-001,30,3327.9246877973546
2024-05-22,PROD-001,27,3338.981965722784
2024-05-23,PROD-001,32,3562.793185399319
2024-05-24,PROD-001,24,1375.0181254223776
2024-05-25,PROD-001,19,1109.4004806666953
2024-05-26,PROD-001,16,573.1734662812132
2024-05-27,PROD-001,30,4191.021221504611
2024-05-28,PROD-001,34,4171.037649380817
2024-05-29,PROD-001,23,2641.4085666191454
2024-05-30,PROD-001,34,2203.807191964632
2024-05-31,PROD-001,36,3490.1763441474004
2024-06-01,PROD-001,25,3661.881792507562
2024-06-02,PROD-001,23,792.5110612122717
2024-06-03,PROD-001,32,3795.6292797745564
2024-06-04,PROD-001,29,739.6207941157751
2024-06-05,PROD-001,25,2974.6391409193566
2024-06-06,PROD-001,38,2766.1031275528394
2024-06-07,PROD-001,38,5203.366597211671
2024-06-08,PROD-001,22,1786.2168305948971
2024-06-09,PROD-001,22,2669.542637950923
2024-06-10,PROD-001,35,3170.0349365335196
2024-06-11,PROD-001,22,3101.258445526486
2024-06-12,PROD-001,40,5308.167998763738
2024-06-13,PROD-001,33,2974.8588275315033
2024-06-14,PROD-001,25,818.2410282683002
2024-06-15,PROD-001,20,1760.0027291580125
2024-06-16,PROD-001,15,1499.3812740295987
2024-06-17,PROD-001,32,3335.582864149361
2024-06-18,PROD-001,31,4607.865927350112
2024-06-19,PROD-001,27,1105.929520001572
2024-06-20,PROD-001,33,2289.3910156452575
2024-06-21,PROD-001,25,1529.0899880496377
2024-06-22,PROD-001,22,2077.446002384123
2024-06-23,PROD-001,15,570.1397348619081
2024-06-24,PROD-001,31,2535.7972634358157
2024-06-25,PROD-001,25,2041.9292411700817
2024-06-26,PROD-001,37,2428.1744076903315
2024-06-27,PROD-001,35,3603.842033923086
2024-06-28,PROD-001,32,1811.6669251511753
2024-06-29,PROD-001,18,521.6192356891314
2024-06-30,PROD-001,14,1394.4200694877568
2024-07-01,PROD-001,24,1653.2242393684671
2024-07-02,PROD-001,27,2462.5243460112624
2024-07-03,PROD-001,39,3469.497403068254
2024-07-04,PROD-001,28,2325.6281357049147
2024-07-05,PROD-001,41,2599.230453758135
2024-07-06,PROD-001,17,1375.1861637076818
2024-07-07,PROD-001,18,1955.397836535685
2024-07-08,PROD-001,30,913.6927923564538
2024-07-09,PROD-001,34,1985.3973569653888
2024-07-10,PROD-001,41,3553.3004533563126
2024-07-11,PROD-001,27,2196.3400395247413
2024-07-12,PROD-001,26,923.6756296959993
2024-07-13,PROD-001,23,2686.8184576236727
2024-07-14,PROD-001,21,1497.1052296851692
2024-07-15,PROD-001,35,3024.7876333552986
2024-07-16,PROD-001,28,3442.1585929761964
2024-07-17,PROD-001,39,2902.5770213149244
2024-07-18,PROD-001,27,2826.66715449887
2024-07-19,PROD-001,24,1396.4809901121703
2024-07-20,PROD-001,27,1964.4546013791419
2024-07-21,PROD-001,20,859.3938735760952
2024-07-22,PROD-001,28,1329.4662152284752
2024-07-23,PROD-001,36,4112.0491693223175
2024-07-24,PROD-001,36,4365.901059603008
2024-07-25,PROD-001,38,3805.0530857866725
2024-07-26,PROD-001,35,3963.0469145360657
2024-07-27,PROD-001,18,769.6721233594175
2024-07-28,PROD-001,23,1647.3113237988505
2024-07-29,PROD-001,33,1718.4034663766167
2024-07-30,PROD-001,32,1437.29963873618
2024-07-31,PROD-001,30,1109.330102626683
2024-08-01,PROD-001,43,3796.9092946585215
2024-08-02,PROD-001,36,4424.814566121816
2024-08-03,PROD-001,16,1683.5184121370771
2024-08-04,PROD-001,22,2077.1080845666206
2024-08-05,PROD-001,40,3624.8218639808424
2024-08-06,PROD-001,34,4429.315528817291
2024-08-07,PROD-001,31,2153.6341246656984
2024-08-08,PROD-001,24,648.0953803712118
2024-08-09,PROD-001,32,2800.0495230641277
2024-08-10,PROD-001,26,1195.1608219230802
2024-08-11,PROD-001,19,1479.0781943001714
2024-08-12,PROD-001,25,1666.7854902472527
2024-08-13,PROD-001,34,2795.8965147037347
2024-08-14,PROD-001,25,1370.7021790373221
2024-08-15,PROD-001,31,3698.7169647216065
2024-08-16,PROD-001,37,2786.8298685698674
2024-08-17,PROD-001,23,1581.511570799351
2024-08-18,PROD-001,25,1868.1150344007335
2024-08-19,PROD-001,28,1059.6867014825289
2024-08-20,PROD-001,43,4679.907938701148
2024-08-21,PROD-001,32,2839.218026519591
2024-08-22,PROD-001,42,3379.009084736798
2024-08-23,PROD-001,25,770.8568689213416
2024-08-24,PROD-001,19,2575.594429764335
2024-08-25,PROD-001,28,1299.3973593365647
2024-08-26,PROD-001,39,2561.342845966699
2024-08-27,PROD-001,30,2901.677939610052
2024-08-28,PROD-001,28,3931.568216517803
2024-08-29,PROD-001,39,4761.559645136268
2024-08-30,PROD-001,24,645.5198295310155
2024-08-31,PROD-001,27,1363.6855791342425
2024-09-01,PROD-001,27,3058.1780703428485
2024-09-02,PROD-001,43,2889.0308571026058
2024-09-03,PROD-001,40,5993.1624057867475
2024-09-04,PROD-001,44,3086.356663113819
2024-09-05,PROD-001,41,5227.885032630207
2024-09-06,PROD-001,25,1262.700592178916
2024-09-07,PROD-001,17,1930.44405587288
2024-09-08,PROD-001,23,2039.8174683556142
2024-09-09,PROD-001,28,2369.832044466898
2024-09-10,PROD-001,32,2526.9244323744642
2024-09-11,PROD-001,28,1459.1059122251727
2024-09-12,PROD-001,38,1160.694474747619
2024-09-13,PROD-001,28,4061.096497720862
2024-09-14,PROD-001,19,920.9801659958547
2024-09-15,PROD-001,23,2328.655779895883
2024-09-16,PROD-001,41,2479.2294249739257
2024-09-17,PROD-001,27,3469.9471022406547
2024-09-18,PROD-001,37,2889.080642340494
2024-09-19,PROD-001,40,3553.7617833396
2024-09-20,PROD-001,36,1025.1948115899968
2024-09-21,PROD-001,20,1933.0470084117812
2024-09-22,PROD-001,20,2117.405371885714
2024-09-23,PROD-001,36,2113.337008048215
2024-09-24,PROD-001,25,791.4627541778326
2024-09-25,PROD-001,33,4300.674765730389
2024-09-26,PROD-001,37,2389.0568760469027
2024-09-27,PROD-001,30,2597.673025171013
2024-09-28,PROD-001,20,1995.7091849585597
2024-09-29,PROD-001,24,1578.0468739192352
2024-09-30,PROD-001,32,2960.185172205605
2024-10-01,PROD-001,30,1925.6865960634375
2024-10-02,PROD-001,31,2707.966467091234
2024-10-03,PROD-001,43,4159.570675728382
2024-10-04,PROD-001,30,1619.4142233740417
2024-10-05,PROD-001,19,1983.3747504780674
2024-10-06,PROD-001,27,3264.0037590338325
2024-10-07,PROD-001,30,3188.827177303416
2024-10-08,PROD-001,36,3031.1400935734355
2024-10-09,PROD-001,31,1234.8557041623942
2024-10-10,PROD-001,34,851.1331739819609
2024-10-11,PROD-001,32,3489.3057521992027
2024-10-12,PROD-001,23,1051.586631043748
2024-10-13,PROD-001,16,1157.6647962964287
2024-10-14,PROD-001,32,2061.1182929320985
2024-10-15,PROD-001,29,3491.953679421387
2024-10-16,PROD-001,26,2656.7010415613972
2024-10-17,PROD-001,25,1503.6051709395626
2024-10-18,PROD-001,25,3710.5159417180275
2024-10-19,PROD-001,27,3615.1572211399757
2024-10-20,PROD-001,21,870.2901532777059
2024-10-21,PROD-001,41,5413.137856753379
2024-10-22,PROD-001,39,1090.1672338167623
2024-10-23,PROD-001,31,2896.8566831445128
2024-10-24,PROD-001,28,2530.433173249995
2024-10-25,PROD-001,35,5106.661656740934
2024-10-26,PROD-001,18,1454.5958624104876
2024-10-27,PROD-001,15,1935.3402476769843
2024-10-28,PROD-001,23,2297.273190648054
2024-10-29,PROD-001,24,1999.0608936539745
2024-10-30,PROD-001,23,3389.1674961550048
2024-10-31,PROD-001,38,3917.9082301002954
2024-11-01,PROD-001,36,4443.08823680348
2024-11-02,PROD-001,23,3334.756481479556
2024-11-03,PROD-001,15,2021.4175107001465
2024-11-04,PROD-001,36,4162.5892447567185
2024-11-05,PROD-001,28,4021.939174302408
2024-11-06,PROD-001,33,4727.994308879241
2024-11-07,PROD-001,26,2492.6449546306017
2024-11-08,PROD-001,31,3429.337920109071
2024-11-09,PROD-001,15,2213.5382675365154
2024-11-10,PROD-001,17,2230.4941850468344
2024-11-11,PROD-001,39,5411.777401883683
2024-11-12,PROD-001,23,3092.09874081628
2024-11-13,PROD-001,33,3303.735829479021
2024-11-14,PROD-001,30,2848.914655945784
2024-11-15,PROD-001,27,3163.016635392583
2024-11-16,PROD-001,14,499.79821341695845
2024-11-17,PROD-001,19,895.3409212351214
2024-11-18,PROD-001,27,2482.187154765761
2024-11-19,PROD-001,24,2265.035086813776
2024-11-20,PROD-001,26,2670.806233541709
2024-11-21,PROD-001,34,1196.4291291131865
2024-11-22,PROD-001,28,1551.5476918604002
2024-11-23,PROD-001,20,1113.6336747516152
2024-11-24,PROD-001,13,1327.5592731131787
2024-11-25,PROD-001,30,4067.4089844593277
2024-11-26,PROD-001,28,3767.622323724579
2024-11-27,PROD-001,26,1955.9838355870452
2024-11-28,PROD-001,39,4777.1292059719235
2024-11-29,PROD-001,30,1802.2906546113281
2024-11-30,PROD-001,24,1563.774409787648
2024-12-01,PROD-001,17,1168.0432376430986
2024-12-02,PROD-001,36,1368.9011825196199
2024-12-03,PROD-001,35,2164.8062200151376
2024-12-04,PROD-001,30,3897.846768122017
2024-12-05,PROD-001,21,1092.9205107335417
2024-12-06,PROD-001,36,2921.7136547263144
2024-12-07,PROD-001,20,1531.571587994124
2024-12-08,PROD-001,23,1892.9209590234257
2024-12-09,PROD-001,32,1607.2679154820116
2024-12-10,PROD-001,33,1442.505615947105
2024-12-11,PROD-001,36,3523.616562565776
2024-12-12,PROD-001,25,1321.4532373303946
2024-12-13,PROD-001,24,975.353967491021
2024-12-14,PROD-001,21,2828.557793939352
2024-12-15,PROD-001,16,1574.673529169024
2024-12-16,PROD-001,24,1410.7290943155904
2024-12-17,PROD-001,30,2558.6920586453166
2024-12-18,PROD-001,33,940.5111943886318
2024-12-19,PROD-001,21,3080.8530787993177
2024-12-20,PROD-001,28,2742.1160492621952
2024-12-21,PROD-001,13,837.0219401032082
2024-12-22,PROD-001,18,847.5969401259812
2024-12-23,PROD-001,23,2360.4638949258056
2024-12-24,PROD-001,36,910.4225450196868
2024-12-25,PROD-001,35,1423.104873794391
2024-12-26,PROD-001,26,2438.807824168236
2024-12-27,PROD-001,22,1578.5988469083557
2024-12-28,PROD-001,22,1401.264355695458
2024-12-29,PROD-001,21,1089.4257134074287
2024-12-30,PROD-001,23,1212.8368933457295
2024-12-31,PROD-001,35,2126.862424959664
2025-01-01,PROD-001,22,1471.4259892033624
2025-01-02,PROD-001,23,1757.085056151002
2025-01-03,PROD-001,25,1661.0001162884998
2025-01-04,PROD-001,15,2140.376491467843
2025-01-05,PROD-001,13,1514.916225170255
2025-01-06,PROD-001,24,2529.079517519729
2025-01-07,PROD-001,30,3282.9969038830245
2025-01-08,PROD-001,20,1977.7552100230746
2025-01-09,PROD-001,30,4465.961435235045
2025-01-10,PROD-001,21,2670.4228289190323
2025-01-11,PROD-001,20,1202.851125521931
2025-01-12,PROD-001,16,1516.9304982476406
2025-01-13,PROD-001,33,3474.4090102903388
2025-01-14,PROD-001,22,2017.9723785463577
2025-01-15,PROD-001,31,3308.545175957397
2025-01-16,PROD-001,35,2179.2166633578117
2025-01-17,PROD-001,34,3679.781388933382
2025-01-18,PROD-001,15,979.032087949445
2025-01-19,PROD-001,14,690.263633539388
2025-01-20,PROD-001,28,2100.6087486010765
2025-01-21,PROD-001,25,781.4290729852706
2025-01-22,PROD-001,33,4813.859121977929
2025-01-23,PROD-001,33,1905.2161806351805
2025-01-24,PROD-001,25,3591.396241672241
2025-01-25,PROD-001,14,2006.3091539562845
2025-01-26,PROD-001,13,1210.689884758585
2025-01-27,PROD-001,31,4601.967990998682
2025-01-28,PROD-001,27,2120.355571992903
2025-01-29,PROD-001,34,2663.0268928060236
2025-01-30,PROD-001,33,1867.8102597002828
2025-01-31,PROD-001,25,3746.4470786161287
2025-02-01,PROD-001,17,1115.0104541988728
2025-02-02,PROD-001,22,1272.5542845441068
2025-02-03,PROD-001,31,2721.4134990583275
2025-02-04,PROD-001,31,1577.5835811579739
2025-02-05,PROD-001,26,3769.721975229783
2025-02-06,PROD-001,26,1180.8851618536032
2025-02-07,PROD-001,31,3269.64014786777
2025-02-08,PROD-001,21,1326.2700855878115
2025-02-09,PROD-001,14,2030.7719707136278
2025-02-10,PROD-001,22,1984.0739689952165
2025-02-11,PROD-001,22,2367.1048195281614
2025-02-12,PROD-001,28,3607.071414036477
2025-02-13,PROD-001,30,4253.844156572101
2025-02-14,PROD-001,22,1077.0279843316657
2025-02-15,PROD-001,15,889.1770048086128
2025-02-16,PROD-001,15,1403.9388143755027
2025-02-17,PROD-001,30,4421.874913361144
2025-02-18,PROD-001,25,2000.4518321661603
2025-02-19,PROD-001,32,2100.306865168672
2025-02-20,PROD-001,24,870.088105567807
2025-02-21,PROD-001,28,3767.8979796608082
2025-02-22,PROD-001,18,830.8103524391419
2025-02-23,PROD-001,18,1953.9679233608724
2025-02-24,PROD-001,19,1859.1126236358778
2025-02-25,PROD-001,18,2357.0198731737337
2025-02-26,PROD-001,27,3055.856596964296
2025-02-27,PROD-001,29,2375.2112210486307
2025-02-28,PROD-001,30,1503.8734855731423
2025-03-01,PROD-001,15,1005.4498374166267
2025-03-02,PROD-001,21,2596.0807141250643
2025-03-03,PROD-001,21,1722.151971966294
2025-03-04,PROD-001,31,2479.181624852428
2025-03-05,PROD-001,32,2195.1951731905156
2025-03-06,PROD-001,28,1431.13067182681
2025-03-07,PROD-001,20,1249.5178925489406
2025-03-08,PROD-001,15,2204.522672764214
2025-03-09,PROD-001,12,1264.156998461113
2025-03-10,PROD-001,25,1518.7516221544602
2025-03-11,PROD-001,32,3522.720823837131
2025-03-12,PROD-001,19,1455.4272875349518
2025-03-13,PROD-001,30,3263.190593383303
2025-03-14,PROD-001,21,1157.8320050146376
2025-03-15,PROD-001,14,1266.0641284916865
2025-03-16,PROD-001,16,2099.198319729129
2025-03-17,PROD-001,30,976.4208278267042
2025-03-18,PROD-001,30,2597.8366884907796
2025-03-19,PROD-001,22,2849.317488047066
2025-03-20,PROD-001,21,2150.886165041189
2025-03-21,PROD-001,28,3858.5818158096213
2025-03-22,PROD-001,16,1072.5109352544255
2025-03-23,PROD-001,21,834.3869621871725
2025-03-24,PROD-001,25,1213.040334924742
2025-03-25,PROD-001,25,661.0906597724124
2025-03-26,PROD-001,19,1530.898314678579
2025-03-27,PROD-001,31,2403.082949732603
2025-03-28,PROD-001,20,1569.1229981107963
2025-03-29,PROD-001,14,2048.9083251830634
2025-03-30,PROD-001,17,1454.6485273920246
2025-03-31,PROD-001,26,2922.169887247334
2025-04-01,PROD-001,34,3304.9002142552713
2025-04-02,PROD-001,32,1780.3646402669656
2025-04-03,PROD-001,34,5093.867838773684
2025-04-04,PROD-001,35,5228.953805606445
2025-04-05,PROD-001,16,671.8969089019223
2025-04-06,PROD-001,21,572.6443093002582
2025-04-07,PROD-001,21,3013.024908890304
2025-04-08,PROD-001,27,3552.6838991359114
2025-04-09,PROD-001,20,1469.4358293804694
2025-04-10,PROD-001,34,1209.8834386522071
2025-04-11,PROD-001,21,2137.821574131789
2025-04-12,PROD-001,21,2682.1555828995797
2025-04-13,PROD-001,15,2138.8490557287987
2025-04-14,PROD-001,28,3860.053263484191
2025-04-15,PROD-001,34,4405.003594449718
2025-04-16,PROD-001,24,1800.633004372342
2025-04-17,PROD-001,30,2825.8981180301735
2025-04-18,PROD-001,21,2924.355714605503
2025-04-19,PROD-001,13,1673.6599784170267
2025-04-20,PROD-001,21,1987.0342220581051
2025-04-21,PROD-001,34,5069.067131315754
2025-04-22,PROD-001,28,3489.53245263782
2025-04-23,PROD-001,33,3423.536187428324
2025-04-24,PROD-001,29,2978.306708235908
2025-04-25,PROD-001,22,2012.6738783429023
2025-04-26,PROD-001,19,2220.520904920967
2025-04-27,PROD-001,22,633.6683794788785
2025-04-28,PROD-001,33,4302.207719577537
2025-04-29,PROD-001,27,2038.8467892701337
2025-04-30,PROD-001,20,2959.571937459119
2025-05-01,PROD-001,27,3715.9725983128874
2025-05-02,PROD-001,23,2723.960551817713
2025-05-03,PROD-001,14,1186.7920517411508
2025-05-04,PROD-001,20,1030.9187775349023
2025-05-05,PROD-001,20,1822.7063036448308
2025-05-06,PROD-001,35,1875.2853901979495
2025-05-07,PROD-001,33,2996.4186824270773
2025-05-08,PROD-001,20,2555.5666051084077
2025-05-09,PROD-001,30,4259.0115702012745
2025-05-10,PROD-001,20,2621.2744330402247
2025-05-11,PROD-001,19,2416.298087205341
2025-05-12,PROD-001,35,3263.1051309118793
2025-05-13,PROD-001,32,3913.2934518585575
2025-05-14,PROD-001,27,2795.336412961444
2025-05-15,PROD-001,34,2073.279081805029
2025-05-16,PROD-001,27,1211.9359541489907
2025-05-17,PROD-001,20,1261.7285881920404
2025-05-18,PROD-001,15,1690.3424668908447
2025-05-19,PROD-001,27,2976.5764618348044
2025-05-20,PROD-001,29,1195.2097060074207
2025-05-21,PROD-001,26,877.3483028406514
2025-05-22,PROD-001,23,1543.034145421938
2025-05-23,PROD-001,37,3625.975552317807
2025-05-24,PROD-001,20,1336.560916145196
2025-05-25,PROD-001,21,1455.614347825668
2025-05-26,PROD-001,32,2487.2005594543484
2025-05-27,PROD-001,29,1782.338120314918
2025-05-28,PROD-001,31,2979.301458852094
2025-05-29,PROD-001,31,806.3292356167767
2025-05-30,PROD-001,23,2530.1095951977068
2025-05-31,PROD-001,15,409.3611691074235
2025-06-01,PROD-001,17,2051.71089083793
2025-06-02,PROD-001,32,1070.8131718124305
2025-06-03,PROD-001,38,2392.242576124654
2025-06-04,PROD-001,35,4397.823028545129
2025-06-05,PROD-001,27,2077.8127853066576
2025-06-06,PROD-001,26,3779.6981671375243
2025-06-07,PROD-001,23,980.3242524012851
2025-06-08,PROD-001,14,1153.8685996653323
2025-06-09,PROD-001,24,1876.7431009031052
2025-06-10,PROD-001,30,1522.8980189615233
2025-06-11,PROD-001,24,1261.7022579644747
2025-06-12,PROD-001,36,1545.8612650318908
2025-06-13,PROD-001,25,2401.070532907723
2025-06-14,PROD-001,17,1290.2978708441658
2025-06-15,PROD-001,16,695.7031140710036
2025-06-16,PROD-001,37,2234.398392036696
2025-06-17,PROD-001,31,1267.8126758860897
2025-06-18,PROD-001,28,1685.8983368079016
2025-06-19,PROD-001,22,1111.507839484878
2025-06-20,PROD-001,29,3892.0585912248125
2025-06-21,PROD-001,19,1670.1605465953976
2025-06-22,PROD-001,21,1771.9541497925934
2025-06-23,PROD-001,25,1747.1167766970943
2025-06-24,PROD-001,36,4397.806864903406
2025-06-25,PROD-001,24,2621.3204345586864
2025-06-26,PROD-001,35,4242.736793516433
2025-06-27,PROD-001,30,2984.244446129522
2025-06-28,PROD-001,16,1071.3795544808247
2025-06-29,PROD-001,20,2011.4253419809736
2025-06-30,PROD-001,25,2463.112087390012
2025-07-01,PROD-001,23,874.5393987032156
2025-07-02,PROD-001,30,1445.2738497239186
2025-07-03,PROD-001,24,787.8158103203725
2025-07-04,PROD-001,23,3329.9676047079106
2025-07-05,PROD-001,15,1190.437570077165
2025-07-06,PROD-001,16,2091.8357173432782
2025-07-07,PROD-001,30,2787.6396650228116
2025-07-08,PROD-001,34,4197.6060533481805
2025-07-09,PROD-001,36,1347.8405683680608
2025-07-10,PROD-001,31,1980.6318473210772
2025-07-11,PROD-001,26,2154.410173474124
2025-07-12,PROD-001,22,2497.535748828555
2025-07-13,PROD-001,14,1933.7971592290744
2025-07-14,PROD-001,35,1472.4493473961247
2025-07-15,PROD-001,40,5922.221597185379
2025-07-16,PROD-001,33,4808.852598411325
2025-07-17,PROD-001,40,3112.4709805242064
2025-07-18,PROD-001,42,4687.833834338572
2025-07-19,PROD-001,20,779.5235629504853
2025-07-20,PROD-001,16,2289.6584382692054
2025-07-21,PROD-001,37,1122.2103783265584
2025-07-22,PROD-001,37,1795.1726249254712
2025-07-23,PROD-001,30,2568.9324523914124
2025-07-24,PROD-001,27,3087.811883883592
2025-07-25,PROD-001,42,5675.122439424818
2025-07-26,PROD-001,15,945.9126152665161
2025-07-27,PROD-001,21,1819.9758704173073
2025-07-28,PROD-001,32,4458.15013947513
2025-07-29,PROD-001,33,1854.7133857701435
2025-07-30,PROD-001,35,5075.771714015289
2025-07-31,PROD-001,42,2512.2925066306784
2025-08-01,PROD-001,40,3164.806895322263
2025-08-02,PROD-001,24,2462.720086582538
2025-08-03,PROD-001,15,641.7480159313061
2025-08-04,PROD-001,31,3328.029010147616
2025-08-05,PROD-001,33,1719.7502529855751
2025-08-06,PROD-001,28,2578.680108343516
2025-08-07,PROD-001,25,3613.3553179015535
2025-08-08,PROD-001,43,2764.1345333982663
2025-08-09,PROD-001,20,2125.7102868608
2025-08-10,PROD-001,26,2736.367753133917
2025-08-11,PROD-001,33,4012.6042794164923
2025-08-12,PROD-001,26,2917.9017927647856
2025-08-13,PROD-001,30,3917.728436330099
2025-08-14,PROD-001,35,3346.378136737062
2025-08-15,PROD-001,25,3509.622017418198
2025-08-16,PROD-001,17,2248.266309873579
2025-08-17,PROD-001,20,1621.062951515708
2025-08-18,PROD-001,35,3733.0162637129147
2025-08-19,PROD-001,24,1393.4770772289887
2025-08-20,PROD-001,33,2448.4395579631505
2025-08-21,PROD-001,39,3175.271819267117
2025-08-22,PROD-001,26,1572.5715906601226
2025-08-23,PROD-001,22,2839.102774699678
2025-08-24,PROD-001,19,1103.5819550995743
2025-08-25,PROD-001,38,5335.831126883653
2025-08-26,PROD-001,30,1597.465308393004
2025-08-27,PROD-001,34,1320.8754754364165
2025-08-28,PROD-001,27,704.3640583595701
2025-08-29,PROD-001,35,3997.281024395078
2025-08-30,PROD-001,22,2852.5332415177227
2025-08-31,PROD-001,25,860.651701669045
2025-09-01,PROD-001,25,2007.0324530602616
2025-09-02,PROD-001,31,1896.6941433268512
2025-09-03,PROD-001,26,2549.6276666791236
2025-09-04,PROD-001,39,5716.392744878874
2025-09-05,PROD-001,43,6271.507482171146
2025-09-06,PROD-001,24,3003.1359732495666
2025-09-07,PROD-001,24,628.0384374575557
2025-09-08,PROD-001,23,582.4349978953078
2025-09-09,PROD-001,34,2536.332202519334
2025-09-10,PROD-001,43,1758.7612909572795
2025-09-11,PROD-001,34,1226.7191364688927
2025-09-12,PROD-001,43,4906.170331270479
2025-09-13,PROD-001,22,2677.899688369467
2025-09-14,PROD-001,27,2131.329257873193
2025-09-15,PROD-001,37,4905.941673993732
2025-09-16,PROD-001,35,3400.3972971131698
2025-09-17,PROD-001,24,2961.100519278345
2025-09-18,PROD-001,34,2281.042663391622
2025-09-19,PROD-001,38,1310.882286084507
2025-09-20,PROD-001,25,893.5715556769032
2025-09-21,PROD-001,24,3266.421149686033
2025-09-22,PROD-001,38,2871.5537771771546
2025-09-23,PROD-001,41,4429.202861179143
2025-09-24,PROD-001,43,5609.236334263899
2025-09-25,PROD-001,27,3269.151386554361
2025-09-26,PROD-001,32,3374.9440345688313
2025-09-27,PROD-001,21,693.5847842449914
2025-09-28,PROD-001,19,1109.8783481461342
2025-09-29,PROD-001,42,2884.770666580432
2025-09-30,PROD-001,31,3337.00437453532
2025-10-01,PROD-001,37,3769.9422458389604
2025-10-02,PROD-001,32,838.7658631025864
2025-10-03,PROD-001,35,3796.0340199585203
2025-10-04,PROD-001,24,1827.9271247392114
2025-10-05,PROD-001,21,1101.1132250675687
2025-10-06,PROD-001,24,827.1215304411467
2025-10-07,PROD-001,25,3406.368711444914
2025-10-08,PROD-001,32,846.6897971456679
2025-10-09,PROD-001,29,3664.7654978080172
2025-10-10,PROD-001,28,2109.7212944391817
2025-10-11,PROD-001,19,2436.6956218553773
2025-10-12,PROD-001,22,1927.3051639202274
2025-10-13,PROD-001,29,2785.875065658337
2025-10-14,PROD-001,30,2522.85092295667
2025-10-15,PROD-001,35,5100.5337807797605
2025-10-16,PROD-001,27,2577.6026727758435
2025-10-17,PROD-001,28,1944.7480993449797
2025-10-18,PROD-001,14,2040.466021952483
2025-10-19,PROD-001,16,1278.1877283007339
2025-10-20,PROD-001,34,1680.9041477977764
2025-10-21,PROD-001,37,1811.284948762466
2025-10-22,PROD-001,36,3007.246176868501
2025-10-23,PROD-001,22,1320.8457589750728
2025-10-24,PROD-001,34,2194.778887520004
2025-10-25,PROD-001,15,983.3300989203926
2025-10-26,PROD-001,21,996.2022400226585
2025-10-27,PROD-001,39,5524.197091686086
2025-10-28,PROD-001,30,1942.6327406796665
2025-10-29,PROD-001,34,4544.349224287523
2025-10-30,PROD-001,26,2087.960096708036
2025-10-31,PROD-001,32,1781.2074522813173
2025-11-01,PROD-001,20,2857.8346552339094
2025-11-02,PROD-001,18,1058.0129775180358
2025-11-03,PROD-001,22,2486.2457927306687
2025-11-04,PROD-001,31,3940.6889160000155
2025-11-05,PROD-001,35,4494.7848140850065
2025-11-06,PROD-001,34,1316.7245663365522
2025-11-07,PROD-001,30,3149.2652763315978
2025-11-08,PROD-001,16,1361.0058039187388
2025-11-09,PROD-001,16,502.63371565404975
2025-11-10,PROD-001,35,3833.944261396494
2025-11-11,PROD-001,33,4776.730094820137
2025-11-12,PROD-001,35,2596.994383644686
2025-11-13,PROD-001,27,2925.7534558856514
2025-11-14,PROD-001,35,3112.2777426885996
2025-11-15,PROD-001,23,2074.609770460126
2025-11-16,PROD-001,16,1014.2463837829002
2025-11-17,PROD-001,31,4044.2413957349854
2025-11-18,PROD-001,36,2176.848835142214
2025-11-19,PROD-001,38,5383.217608877621
2025-11-20,PROD-001,38,1008.9897512252836
2025-11-21,PROD-001,32,2257.4267184270884
2025-11-22,PROD-001,16,1371.1831391891683
2025-11-23,PROD-001,23,2484.3582294724633
2025-11-24,PROD-001,39,3897.3477997281198
2025-11-25,PROD-001,35,1018.6864634471208
2025-11-26,PROD-001,25,807.0693822678035
2025-11-27,PROD-001,25,3468.766445557455
2025-11-28,PROD-001,22,1976.972105261483
2025-11-29,PROD-001,18,816.6236767669538
2025-11-30,PROD-001,15,430.51019143890375
2025-12-01,PROD-001,34,3358.7026139099817
2025-12-02,PROD-001,24,3023.3209054732433
2025-12-03,PROD-001,36,1562.0703021958695
2025-12-04,PROD-001,30,1314.8779820942318
2025-12-05,PROD-001,36,1082.4770349864978
2025-12-06,PROD-001,19,603.183299251722
2025-12-07,PROD-001,14,1274.3041525285828
2025-12-08,PROD-001,34,3196.2711451169175
2025-12-09,PROD-001,26,2494.8876311937825
2025-12-10,PROD-001,21,2273.1971810827026
2025-12-11,PROD-001,28,3947.5745315176064
2025-12-12,PROD-001,28,2235.17878000329
2025-12-13,PROD-001,13,527.545138052944
2025-12-14,PROD-001,12,1006.3195374618037
2025-12-15,PROD-001,32,1946.2597041539993
2025-12-16,PROD-001,20,2686.219070711267
2025-12-17,PROD-001,36,3025.045653860831
2025-12-18,PROD-001,33,4407.161121985518
2025-12-19,PROD-001,22,3165.311632678678
2025-12-20,PROD-001,19,2786.454755998028
2025-12-21,PROD-001,23,1450.6400353704003
2025-12-22,PROD-001,22,842.7520973900668
2025-12-23,PROD-001,32,4067.890722646623
2025-12-24,PROD-001,21,2337.750149333459
2025-12-25,PROD-001,29,3718.9937822266033
2025-12-26,PROD-001,34,3354.113734052894
2025-12-27,PROD-001,21,2962.7731574644954
2025-12-28,PROD-001,18,2530.0557894324215
2025-12-29,PROD-001,20,2233.201303524758
2025-12-30,PROD-001,28,934.9297517055968
2025-12-31,PROD-001,21,917.6574115139464
2026-01-01,PROD-001,21,2394.728144258226
2026-01-02,PROD-001,27,2168.2360891636854
2026-01-03,PROD-001,16,1422.1935579803023
2026-01-04,PROD-001,16,1901.7104157194176
2026-01-05,PROD-001,27,1878.5619020193153
2026-01-06,PROD-001,28,3088.8981441726196
2026-01-07,PROD-001,27,1220.839547136871
2026-01-08,PROD-001,25,1871.9457221419677
2026-01-09,PROD-001,29,858.2508870530036
2026-01-10,PROD-001,13,1551.8711477366367
2026-01-11,PROD-001,16,681.9401520588045
2026-01-12,PROD-001,28,3587.028710709999
2026-01-13,PROD-001,30,2645.8947665413248
2026-01-14,PROD-001,32,2333.3769489283695
2026-01-15,PROD-001,29,3237.230194517716
2026-01-16,PROD-001,32,3390.1011854336643
2026-01-17,PROD-001,21,2026.5871250143782
2026-01-18,PROD-001,16,435.5322465050021
2026-01-19,PROD-001,29,1783.5668306667646
2026-01-20,PROD-001,27,1569.7608863890316
2026-01-21,PROD-001,22,2847.0375640444054
2026-01-22,PROD-001,25,1078.1283644327405
2026-01-23,PROD-001,18,648.0234454529934
2026-01-24,PROD-001,13,777.3321923837161
2026-01-25,PROD-001,13,843.6305983838715
2026-01-26,PROD-001,33,3650.274458340324
2026-01-27,PROD-001,31,1418.3240447939722
2026-01-28,PROD-001,32,3973.410281982702
2026-01-29,PROD-001,27,2494.8404227055125
2026-01-30,PROD-001,19,2578.3272639930565
2026-01-31,PROD-001,17,2342.525476171471
2026-02-01,PROD-001,14,1608.3362383118197
2026-02-02,PROD-001,23,2387.1884803054304
2026-02-03,PROD-001,31,2886.1552426058174
2026-02-04,PROD-001,30,2901.0052376499775
2026-02-05,PROD-001,24,2272.1067503809086
2026-02-06,PROD-001,32,4416.661480252751
2026-02-07,PROD-001,15,877.5449762067622
2026-02-08,PROD-001,20,2562.2528063775776
2026-02-09,PROD-001,19,594.3745982325324
2026-02-10,PROD-001,25,632.8617469173043
2026-02-11,PROD-001,26,3754.821477897903
2026-02-12,PROD-001,26,1840.307360409118
2026-02-13,PROD-001,22,2302.1915246319077
2021-02-14,PROD-002,26,3615.8584304762894
2021-02-15,PROD-002,27,1635.0548641803377
2021-02-16,PROD-002,37,5072.895630943223
2021-02-17,PROD-002,27,1205.8507599692546
2021-02-18,PROD-002,27,1749.4264938671058
2021-02-19,PROD-002,47,1529.4622581598976
2021-02-20,PROD-002,23,2543.1435196820457
2021-02-21,PROD-002,22,2476.052925188641
2021-02-22,PROD-002,46,1458.4912961034665
2021-02-23,PROD-002,38,2140.1535314476596
2021-02-24,PROD-002,48,6588.821848270083
2021-02-25,PROD-002,33,3232.094252910756
2021-02-26,PROD-002,41,5077.90586265963
2021-02-27,PROD-002,24,686.7716667593611
2021-02-28,PROD-002,26,2795.2715513854287
2021-03-01,PROD-002,33,2535.3815422085713
2021-03-02,PROD-002,26,3570.966176428641
2021-03-03,PROD-002,36,1524.1763076226232
2021-03-04,PROD-002,35,3200.1351271672197
2021-03-05,PROD-002,43,6039.880821496873
2021-03-06,PROD-002,28,2455.830582231533
2021-03-07,PROD-002,18,1193.1458309517589
2021-03-08,PROD-002,43,3844.4038985918605
2021-03-09,PROD-002,32,2367.973245666965
2021-03-10,PROD-002,43,4441.103330490745
2021-03-11,PROD-002,28,3085.4433551824077
2021-03-12,PROD-002,37,2196.839952833669
2021-03-13,PROD-002,28,766.8891789112758
2021-03-14,PROD-002,24,1182.8008948355691
2021-03-15,PROD-002,39,4467.215702985887
2021-03-16,PROD-002,36,2064.188958103998
2021-03-17,PROD-002,29,2650.450107345734
2021-03-18,PROD-002,29,2003.666057745989
2021-03-19,PROD-002,27,2355.0450797961385
2021-03-20,PROD-002,26,2524.4082812074275
2021-03-21,PROD-002,20,2052.878713090511
2021-03-22,PROD-002,30,3187.2022571459775
2021-03-23,PROD-002,30,2223.752787198614
2021-03-24,PROD-002,27,3293.9477972256796
2021-03-25,PROD-002,37,3053.7316362130364
2021-03-26,PROD-002,35,4359.412897683742
2021-03-27,PROD-002,29,2418.151472792216
2021-03-28,PROD-002,19,1049.6385948360762
2021-03-29,PROD-002,33,3146.41608355997
2021-03-30,PROD-002,30,3434.069640174092
2021-03-31,PROD-002,37,2567.37614345778
2021-04-01,PROD-002,29,1520.8747652718537
2021-04-02,PROD-002,34,4864.943946323022
2021-04-03,PROD-002,22,3057.777996679514
2021-04-04,PROD-002,29,1678.1554468434701
2021-04-05,PROD-002,37,3127.8751879454876
2021-04-06,PROD-002,31,1565.3355303874112
2021-04-07,PROD-002,38,4296.181982701378
2021-04-08,PROD-002,37,4322.525601484271
2021-04-09,PROD-002,37,5012.972237751557
2021-04-10,PROD-002,17,1128.653203492932
2021-04-11,PROD-002,29,2173.733359546485
2021-04-12,PROD-002,43,1597.2347416217867
2021-04-13,PROD-002,40,2612.860622288929
2021-04-14,PROD-002,47,6504.480359813057
2021-04-15,PROD-002,49,4331.472850106638
2021-04-16,PROD-002,50,2750.682492432721
2021-04-17,PROD-002,31,865.054672107262
2021-04-18,PROD-002,32,1538.2467942811948
2021-04-19,PROD-002,33,929.0564134642555
2021-04-20,PROD-002,38,3147.0606093000233
2021-04-21,PROD-002,41,4519.801939492797
2021-04-22,PROD-002,50,3506.3943161114203
2021-04-23,PROD-002,48,6814.740324973635
2021-04-24,PROD-002,28,2239.8896021869264
2021-04-25,PROD-002,29,774.4375039078437
2021-04-26,PROD-002,44,6241.313778980995
2021-04-27,PROD-002,51,2674.8351111596926
2021-04-28,PROD-002,28,2144.386892842413
2021-04-29,PROD-002,35,3148.128281624144
2021-04-30,PROD-002,50,4459.168117222729
2021-05-01,PROD-002,32,2223.4332886680536
2021-05-02,PROD-002,26,3794.1905262588343
2021-05-03,PROD-002,35,5029.485687424247
2021-05-04,PROD-002,46,5584.334567278622
2021-05-05,PROD-002,43,6170.068504142639
2021-05-06,PROD-002,41,2960.825886299892
2021-05-07,PROD-002,39,4830.929572961683
2021-05-08,PROD-002,20,536.9881307335579
2021-05-09,PROD-002,29,2107.517661641312
2021-05-10,PROD-002,44,4630.205382255559
2021-05-11,PROD-002,33,4470.1016777329005
2021-05-12,PROD-002,33,3688.2957511375707
2021-05-13,PROD-002,30,3067.913621952448
2021-05-14,PROD-002,52,2147.071753994594
2021-05-15,PROD-002,21,1976.1769764106518
2021-05-16,PROD-002,24,1031.9184909968149
2021-05-17,PROD-002,35,2049.326885488975
2021-05-18,PROD-002,40,5092.5072983247865
2021-05-19,PROD-002,48,3361.8121466413213
2021-05-20,PROD-002,41,4341.913536445364
2021-05-21,PROD-002,53,5250.983494078255
2021-05-22,PROD-002,27,2536.6502749167066
2021-05-23,PROD-002,30,4221.429896921293
2021-05-24,PROD-002,31,793.0072880576114
2021-05-25,PROD-002,47,6784.965321988893
2021-05-26,PROD-002,51,5468.945169805411
2021-05-27,PROD-002,46,3055.8210931065937
2021-05-28,PROD-002,56,3121.159596218575
2021-05-29,PROD-002,26,909.8099142258434
2021-05-30,PROD-002,29,3127.998650258752
2021-05-31,PROD-002,48,4624.875863977542
2021-06-01,PROD-002,45,5414.796125831176
2021-06-02,PROD-002,56,6221.206677362555
2021-06-03,PROD-002,50,1282.6202224051067
2021-06-04,PROD-002,32,2549.6812307388827
2021-06-05,PROD-002,36,2404.715973375324
2021-06-06,PROD-002,29,1763.0949722913872
2021-06-07,PROD-002,48,4293.410998904054
2021-06-08,PROD-002,45,1632.956940835671
2021-06-09,PROD-002,32,4628.664549875198
2021-06-10,PROD-002,46,1702.8536803859263
2021-06-11,PROD-002,38,3597.559178347326
2021-06-12,PROD-002,20,2061.1638203063026
2021-06-13,PROD-002,32,2373.2074342547094
2021-06-14,PROD-002,53,4825.835071437076
2021-06-15,PROD-002,56,3203.1194286768928
2021-06-16,PROD-002,39,1701.7229868251811
2021-06-17,PROD-002,44,4872.8642545581815
2021-06-18,PROD-002,34,2041.4346076522663
2021-06-19,PROD-002,28,1675.6362396599075
2021-06-20,PROD-002,35,3473.321395617935
2021-06-21,PROD-002,52,6620.8805716250035
2021-06-22,PROD-002,56,2903.2037429566885
2021-06-23,PROD-002,48,2361.193077473562
2021-06-24,PROD-002,55,5733.3990630552735
2021-06-25,PROD-002,40,4358.913040462935
2021-06-26,PROD-002,26,3147.414027941666
2021-06-27,PROD-002,25,3047.1712477177384
2021-06-28,PROD-002,59,2529.2790876511867
2021-06-29,PROD-002,39,3282.4526133703184
2021-06-30,PROD-002,41,3162.4341508057782
2021-07-01,PROD-002,37,3368.192459060628
2021-07-02,PROD-002,36,1774.169858057979
2021-07-03,PROD-002,35,4471.264766678332
2021-07-04,PROD-002,23,1901.0316186109374
2021-07-05,PROD-002,39,3782.1891753608706
2021-07-06,PROD-002,52,4730.27278272166
2021-07-07,PROD-002,47,2229.131479216444
2021-07-08,PROD-002,58,1515.1549210922813
2021-07-09,PROD-002,44,5890.120345850341
2021-07-10,PROD-002,26,1255.685928339071
2021-07-11,PROD-002,34,4381.995824770745
2021-07-12,PROD-002,43,5741.192615455468
2021-07-13,PROD-002,45,2617.9966406702492
2021-07-14,PROD-002,56,4195.631912750009
2021-07-15,PROD-002,41,2637.7782731749544
2021-07-16,PROD-002,55,5443.278568047696
2021-07-17,PROD-002,32,4256.4010890262925
2021-07-18,PROD-002,30,3006.7820383448925
2021-07-19,PROD-002,52,6445.506295134856
2021-07-20,PROD-002,52,7048.7143609826535
2021-07-21,PROD-002,49,4793.778522339285
2021-07-22,PROD-002,42,5223.183389786045
2021-07-23,PROD-002,54,6138.339636548893
2021-07-24,PROD-002,24,1149.4995430337483
2021-07-25,PROD-002,28,1569.9880314281802
2021-07-26,PROD-002,57,6755.9746726921485
2021-07-27,PROD-002,51,6562.785462785037
2021-07-28,PROD-002,58,7381.37629138409
2021-07-29,PROD-002,57,8485.356688021884
2021-07-30,PROD-002,38,1486.1721254148947
2021-07-31,PROD-002,37,4237.166997905226
2021-08-01,PROD-002,33,4132.219313187216
2021-08-02,PROD-002,46,1555.3559227934086
2021-08-03,PROD-002,39,3629.0439241632507
2021-08-04,PROD-002,59,8583.444675783105
2021-08-05,PROD-002,55,2834.3477770268432
2021-08-06,PROD-002,59,7770.30194713271
2021-08-07,PROD-002,33,1627.2153391379422
2021-08-08,PROD-002,41,3904.628136082697
2021-08-09,PROD-002,60,3582.5733102802837
2021-08-10,PROD-002,49,6427.524809549534
2021-08-11,PROD-002,45,1321.9038623572274
2021-08-12,PROD-002,63,2386.8061642367597
2021-08-13,PROD-002,40,3224.4106929842433
2021-08-14,PROD-002,39,1893.3825454058447
2021-08-15,PROD-002,31,4332.843389003144
2021-08-16,PROD-002,58,1510.7856978471339
2021-08-17,PROD-002,51,5318.557364614212
2021-08-18,PROD-002,55,7566.634010151315
2021-08-19,PROD-002,56,2132.940159016515
2021-08-20,PROD-002,37,3329.9877841172292
2021-08-21,PROD-002,40,3529.9123137224215
2021-08-22,PROD-002,37,5385.475882323459
2021-08-23,PROD-002,63,3543.5279646314452
2021-08-24,PROD-002,39,3893.081294729344
2021-08-25,PROD-002,64,5131.583087460465
2021-08-26,PROD-002,56,5112.228085755423
2021-08-27,PROD-002,53,4650.773046075054
2021-08-28,PROD-002,28,3924.312796989451
2021-08-29,PROD-002,27,1295.4291414669499
2021-08-30,PROD-002,62,1573.3103637418121
2021-08-31,PROD-002,45,6103.324486173044
2021-09-01,PROD-002,49,2512.5479647937464
2021-09-02,PROD-002,50,3770.5669751187957
2021-09-03,PROD-002,53,5379.312048015492
2021-09-04,PROD-002,25,2710.422449937702
2021-09-05,PROD-002,40,2521.9982742336642
2021-09-06,PROD-002,54,3087.5969456579037
2021-09-07,PROD-002,43,5500.302463646162
2021-09-08,PROD-002,53,5573.75938588329
2021-09-09,PROD-002,53,2639.3443913793767
2021-09-10,PROD-002,46,6700.65459363326
2021-09-11,PROD-002,25,3236.7655024288483
2021-09-12,PROD-002,41,4084.398452684916
2021-09-13,PROD-002,38,1244.6070672412604
2021-09-14,PROD-002,49,4210.042479704432
2021-09-15,PROD-002,44,1583.5190467211012
2021-09-16,PROD-002,41,5100.88224849545
2021-09-17,PROD-002,39,1047.6270854712266
2021-09-18,PROD-002,37,3316.565184348616
2021-09-19,PROD-002,38,5326.3291002760125
2021-09-20,PROD-002,47,3777.299129727286
2021-09-21,PROD-002,42,2381.79850570174
2021-09-22,PROD-002,46,2909.1113763938224
2021-09-23,PROD-002,39,5402.717155730292
2021-09-24,PROD-002,58,8482.29699976047
2021-09-25,PROD-002,34,2501.81326612042
2021-09-26,PROD-002,39,3792.4624928550766
2021-09-27,PROD-002,51,5923.143220960376
2021-09-28,PROD-002,40,2279.8244500474675
2021-09-29,PROD-002,42,3267.6379384421384
2021-09-30,PROD-002,36,2540.7123059842147
2021-10-01,PROD-002,60,4740.636191186197
2021-10-02,PROD-002,29,2113.38150072438
2021-10-03,PROD-002,39,3821.5192870828414
2021-10-04,PROD-002,49,1432.6244314854891
2021-10-05,PROD-002,44,6280.015842062412
2021-10-06,PROD-002,45,6048.081830906425
2021-10-07,PROD-002,52,5936.631533553338
2021-10-08,PROD-002,60,4204.423265669822
2021-10-09,PROD-002,34,3499.3496950940844
2021-10-10,PROD-002,25,2792.790934240679
2021-10-11,PROD-002,59,5450.710682747611
2021-10-12,PROD-002,48,4819.151760521234
2021-10-13,PROD-002,53,5681.26767619674
2021-10-14,PROD-002,60,3298.959079857299
2021-10-15,PROD-002,47,6762.231572622803
2021-10-16,PROD-002,33,3343.0105358543583
2021-10-17,PROD-002,24,3328.4706940505243
2021-10-18,PROD-002,51,2089.9874606664534
2021-10-19,PROD-002,54,7087.844345922511
2021-10-20,PROD-002,51,5876.09945395535
2021-10-21,PROD-002,48,5651.909474757391
2021-10-22,PROD-002,61,5225.617301219713
2021-10-23,PROD-002,33,3018.4345473928947
2021-10-24,PROD-002,32,3105.1467342654437
2021-10-25,PROD-002,47,6384.41152082702
2021-10-26,PROD-002,44,4308.840575421288
2021-10-27,PROD-002,56,2494.766744127158
2021-10-28,PROD-002,40,2850.3199546566248
2021-10-29,PROD-002,60,7926.399212307601
2021-10-30,PROD-002,35,1358.1963695274171
2021-10-31,PROD-002,37,2456.3622101989477
2021-11-01,PROD-002,41,5281.525069289783
2021-11-02,PROD-002,52,5720.147769698506
2021-11-03,PROD-002,39,2845.1278207418363
2021-11-04,PROD-002,36,3160.6189690290394
2021-11-05,PROD-002,39,2139.239042137392
2021-11-06,PROD-002,33,1724.2298110763832
2021-11-07,PROD-002,24,754.3240589891818
2021-11-08,PROD-002,47,1415.872281201522
2021-11-09,PROD-002,45,1302.0208454732242
2021-11-10,PROD-002,45,1568.7199892405456
2021-11-11,PROD-002,32,2712.7796186437495
2021-11-12,PROD-002,57,8342.91321306015
2021-11-13,PROD-002,31,1203.6445570065744
2021-11-14,PROD-002,34,1845.0777711956007
2021-11-15,PROD-002,43,4584.950797619112
2021-11-16,PROD-002,51,5553.795003928549
2021-11-17,PROD-002,49,2004.7391840949258
2021-11-18,PROD-002,45,2309.7427084123547
2021-11-19,PROD-002,33,1371.967607681894
2021-11-20,PROD-002,29,1171.7092319833575
2021-11-21,PROD-002,34,2197.6951406774906
2021-11-22,PROD-002,51,6831.014985799593
2021-11-23,PROD-002,43,2183.0551162804927
2021-11-24,PROD-002,42,2868.0190604343675
2021-11-25,PROD-002,35,4438.50434655316
2021-11-26,PROD-002,32,4577.86621587742
2021-11-27,PROD-002,32,3739.202272303495
2021-11-28,PROD-002,24,2979.5931995954966
2021-11-29,PROD-002,39,2213.9745132667153
2021-11-30,PROD-002,30,2550.841795096804
2021-12-01,PROD-002,33,4577.85306179934
2021-12-02,PROD-002,49,2393.943100841903
2021-12-03,PROD-002,41,4410.656544385045
2021-12-04,PROD-002,30,4017.4373854425808
2021-12-05,PROD-002,27,3538.911465906126
2021-12-06,PROD-002,53,2733.3354018468985
2021-12-07,PROD-002,42,1666.7825013907157
2021-12-08,PROD-002,51,7601.473030417762
2021-12-09,PROD-002,35,2607.51748317165
2021-12-10,PROD-002,37,3455.7321169668335
2021-12-11,PROD-002,34,4103.854069700179
2021-12-12,PROD-002,30,4031.322505384958
2021-12-13,PROD-002,53,2089.1576317937715
2021-12-14,PROD-002,33,2061.0401676459865
2021-12-15,PROD-002,43,1605.9220587810416
2021-12-16,PROD-002,34,1602.5778540848105
2021-12-17,PROD-002,51,7460.319351116858
2021-12-18,PROD-002,20,647.2385582428603
2021-12-19,PROD-002,19,1419.4218951492094
2021-12-20,PROD-002,46,2897.1018964084974
2021-12-21,PROD-002,29,3104.5711186562994
2021-12-22,PROD-002,50,6129.557657945615
2021-12-23,PROD-002,29,2317.1754228063965
2021-12-24,PROD-002,36,1228.5373836952838
2021-12-25,PROD-002,25,1365.96511726345
2021-12-26,PROD-002,25,2084.6406550595902
2021-12-27,PROD-002,47,4646.326559423463
2021-12-28,PROD-002,33,4593.67160176958
2021-12-29,PROD-002,41,1176.9944250474327
2021-12-30,PROD-002,52,2760.062572320724
2021-12-31,PROD-002,29,3762.1124681239726
2022-01-01,PROD-002,22,1836.2442584819307
2022-01-02,PROD-002,20,2426.0230888178603
2022-01-03,PROD-002,33,3863.391357318875
2022-01-04,PROD-002,35,2241.6223321374214
2022-01-05,PROD-002,38,3073.3602455297123
2022-01-06,PROD-002,30,2720.885532545179
2022-01-07,PROD-002,47,1788.7589348612585
2022-01-08,PROD-002,23,2309.5103045621295
2022-01-09,PROD-002,18,566.6945763715937
2022-01-10,PROD-002,38,5001.995609946359
2022-01-11,PROD-002,42,2073.256901139318
2022-01-12,PROD-002,44,3797.830813059223
2022-01-13,PROD-002,37,4435.366465458065
2022-01-14,PROD-002,29,4111.398726258511
2022-01-15,PROD-002,26,1605.750065486609
2022-01-16,PROD-002,29,4032.022613755491
2022-01-17,PROD-002,48,1365.8928882039343
2022-01-18,PROD-002,39,4356.039353797681
2022-01-19,PROD-002,47,5635.439357495446
2022-01-20,PROD-002,30,3426.241695421282
2022-01-21,PROD-002,49,4611.037065141815
2022-01-22,PROD-002,22,1869.2848812629672
2022-01-23,PROD-002,26,2986.3483711074186
2022-01-24,PROD-002,31,3262.149878057184
2022-01-25,PROD-002,48,3549.2866250172206
2022-01-26,PROD-002,31,1182.891128620259
2022-01-27,PROD-002,27,2336.3869561254724
2022-01-28,PROD-002,34,1229.208808839015
2022-01-29,PROD-002,28,918.7821961480845
2022-01-30,PROD-002,29,4187.6975868729405
2022-01-31,PROD-002,46,3375.524622396949
2022-02-01,PROD-002,33,3576.952631148827
2022-02-02,PROD-002,27,2446.097901057784
2022-02-03,PROD-002,29,981.7969515552835
2022-02-04,PROD-002,26,1424.1484621666325
2022-02-05,PROD-002,18,2020.515740152558
2022-02-06,PROD-002,23,2063.811645103155
2022-02-07,PROD-002,32,2378.530871459894
2022-02-08,PROD-002,38,4465.427310390527
2022-02-09,PROD-002,33,1318.9770932684983
2022-02-10,PROD-002,42,2813.5241748190742
2022-02-11,PROD-002,35,1390.9843454643838
2022-02-12,PROD-002,28,3156.1341084143196
2022-02-13,PROD-002,18,2343.3829657202136
2022-02-14,PROD-002,44,5071.638344167017
2022-02-15,PROD-002,30,777.0708695059316
2022-02-16,PROD-002,29,4325.880754883395
2022-02-17,PROD-002,32,3062.6731820460277
2022-02-18,PROD-002,41,4413.194540055589
2022-02-19,PROD-002,28,2047.6010140471728
2022-02-20,PROD-002,19,2817.5419793870155
2022-02-21,PROD-002,48,5595.422340757663
2022-02-22,PROD-002,44,3227.064368013879
2022-02-23,PROD-002,27,2860.153006558934
2022-02-24,PROD-002,30,852.6080088553857
2022-02-25,PROD-002,36,928.2593448704746
2022-02-26,PROD-002,25,3416.124608880563
2022-02-27,PROD-002,27,3413.1014819637517
2022-02-28,PROD-002,34,2046.3861990444027
2022-03-01,PROD-002,47,6960.752148708672
2022-03-02,PROD-002,38,4742.791633530299
2022-03-03,PROD-002,38,2036.08143916532
2022-03-04,PROD-002,41,5584.394832112865
2022-03-05,PROD-002,29,1063.096225914237
2022-03-06,PROD-002,19,2517.0563627262786
2022-03-07,PROD-002,27,3584.0748850827986
2022-03-08,PROD-002,37,2641.438018773543
2022-03-09,PROD-002,30,3573.787292056294
2022-03-10,PROD-002,42,3190.9876725512904
2022-03-11,PROD-002,45,2924.8507643843727
2022-03-12,PROD-002,24,2048.432894047331
2022-03-13,PROD-002,19,1419.6228232665262
2022-03-14,PROD-002,31,1507.403916074568
2022-03-15,PROD-002,28,3493.4762337292636
2022-03-16,PROD-002,39,4925.400780299142
2022-03-17,PROD-002,30,2769.9081830301384
2022-03-18,PROD-002,34,4838.488174372168
2022-03-19,PROD-002,28,3568.123620676733
2022-03-20,PROD-002,16,1866.2941170331915
2022-03-21,PROD-002,26,2708.8227391462606
2022-03-22,PROD-002,41,3120.669614684903
2022-03-23,PROD-002,47,2504.178820971662
2022-03-24,PROD-002,38,2707.534760226033
2022-03-25,PROD-002,41,3472.5484251940047
2022-03-26,PROD-002,21,3079.76091720164
2022-03-27,PROD-002,24,647.8732708944974
2022-03-28,PROD-002,29,1110.6417245031535
2022-03-29,PROD-002,29,1619.958549806101
2022-03-30,PROD-002,33,2345.1041525887417
2022-03-31,PROD-002,32,2596.679390330778
2022-04-01,PROD-002,45,3993.3184724291714
2022-04-02,PROD-002,29,4203.003711729893
2022-04-03,PROD-002,21,1547.0781327773086
2022-04-04,PROD-002,28,3559.43811011399
2022-04-05,PROD-002,28,2954.10548007631
2022-04-06,PROD-002,39,1433.8458510214311
2022-04-07,PROD-002,27,1318.4107959268053
2022-04-08,PROD-002,43,4063.287093881706
2022-04-09,PROD-002,27,2236.976631006688
2022-04-10,PROD-002,17,612.4392884557795
2022-04-11,PROD-002,39,1428.2871821810832
2022-04-12,PROD-002,30,1839.423645600278
2022-04-13,PROD-002,44,3781.1074016108987
2022-04-14,PROD-002,40,2690.9584803140797
2022-04-15,PROD-002,38,5456.935349404019
2022-04-16,PROD-002,31,2148.9888442629426
2022-04-17,PROD-002,30,4001.5770767101385
2022-04-18,PROD-002,49,5093.82263935867
2022-04-19,PROD-002,42,1670.3602173321422
2022-04-20,PROD-002,42,6054.270088879502
2022-04-21,PROD-002,35,1629.7894053867108
2022-04-22,PROD-002,50,1899.105451493763
2022-04-23,PROD-002,26,3426.677441404523
2022-04-24,PROD-002,20,2511.0105565934437
2022-04-25,PROD-002,38,3153.8875727274803
2022-04-26,PROD-002,42,2356.564719575158
2022-04-27,PROD-002,46,2742.004915937909
2022-04-28,PROD-002,48,1740.1854266717191
2022-04-29,PROD-002,30,3350.1478897404804
2022-04-30,PROD-002,31,4376.017116975435
2022-05-01,PROD-002,32,4035.338667160046
2022-05-02,PROD-002,35,3792.2930244520876
2022-05-03,PROD-002,50,6850.698222282773
2022-05-04,PROD-002,48,4196.332683468513
2022-05-05,PROD-002,43,5739.196987045122
2022-05-06,PROD-002,40,1304.574545412098
2022-05-07,PROD-002,23,1001.8825185812254
2022-05-08,PROD-002,21,3141.16056942534
2022-05-09,PROD-002,33,1454.7529910091976
2022-05-10,PROD-002,47,3172.532774827008
2022-05-11,PROD-002,51,7071.826069253464
2022-05-12,PROD-002,47,3131.602017387041
2022-05-13,PROD-002,47,4485.474419956126
2022-05-14,PROD-002,20,2893.4397466754663
2022-05-15,PROD-002,34,2508.482909882994
2022-05-16,PROD-002,48,4014.8332751488842
2022-05-17,PROD-002,40,3207.379985227776
2022-05-18,PROD-002,32,2693.084840118496
2022-05-19,PROD-002,38,1354.8471666598423
2022-05-20,PROD-002,44,5228.255560898551
2022-05-21,PROD-002,28,1408.9105610627205
2022-05-22,PROD-002,32,3425.2562167114306
2022-05-23,PROD-002,42,2964.2461407087494
2022-05-24,PROD-002,39,2823.941738110083
2022-05-25,PROD-002,50,1397.5434379646583
2022-05-26,PROD-002,44,2293.019921367199
2022-05-27,PROD-002,31,2328.688685884114
2022-05-28,PROD-002,23,2265.9621549772955
2022-05-29,PROD-002,25,788.2133348583847
2022-05-30,PROD-002,38,4728.032167621707
2022-05-31,PROD-002,41,1187.672349674916
2022-06-01,PROD-002,47,6296.814111435531
2022-06-02,PROD-002,53,4506.357564660606
2022-06-03,PROD-002,41,2143.8311186782544
2022-06-04,PROD-002,30,2549.912439389207
2022-06-05,PROD-002,32,1775.5967858504878
2022-06-06,PROD-002,41,4223.907253881228
2022-06-07,PROD-002,49,6870.799428629585
2022-06-08,PROD-002,44,3906.2304349346086
2022-06-09,PROD-002,48,5904.580807384657
2022-06-10,PROD-002,41,4101.510515502013
2022-06-11,PROD-002,35,1036.1697294241617
2022-06-12,PROD-002,23,1649.1304263757904
2022-06-13,PROD-002,58,7656.269083351515
2022-06-14,PROD-002,43,2933.3059432629525
2022-06-15,PROD-002,32,2059.9384987367444
2022-06-16,PROD-002,43,5150.571925837643
2022-06-17,PROD-002,35,1535.1069018230828
2022-06-18,PROD-002,24,1945.7168447659437
2022-06-19,PROD-002,21,635.3588069961262
2022-06-20,PROD-002,38,3729.9900758097133
2022-06-21,PROD-002,58,8464.311291847913
2022-06-22,PROD-002,42,2405.707816841608
2022-06-23,PROD-002,46,4596.420763071619
2022-06-24,PROD-002,43,3773.43610344167
2022-06-25,PROD-002,33,4360.601516716027
2022-06-26,PROD-002,24,1330.0484619721647
2022-06-27,PROD-002,41,4621.511276170967
2022-06-28,PROD-002,55,3643.294417759315
2022-06-29,PROD-002,59,6994.403785252166
2022-06-30,PROD-002,38,1993.7539044410864
2022-07-01,PROD-002,37,2156.9727793850557
2022-07-02,PROD-002,24,3429.85694610211
2022-07-03,PROD-002,34,1229.1675316771534
2022-07-04,PROD-002,45,5863.673112762311
2022-07-05,PROD-002,56,6149.763175686645
2022-07-06,PROD-002,58,3241.559937977162
2022-07-07,PROD-002,54,5478.538683669053
2022-07-08,PROD-002,62,6972.488362354933
2022-07-09,PROD-002,37,3741.670047267456
2022-07-10,PROD-002,29,3306.05524366656
2022-07-11,PROD-002,37,4092.1051524670825
2022-07-12,PROD-002,49,3213.0095981165828
2022-07-13,PROD-002,48,2241.1430106450607
2022-07-14,PROD-002,34,4641.648228799455
2022-07-15,PROD-002,53,3877.523843515425
2022-07-16,PROD-002,34,3741.2332393651077
2022-07-17,PROD-002,33,3075.403796151785
2022-07-18,PROD-002,60,7228.309335560782
2022-07-19,PROD-002,54,2879.3380679449874
2022-07-20,PROD-002,39,4401.583061194976
2022-07-21,PROD-002,61,5368.2165516707055
2022-07-22,PROD-002,59,4284.760149638444
2022-07-23,PROD-002,35,4116.7077036215205
2022-07-24,PROD-002,40,5028.0579414112935
2022-07-25,PROD-002,59,2149.274883599595
2022-07-26,PROD-002,61,5272.828273952981
2022-07-27,PROD-002,43,1843.5529352401038
2022-07-28,PROD-002,61,8365.26912373037
2022-07-29,PROD-002,58,4381.530315084465
2022-07-30,PROD-002,32,994.1574559008573
2022-07-31,PROD-002,32,3780.053916546087
2022-08-01,PROD-002,49,2442.8802758571505
2022-08-02,PROD-002,59,7528.662339033943
2022-08-03,PROD-002,59,6633.063627673096
2022-08-04,PROD-002,55,4052.4441240015485
2022-08-05,PROD-002,47,5827.488741325975
2022-08-06,PROD-002,40,5359.222981794368
2022-08-07,PROD-002,34,4562.729830512733
2022-08-08,PROD-002,49,4487.552808320289
2022-08-09,PROD-002,60,6071.946733685358
2022-08-10,PROD-002,56,5313.063108216511
2022-08-11,PROD-002,38,4162.800896627131
2022-08-12,PROD-002,60,5047.818467475082
2022-08-13,PROD-002,37,2191.571397236335
2022-08-14,PROD-002,30,2683.2781952953237
2022-08-15,PROD-002,40,5269.922811293214
2022-08-16,PROD-002,42,5101.785379728842
2022-08-17,PROD-002,50,3168.249268309676
2022-08-18,PROD-002,56,8214.279085256356
2022-08-19,PROD-002,42,2777.723816691922
2022-08-20,PROD-002,26,2976.482380382538
2022-08-21,PROD-002,34,4418.905217884372
2022-08-22,PROD-002,55,7734.903509892738
2022-08-23,PROD-002,46,6462.916445531255
2022-08-24,PROD-002,44,4547.017210478716
2022-08-25,PROD-002,58,7534.17347961237
2022-08-26,PROD-002,64,7936.957516276943
2022-08-27,PROD-002,38,3175.9346461868863
2022-08-28,PROD-002,25,1991.565333026751
2022-08-29,PROD-002,55,7537.493214722187
2022-08-30,PROD-002,60,2584.2460775494733
2022-08-31,PROD-002,53,6876.770817640574
2022-09-01,PROD-002,47,3837.293752347088
2022-09-02,PROD-002,64,6559.033874883631
2022-09-03,PROD-002,31,2031.073286785756
2022-09-04,PROD-002,42,3777.6666131833754
2022-09-05,PROD-002,55,2484.207563681725
2022-09-06,PROD-002,44,4779.119792011975
2022-09-07,PROD-002,36,4309.435409547973
2022-09-08,PROD-002,49,5555.403308641323
2022-09-09,PROD-002,37,3133.242696673493
2022-09-10,PROD-002,23,1382.9957721493224
2022-09-11,PROD-002,25,668.4733286682136
2022-09-12,PROD-002,58,4002.4992104721664
2022-09-13,PROD-002,60,5056.27224760102
2022-09-14,PROD-002,41,4031.8571737642833
2022-09-15,PROD-002,36,3990.4263285463453
2022-09-16,PROD-002,65,6716.534228971908
2022-09-17,PROD-002,30,890.1328658580383
2022-09-18,PROD-002,30,1465.6064359932545
2022-09-19,PROD-002,65,6172.719945990512
2022-09-20,PROD-002,45,5502.926461917595
2022-09-21,PROD-002,63,9282.793291417114
2022-09-22,PROD-002,39,3309.629630361763
2022-09-23,PROD-002,41,5183.596244793807
2022-09-24,PROD-002,25,3371.164945896774
2022-09-25,PROD-002,37,1915.1066735522302
2022-09-26,PROD-002,56,6994.187796658115
2022-09-27,PROD-002,53,4682.515025744074
2022-09-28,PROD-002,55,3248.595830200245
2022-09-29,PROD-002,47,4806.222399558895
2022-09-30,PROD-002,45,2838.271767656221
2022-10-01,PROD-002,40,3733.294701154009
2022-10-02,PROD-002,33,2500.454376178746
2022-10-03,PROD-002,61,7714.460969819096
2022-10-04,PROD-002,61,6932.923286993132
2022-10-05,PROD-002,56,8246.234928103573
2022-10-06,PROD-002,43,5195.48717088553
2022-10-07,PROD-002,63,4496.478171026225
2022-10-08,PROD-002,22,1248.1178759550837
2022-10-09,PROD-002,34,2587.3626761681453
2022-10-10,PROD-002,58,8382.789335991527
2022-10-11,PROD-002,61,8411.900504700083
2022-10-12,PROD-002,61,5507.674402500692
2022-10-13,PROD-002,60,3165.4043524417552
2022-10-14,PROD-002,52,1351.7410526238089
2022-10-15,PROD-002,35,4866.400709852232
2022-10-16,PROD-002,25,1164.3395885131288
2022-10-17,PROD-002,38,2875.163278036999
2022-10-18,PROD-002,58,1642.953646251279
2022-10-19,PROD-002,43,5890.921750628309
2022-10-20,PROD-002,58,3696.886647555182
2022-10-21,PROD-002,63,5704.069852127857
2022-10-22,PROD-002,24,2341.3803752088334
2022-10-23,PROD-002,22,2603.872652854341
2022-10-24,PROD-002,37,1648.9503432856889
2022-10-25,PROD-002,52,6536.89143321747
2022-10-26,PROD-002,50,6576.696798519109
2022-10-27,PROD-002,59,5678.739887078573
2022-10-28,PROD-002,45,3738.585774746299
2022-10-29,PROD-002,24,2957.884052265615
2022-10-30,PROD-002,32,1483.3693781747531
2022-10-31,PROD-002,52,6279.975096472222
2022-11-01,PROD-002,43,5253.756106191384
2022-11-02,PROD-002,37,2467.791540296144
2022-11-03,PROD-002,48,5523.618280435929
2022-11-04,PROD-002,47,6199.519316256944
2022-11-05,PROD-002,21,1327.5855740397774
2022-11-06,PROD-002,36,3374.689142552881
2022-11-07,PROD-002,59,5917.356010806177
2022-11-08,PROD-002,53,7203.036392314332
2022-11-09,PROD-002,60,2509.430428692929
2022-11-10,PROD-002,35,2336.1688706103987
2022-11-11,PROD-002,55,6642.116154896423
2022-11-12,PROD-002,33,2399.269176652959
2022-11-13,PROD-002,25,686.6354242255566
2022-11-14,PROD-002,37,5387.548553587681
2022-11-15,PROD-002,55,5192.073080329187
2022-11-16,PROD-002,45,1900.522085607398
2022-11-17,PROD-002,51,7306.64615438656
2022-11-18,PROD-002,50,6136.476545242582
2022-11-19,PROD-002,37,2103.9609360265126
2022-11-20,PROD-002,32,1153.1537864581367
2022-11-21,PROD-002,36,5366.059361772126
2022-11-22,PROD-002,32,4287.449263554793
2022-11-23,PROD-002,50,6765.901652833726
2022-11-24,PROD-002,51,4945.431407636784
2022-11-25,PROD-002,34,4817.494793613855
2022-11-26,PROD-002,32,3235.3582708662166
2022-11-27,PROD-002,33,4195.276750140538
2022-11-28,PROD-002,45,6677.381780074168
2022-11-29,PROD-002,47,2957.0792677650306
2022-11-30,PROD-002,52,6399.698760399099
2022-12-01,PROD-002,31,4254.144385211528
2022-12-02,PROD-002,55,5775.307130582813
2022-12-03,PROD-002,24,1274.5210707667297
2022-12-04,PROD-002,28,2959.6013286515063
2022-12-05,PROD-002,41,5881.528823691543
2022-12-06,PROD-002,32,811.4498091383437
2022-12-07,PROD-002,32,4072.4843340679654
2022-12-08,PROD-002,39,4190.513830346039
2022-12-09,PROD-002,51,7623.167369141789
2022-12-10,PROD-002,27,2214.8366428441323
2022-12-11,PROD-002,26,2168.4961964833337
2022-12-12,PROD-002,49,4427.965003114372
2022-12-13,PROD-002,53,4748.255156111748
2022-12-14,PROD-002,44,3634.486994468375
2022-12-15,PROD-002,35,1758.0390734590972
2022-12-16,PROD-002,35,1076.2526836676632
2022-12-17,PROD-002,20,1449.5173746543435
2022-12-18,PROD-002,24,1601.1785408679714
2022-12-19,PROD-002,44,5763.655725806479
2022-12-20,PROD-002,32,1038.5405095682418
2022-12-21,PROD-002,30,1099.8734175647712
2022-12-22,PROD-002,41,3064.191603232498
2022-12-23,PROD-002,34,3670.786693833531
2022-12-24,PROD-002,32,3454.568679925295
2022-12-25,PROD-002,25,1535.3232527184377
2022-12-26,PROD-002,46,2338.775263468302
2022-12-27,PROD-002,29,2313.941053335479
2022-12-28,PROD-002,30,1115.182409584143
2022-12-29,PROD-002,46,6675.039247668194
2022-12-30,PROD-002,46,1359.7503634721481
2022-12-31,PROD-002,32,4775.239792715905
2023-01-01,PROD-002,32,1109.908916225527
2023-01-02,PROD-002,50,1260.0645528581329
2023-01-03,PROD-002,37,5327.850665441496
2023-01-04,PROD-002,28,3926.798746743511
2023-01-05,PROD-002,38,1305.490151049164
2023-01-06,PROD-002,33,1537.9138759945588
2023-01-07,PROD-002,28,1687.5412467771848
2023-01-08,PROD-002,33,4034.546317961461
2023-01-09,PROD-002,52,5514.194377428949
2023-01-10,PROD-002,46,4519.036257927924
2023-01-11,PROD-002,49,6490.911188923748
2023-01-12,PROD-002,38,3773.960605333048
2023-01-13,PROD-002,42,3367.9097055093434
2023-01-14,PROD-002,28,4130.662398879864
2023-01-15,PROD-002,19,841.2361994689957
2023-01-16,PROD-002,35,2210.299650265794
2023-01-17,PROD-002,46,6153.642779368923
2023-01-18,PROD-002,37,2279.9124124506766
2023-01-19,PROD-002,28,1876.1147628104095
2023-01-20,PROD-002,39,5237.81770740832
2023-01-21,PROD-002,29,3455.3011987899067
2023-01-22,PROD-002,20,1897.2282763731778
2023-01-23,PROD-002,32,4102.521337096337
2023-01-24,PROD-002,38,2239.5058030404734
2023-01-25,PROD-002,28,2469.377773311303
2023-01-26,PROD-002,32,3926.4245612034415
2023-01-27,PROD-002,31,1922.9840937400425
2023-01-28,PROD-002,22,1549.2413727062672
2023-01-29,PROD-002,31,3797.3587380249573
2023-01-30,PROD-002,47,7029.4677856794815
2023-01-31,PROD-002,31,1624.1112417020686
2023-02-01,PROD-002,36,4450.3535335862625
2023-02-02,PROD-002,40,3604.763067231939
2023-02-03,PROD-002,41,5768.810605224624
2023-02-04,PROD-002,17,455.28364361782593
2023-02-05,PROD-002,28,3964.651444268047
2023-02-06,PROD-002,47,2527.249421770146
2023-02-07,PROD-002,43,2563.9762397196196
2023-02-08,PROD-002,33,3659.3583332741005
2023-02-09,PROD-002,48,3972.661799177319
2023-02-10,PROD-002,42,2734.546430960044
2023-02-11,PROD-002,24,1379.5340090927837
2023-02-12,PROD-002,23,1810.63467607508
2023-02-13,PROD-002,44,6532.238107512498
2023-02-14,PROD-002,39,2982.7125643293157
2023-02-15,PROD-002,38,1041.1628830123584
2023-02-16,PROD-002,46,6161.707970449976
2023-02-17,PROD-002,42,1509.2968239238578
2023-02-18,PROD-002,21,602.5227380613592
2023-02-19,PROD-002,27,3629.0909210793634
2023-02-20,PROD-002,30,985.1051188587229
2023-02-21,PROD-002,39,3802.7052066571737
2023-02-22,PROD-002,28,3228.646923628684
2023-02-23,PROD-002,46,3610.370275947519
2023-02-24,PROD-002,42,4257.375248743217
2023-02-25,PROD-002,17,1819.8896926607401
2023-02-26,PROD-002,26,2336.109740118027
2023-02-27,PROD-002,28,1579.832614820381
2023-02-28,PROD-002,40,5298.2781381050145
2023-03-01,PROD-002,28,2360.5816272392203
2023-03-02,PROD-002,35,2270.2275089295567
2023-03-03,PROD-002,30,3258.925514061015
2023-03-04,PROD-002,25,1583.7590657996222
2023-03-05,PROD-002,25,3448.4894791667252
2023-03-06,PROD-002,31,2201.9863180147654
2023-03-07,PROD-002,45,6463.618397783095
2023-03-08,PROD-002,42,2800.557457761196
2023-03-09,PROD-002,48,4751.779083844419
2023-03-10,PROD-002,26,970.4865825622276
2023-03-11,PROD-002,23,2536.6420194631496
2023-03-12,PROD-002,26,2651.4067353914475
2023-03-13,PROD-002,34,4981.267556755239
2023-03-14,PROD-002,39,3733.606693892278
2023-03-15,PROD-002,44,2989.095661136912
2023-03-16,PROD-002,49,3487.1041596712835
2023-03-17,PROD-002,36,1036.2502452039405
2023-03-18,PROD-002,29,2378.883467335255
2023-03-19,PROD-002,24,960.7371701313693
2023-03-20,PROD-002,30,2991.2571186892264
2023-03-21,PROD-002,47,4975.757140945716
2023-03-22,PROD-002,31,1425.6923544850874
2023-03-23,PROD-002,35,3692.9887444794053
2023-03-24,PROD-002,33,4396.873587843325
2023-03-25,PROD-002,27,3175.4791071054765
2023-03-26,PROD-002,27,3648.6091406470887
2023-03-27,PROD-002,30,2193.0818815187013
2023-03-28,PROD-002,27,4049.5382691387867
2023-03-29,PROD-002,48,5979.080342365714
2023-03-30,PROD-002,47,6551.721150921301
2023-03-31,PROD-002,33,4714.898008182405
2023-04-01,PROD-002,18,1325.6707311342534
2023-04-02,PROD-002,19,2747.425660021982
2023-04-03,PROD-002,34,1638.967050207152
2023-04-04,PROD-002,48,1586.1348010695888
2023-04-05,PROD-002,48,3605.9188750126987
2023-04-06,PROD-002,33,3239.6340613226394
2023-04-07,PROD-002,39,3959.7909387794903
2023-04-08,PROD-002,25,1146.6512102697336
2023-04-09,PROD-002,25,2901.040044592296
2023-04-10,PROD-002,45,1264.8987377087483
2023-04-11,PROD-002,40,1887.3350294107922
2023-04-12,PROD-002,31,1061.8698414141957
2023-04-13,PROD-002,49,1351.731936678388
2023-04-14,PROD-002,30,1108.923869730614
2023-04-15,PROD-002,31,3975.066076970357
2023-04-16,PROD-002,32,3445.7830564084393
2023-04-17,PROD-002,32,2865.6593337967315
2023-04-18,PROD-002,44,3678.941370131668
2023-04-19,PROD-002,48,3119.3322147429626
2023-04-20,PROD-002,48,4446.101293463678
2023-04-21,PROD-002,52,2375.763450318467
2023-04-22,PROD-002,26,3195.059037504568
2023-04-23,PROD-002,28,988.235447699157
2023-04-24,PROD-002,44,4996.171652594833
2023-04-25,PROD-002,43,2823.3245652935284
2023-04-26,PROD-002,46,3249.401967237999
2023-04-27,PROD-002,52,7110.324147223037
2023-04-28,PROD-002,35,4246.0138872656025
2023-04-29,PROD-002,23,1172.6986087585774
2023-04-30,PROD-002,29,3120.407005086775
2023-05-01,PROD-002,33,4385.757921744194
2023-05-02,PROD-002,50,1330.3280585295802
2023-05-03,PROD-002,50,2613.098135160728
2023-05-04,PROD-002,42,2412.8630615468383
2023-05-05,PROD-002,38,3060.2249920641098
2023-05-06,PROD-002,34,2697.959376040363
2023-05-07,PROD-002,32,2100.0308284654175
2023-05-08,PROD-002,43,1371.0452446142813
2023-05-09,PROD-002,48,5113.4392808190405
2023-05-10,PROD-002,41,5157.607136025566
2023-05-11,PROD-002,40,4558.046401418256
2023-05-12,PROD-002,40,3222.5127841795284
2023-05-13,PROD-002,34,1273.8097864295592
2023-05-14,PROD-002,23,2201.7626478562693
2023-05-15,PROD-002,50,4566.194974595783
2023-05-16,PROD-002,30,3676.904368223072
2023-05-17,PROD-002,36,2149.2137032610667
2023-05-18,PROD-002,55,4415.688082819968
2023-05-19,PROD-002,39,4731.333708829291
2023-05-20,PROD-002,20,1992.0810963483066
2023-05-21,PROD-002,35,2084.093411503963
2023-05-22,PROD-002,30,2009.6212604910465
2023-05-23,PROD-002,32,1648.3689032045122
2023-05-24,PROD-002,51,2645.6229866556478
2023-05-25,PROD-002,52,5075.989108049721
2023-05-26,PROD-002,34,1799.7259551055415
2023-05-27,PROD-002,21,2952.1773618966427
2023-05-28,PROD-002,26,1345.1192077103344
2023-05-29,PROD-002,56,5488.6122574625015
2023-05-30,PROD-002,44,6248.6954939467705
2023-05-31,PROD-002,45,6116.765794005378
2023-06-01,PROD-002,44,1789.4022055352461
2023-06-02,PROD-002,53,4357.2632487649025
2023-06-03,PROD-002,21,757.899747797687
2023-06-04,PROD-002,24,2157.89696693278
2023-06-05,PROD-002,41,3533.268677438878
2023-06-06,PROD-002,48,1401.2031830451713
2023-06-07,PROD-002,53,5003.0260800353935
2023-06-08,PROD-002,54,3405.488781039127
2023-06-09,PROD-002,58,1491.1738128940901
2023-06-10,PROD-002,36,5356.819899459477
2023-06-11,PROD-002,21,2317.097261168408
2023-06-12,PROD-002,33,2917.3506913166643
2023-06-13,PROD-002,55,5834.691455525476
2023-06-14,PROD-002,45,6023.025370252812
2023-06-15,PROD-002,43,2374.6305671424325
2023-06-16,PROD-002,36,3996.3615920903185
2023-06-17,PROD-002,21,2125.580037901405
2023-06-18,PROD-002,22,1491.3777108113306
2023-06-19,PROD-002,51,6019.665493186513
2023-06-20,PROD-002,47,1923.079061461429
2023-06-21,PROD-002,59,7111.223177930602
2023-06-22,PROD-002,49,5838.193371380227
2023-06-23,PROD-002,45,4318.374957634677
2023-06-24,PROD-002,35,2238.324429985225
2023-06-25,PROD-002,25,1725.8015277841725
2023-06-26,PROD-002,54,5192.299541885671
2023-06-27,PROD-002,55,7766.384662579584
2023-06-28,PROD-002,61,3282.5518879642264
2023-06-29,PROD-002,48,5361.739552263786
2023-06-30,PROD-002,42,5096.993340902027
2023-07-01,PROD-002,39,4056.7079242291884
2023-07-02,PROD-002,27,1700.8050843637213
2023-07-03,PROD-002,40,4761.775328326071
2023-07-04,PROD-002,43,3677.6358246275813
2023-07-05,PROD-002,35,3827.976896543279
2023-07-06,PROD-002,41,4514.241036002067
2023-07-07,PROD-002,43,4688.964044273204
2023-07-08,PROD-002,22,653.5415994297776
2023-07-09,PROD-002,22,2298.3415753476825
2023-07-10,PROD-002,43,6274.747678083056
2023-07-11,PROD-002,59,5814.02570256347
2023-07-12,PROD-002,56,3872.6866070514616
2023-07-13,PROD-002,54,5189.239763925684
2023-07-14,PROD-002,39,4144.012912527452
2023-07-15,PROD-002,36,4616.9851966327415
2023-07-16,PROD-002,24,2473.9439219601913
2023-07-17,PROD-002,37,4107.995944880909
2023-07-18,PROD-002,38,4673.353529039679
2023-07-19,PROD-002,44,3850.5171206334016
2023-07-20,PROD-002,44,6368.374716446531
2023-07-21,PROD-002,58,1753.6381552597113
2023-07-22,PROD-002,36,5283.381833685404
2023-07-23,PROD-002,40,3950.820974649541
2023-07-24,PROD-002,54,3266.9976105789906
2023-07-25,PROD-002,50,4622.78292725329
2023-07-26,PROD-002,53,3937.6062382770456
2023-07-27,PROD-002,64,2990.099674508429
2023-07-28,PROD-002,56,5774.487754507837
2023-07-29,PROD-002,23,1418.3884053724887
2023-07-30,PROD-002,32,2082.0034177686675
2023-07-31,PROD-002,50,2880.6811542408773
2023-08-01,PROD-002,59,8843.471133164758
2023-08-02,PROD-002,62,3378.53371655742
2023-08-03,PROD-002,61,7971.995052554762
2023-08-04,PROD-002,36,2624.8587417610997
2023-08-05,PROD-002,34,2883.928422493217
2023-08-06,PROD-002,38,2657.7287987757463
2023-08-07,PROD-002,42,6010.061819429039
2023-08-08,PROD-002,54,3516.388627583419
2023-08-09,PROD-002,41,2964.9262347058193
2023-08-10,PROD-002,55,5434.099254783489
2023-08-11,PROD-002,60,2092.6253629967664
2023-08-12,PROD-002,34,3995.7853451076526
2023-08-13,PROD-002,34,1117.3256388269008
2023-08-14,PROD-002,49,5678.255664152525
2023-08-15,PROD-002,57,6992.936159878464
2023-08-16,PROD-002,49,1392.1097302238381
2023-08-17,PROD-002,47,5868.3787479927705
2023-08-18,PROD-002,37,1416.264030910616
2023-08-19,PROD-002,39,4470.444806264476
2023-08-20,PROD-002,38,1240.3982952856124
2023-08-21,PROD-002,57,1449.575262719078
2023-08-22,PROD-002,64,2500.322798885682
2023-08-23,PROD-002,65,6364.076136559554
2023-08-24,PROD-002,44,3197.5769944518593
2023-08-25,PROD-002,56,2506.372949998853
2023-08-26,PROD-002,30,2385.1589034504686
2023-08-27,PROD-002,28,819.3808525110495
2023-08-28,PROD-002,60,5684.799684081796
2023-08-29,PROD-002,43,3075.051034936494
2023-08-30,PROD-002,64,4743.89638166925
2023-08-31,PROD-002,61,5663.438588961531
2023-09-01,PROD-002,40,3737.0338884769326
2023-09-02,PROD-002,26,861.4008040507409
2023-09-03,PROD-002,43,5964.55744987998
2023-09-04,PROD-002,51,6188.307805265789
2023-09-05,PROD-002,44,2988.832155844956
2023-09-06,PROD-002,55,8200.775875853493
2023-09-07,PROD-002,43,3783.5991691923073
2023-09-08,PROD-002,53,4151.7378217058795
2023-09-09,PROD-002,40,1192.4999669565054
2023-09-10,PROD-002,36,2171.783454103391
2023-09-11,PROD-002,53,5689.51939351949
2023-09-12,PROD-002,44,5532.719549710419
2023-09-13,PROD-002,58,3455.49537934378
2023-09-14,PROD-002,40,1145.065472482448
2023-09-15,PROD-002,65,7568.302506801212
2023-09-16,PROD-002,41,4178.470754356719
2023-09-17,PROD-002,35,3519.117310127386
2023-09-18,PROD-002,60,8355.629842931865
2023-09-19,PROD-002,53,4187.9306545334985
2023-09-20,PROD-002,58,2411.0446477121277
2023-09-21,PROD-002,37,2993.153941918048
2023-09-22,PROD-002,40,4050.9707564637893
2023-09-23,PROD-002,36,4773.298539301059
2023-09-24,PROD-002,31,1688.3962130134096
2023-09-25,PROD-002,37,1362.6148911752225
2023-09-26,PROD-002,49,6668.905178101669
2023-09-27,PROD-002,49,3779.890647908881
2023-09-28,PROD-002,42,2329.677029977988
2023-09-29,PROD-002,59,8265.698775171466
2023-09-30,PROD-002,30,3977.424190968131
2023-10-01,PROD-002,41,2139.690624158919
2023-10-02,PROD-002,45,3319.5088542082112
2023-10-03,PROD-002,42,5584.711047324183
2023-10-04,PROD-002,63,2072.9651909844983
2023-10-05,PROD-002,62,3602.6143340846147
2023-10-06,PROD-002,63,8385.449695410041
2023-10-07,PROD-002,27,1295.8868149830012
2023-10-08,PROD-002,24,2752.7322656354
2023-10-09,PROD-002,36,1356.2909584841298
2023-10-10,PROD-002,46,5393.807882328374
2023-10-11,PROD-002,56,4965.893388300005
2023-10-12,PROD-002,35,1007.5109477088884
2023-10-13,PROD-002,36,4581.2558252159515
2023-10-14,PROD-002,31,2501.3720978924944
2023-10-15,PROD-002,26,3726.1476302931537
2023-10-16,PROD-002,41,1082.0488260066722
2023-10-17,PROD-002,38,4945.903409404021
2023-10-18,PROD-002,39,4402.684875085858
2023-10-19,PROD-002,61,4704.640787056939
2023-10-20,PROD-002,39,3073.9077613487793
2023-10-21,PROD-002,34,4182.171677224018
2023-10-22,PROD-002,26,1257.5756056317302
2023-10-23,PROD-002,47,5170.71344335215
2023-10-24,PROD-002,59,4261.047802056541
2023-10-25,PROD-002,46,3069.296473082193
2023-10-26,PROD-002,40,5198.539455017503
2023-10-27,PROD-002,58,5630.026029981008
2023-10-28,PROD-002,27,2066.1317037311733
2023-10-29,PROD-002,26,2180.2630688799995
2023-10-30,PROD-002,51,1571.5825704368558
2023-10-31,PROD-002,46,5891.986993508176
2023-11-01,PROD-002,48,5785.266366455377
2023-11-02,PROD-002,51,6240.309182551076
2023-11-03,PROD-002,58,6051.12945696767
2023-11-04,PROD-002,33,2331.6196817370933
2023-11-05,PROD-002,27,3745.994930692483
2023-11-06,PROD-002,62,8846.540200874852
2023-11-07,PROD-002,42,4417.340071559967
2023-11-08,PROD-002,50,4203.522974640375
2023-11-09,PROD-002,39,4963.9330410042585
2023-11-10,PROD-002,37,4639.8026170823605
2023-11-11,PROD-002,29,2915.2174694760074
2023-11-12,PROD-002,37,2986.3199927372334
2023-11-13,PROD-002,38,2984.402670114968
2023-11-14,PROD-002,51,5542.10998916495
2023-11-15,PROD-002,49,4124.012765703814
2023-11-16,PROD-002,54,3908.13690107407
2023-11-17,PROD-002,35,2879.2350755143457
2023-11-18,PROD-002,32,1571.2872043591874
2023-11-19,PROD-002,34,3052.2665558591802
2023-11-20,PROD-002,46,1428.7147153572766
2023-11-21,PROD-002,52,5516.245158318504
2023-11-22,PROD-002,44,2064.5525156714975
2023-11-23,PROD-002,50,3618.476296140451
2023-11-24,PROD-002,35,5101.273736142574
2023-11-25,PROD-002,23,1992.5652084813287
2023-11-26,PROD-002,33,2787.9820236900136
2023-11-27,PROD-002,45,6537.777286309367
2023-11-28,PROD-002,41,3894.23297758218
2023-11-29,PROD-002,51,2146.152287893223
2023-11-30,PROD-002,38,5052.397597122719
2023-12-01,PROD-002,35,3449.090972439037
2023-12-02,PROD-002,27,2637.932761767211
2023-12-03,PROD-002,24,2748.35648669067
2023-12-04,PROD-002,34,4495.970352277038
2023-12-05,PROD-002,41,3357.594748296993
2023-12-06,PROD-002,54,2214.9155350397327
2023-12-07,PROD-002,41,3492.455555892951
2023-12-08,PROD-002,39,4827.753406242959
2023-12-09,PROD-002,26,3029.8570025673735
2023-12-10,PROD-002,34,2577.7156568839437
2023-12-11,PROD-002,50,2427.324823839042
2023-12-12,PROD-002,37,5440.621415661231
2023-12-13,PROD-002,50,6624.485370882977
2023-12-14,PROD-002,41,1830.6719057242012
2023-12-15,PROD-002,40,4161.209815147491
2023-12-16,PROD-002,22,2142.8732914075563
2023-12-17,PROD-002,33,2087.676705098233
2023-12-18,PROD-002,32,2101.968277832515
2023-12-19,PROD-002,47,4687.087941659415
2023-12-20,PROD-002,52,2077.167423572176
2023-12-21,PROD-002,33,2674.383614499467
2023-12-22,PROD-002,40,2015.7158914426914
2023-12-23,PROD-002,33,967.3930295903158
2023-12-24,PROD-002,34,3482.7406287570284
2023-12-25,PROD-002,53,2787.93945257666
2023-12-26,PROD-002,31,4484.712008709852
2023-12-27,PROD-002,45,2977.489490481798
2023-12-28,PROD-002,47,3951.8188351517215
2023-12-29,PROD-002,30,1439.3275340830642
2023-12-30,PROD-002,28,3811.5470816876987
2023-12-31,PROD-002,29,831.5644415728575
2024-01-01,PROD-002,49,4842.9141972876605
2024-01-02,PROD-002,51,3856.818773427602
2024-01-03,PROD-002,44,6347.992001105499
2024-01-04,PROD-002,47,3344.924592886414
2024-01-05,PROD-002,39,4634.898560594288
2024-01-06,PROD-002,32,2119.0988638954204
2024-01-07,PROD-002,21,1648.00096089373
2024-01-08,PROD-002,49,2021.9418746616568
2024-01-09,PROD-002,42,3194.9575902014917
2024-01-10,PROD-002,35,4505.279839845086
2024-01-11,PROD-002,29,1760.0746058314378
2024-01-12,PROD-002,32,3015.4640411747646
2024-01-13,PROD-002,25,855.6581132628562
2024-01-14,PROD-002,23,2711.5899184518807
2024-01-15,PROD-002,43,5871.732557569568
2024-01-16,PROD-002,36,5226.167076466287
2024-01-17,PROD-002,46,4970.35434877454
2024-01-18,PROD-002,33,3170.704248192656
2024-01-19,PROD-002,32,3911.763610481486
2024-01-20,PROD-002,20,1028.1225822547613
2024-01-21,PROD-002,30,3000.446629082277
2024-01-22,PROD-002,28,1703.5520387682873
2024-01-23,PROD-002,34,2137.181530565775
2024-01-24,PROD-002,50,3494.958806619384
2024-01-25,PROD-002,30,4435.7184333276255
2024-01-26,PROD-002,40,1078.6252501930967
2024-01-27,PROD-002,27,4011.00576505161
2024-01-28,PROD-002,21,1853.365544322157
2024-01-29,PROD-002,42,2005.3373251880378
2024-01-30,PROD-002,36,4640.160655231857
2024-01-31,PROD-002,42,2938.766439649311
2024-02-01,PROD-002,40,1467.8785629220029
2024-02-02,PROD-002,36,3801.414391180955
2024-02-03,PROD-002,20,872.5182871015601
2024-02-04,PROD-002,18,2630.5674351573284
2024-02-05,PROD-002,40,5343.51856794937
2024-02-06,PROD-002,45,1880.9916505723936
2024-02-07,PROD-002,37,3559.7144617681815
2024-02-08,PROD-002,28,1543.4022045388383
2024-02-09,PROD-002,27,1206.7934243538664
2024-02-10,PROD-002,26,1218.0171128057432
2024-02-11,PROD-002,23,3178.3609012905285
2024-02-12,PROD-002,49,4508.512073246391
2024-02-13,PROD-002,41,4212.064132338082
2024-02-14,PROD-002,28,4157.545187532748
2024-02-15,PROD-002,38,2234.720855428884
2024-02-16,PROD-002,33,1414.011272364855
2024-02-17,PROD-002,30,1501.5954362110028
2024-02-18,PROD-002,20,1326.5720143175552
2024-02-19,PROD-002,45,6447.435763776143
2024-02-20,PROD-002,49,4718.062619075927
2024-02-21,PROD-002,45,5169.43629794355
2024-02-22,PROD-002,34,5056.06240479645
2024-02-23,PROD-002,33,2069.02160092082
2024-02-24,PROD-002,25,3246.6036738717335
2024-02-25,PROD-002,29,3183.352117422166
2024-02-26,PROD-002,40,3534.0878493830746
2024-02-27,PROD-002,46,1769.1015853241274
2024-02-28,PROD-002,48,7007.00117806471
2024-02-29,PROD-002,27,761.4392536862086
2024-03-01,PROD-002,49,5488.323365625064
2024-03-02,PROD-002,23,598.4375396369497
2024-03-03,PROD-002,31,3071.057479789889
2024-03-04,PROD-002,38,2961.7009356260637
2024-03-05,PROD-002,48,4389.547141199239
2024-03-06,PROD-002,46,5128.157330897412
2024-03-07,PROD-002,28,2214.454002922531
2024-03-08,PROD-002,42,5145.7711232090505
2024-03-09,PROD-002,25,2224.64428131609
2024-03-10,PROD-002,29,1682.8161819461927
2024-03-11,PROD-002,29,3424.109220251541
2024-03-12,PROD-002,42,4842.086844875074
2024-03-13,PROD-002,48,6052.908128381255
2024-03-14,PROD-002,40,1941.6334543789167
2024-03-15,PROD-002,31,1550.509718691438
2024-03-16,PROD-002,24,3486.046337438086
2024-03-17,PROD-002,17,706.0129777996883
2024-03-18,PROD-002,27,1173.8826532861515
2024-03-19,PROD-002,37,3769.784457433559
2024-03-20,PROD-002,42,4754.217411160964
2024-03-21,PROD-002,28,1044.265967872654
2024-03-22,PROD-002,41,1279.6597006315606
2024-03-23,PROD-002,25,1491.2571137763082
2024-03-24,PROD-002,22,2986.5856120341364
2024-03-25,PROD-002,41,2385.238804301221
2024-03-26,PROD-002,29,2083.9851666424147
2024-03-27,PROD-002,38,4851.215644308438
2024-03-28,PROD-002,50,6025.055884917432
2024-03-29,PROD-002,27,3845.2446812818257
2024-03-30,PROD-002,25,3748.265323943787
2024-03-31,PROD-002,25,3354.6385532560676
2024-04-01,PROD-002,42,2155.6954109647104
2024-04-02,PROD-002,42,1439.707856458039
2024-04-03,PROD-002,46,4683.129260606362
2024-04-04,PROD-002,43,3742.0630101747674
2024-04-05,PROD-002,37,3596.5156343475624
2024-04-06,PROD-002,24,1119.8765517645816
2024-04-07,PROD-002,25,1867.8889820819536
2024-04-08,PROD-002,46,3007.648029738264
2024-04-09,PROD-002,47,4831.288961433859
2024-04-10,PROD-002,31,4353.540624723951
2024-04-11,PROD-002,29,3757.5262390697294
2024-04-12,PROD-002,45,4170.115140951311
2024-04-13,PROD-002,27,2358.5128345725598
2024-04-14,PROD-002,18,1224.732096552883
2024-04-15,PROD-002,50,4405.574961357095
2024-04-16,PROD-002,45,4173.535071729845
2024-04-17,PROD-002,38,2094.144014639405
2024-04-18,PROD-002,41,3004.8811661003497
2024-04-19,PROD-002,43,2518.1265244199626
2024-04-20,PROD-002,23,637.0223844849187
2024-04-21,PROD-002,32,1633.3171703775597
2024-04-22,PROD-002,43,1955.451556469137
2024-04-23,PROD-002,29,1785.8528630101662
2024-04-24,PROD-002,44,1568.4567813573274
2024-04-25,PROD-002,39,4598.461587245161
2024-04-26,PROD-002,51,2674.3527393747736
2024-04-27,PROD-002,32,3167.217217857565
2024-04-28,PROD-002,23,798.5494576416486
2024-04-29,PROD-002,32,2499.447777071209
2024-04-30,PROD-002,52,3527.0382894386976
2024-05-01,PROD-002,37,4368.174013204385
2024-05-02,PROD-002,51,4000.6633387777606
2024-05-03,PROD-002,53,5022.933824822649
2024-05-04,PROD-002,24,3460.69140271914
2024-05-05,PROD-002,20,1346.0516837012506
2024-05-06,PROD-002,30,3600.9887962798857
2024-05-07,PROD-002,40,5573.466406657625
2024-05-08,PROD-002,33,4947.003966200885
2024-05-09,PROD-002,36,1548.8850048394365
2024-05-10,PROD-002,49,4429.296405313187
2024-05-11,PROD-002,21,539.4039965582156
2024-05-12,PROD-002,30,1670.1315721882365
2024-05-13,PROD-002,40,4438.155429082873
2024-05-14,PROD-002,53,1731.108361668386
2024-05-15,PROD-002,39,1424.9897721631999
2024-05-16,PROD-002,44,2956.225049555704
2024-05-17,PROD-002,37,1746.3043318732416
2024-05-18,PROD-002,32,1973.5518984032578
2024-05-19,PROD-002,30,1748.8238788823305
2024-05-20,PROD-002,49,2017.5058613617286
2024-05-21,PROD-002,50,1830.321222297584
2024-05-22,PROD-002,41,2365.7515002594278
2024-05-23,PROD-002,34,4951.9617692368165
2024-05-24,PROD-002,36,5385.146251072794
2024-05-25,PROD-002,32,4636.975093944022
2024-05-26,PROD-002,23,1212.5471311483193
2024-05-27,PROD-002,54,5704.446212906547
2024-05-28,PROD-002,41,5826.701437325451
2024-05-29,PROD-002,39,3897.6252774707727
2024-05-30,PROD-002,45,2929.5811769902775
2024-05-31,PROD-002,55,2470.4633042804835
2024-06-01,PROD-002,28,1169.0225991140655
2024-06-02,PROD-002,24,1080.159005281685
2024-06-03,PROD-002,45,2564.9609248487805
2024-06-04,PROD-002,57,2154.9085994232055
2024-06-05,PROD-002,44,2778.907004471105
2024-06-06,PROD-002,32,4316.38926552606
2024-06-07,PROD-002,49,1980.8290979544304
2024-06-08,PROD-002,24,3079.4321813198476
2024-06-09,PROD-002,23,1248.3397185578945
2024-06-10,PROD-002,53,5173.151283471095
2024-06-11,PROD-002,38,1196.1867040723205
2024-06-12,PROD-002,39,3723.255767458205
2024-06-13,PROD-002,53,1888.7162871249548
2024-06-14,PROD-002,56,2382.487575351315
2024-06-15,PROD-002,38,1829.1425129164538
2024-06-16,PROD-002,38,3773.780026734859
2024-06-17,PROD-002,51,1765.446390746166
2024-06-18,PROD-002,36,2681.025728145053
2024-06-19,PROD-002,37,3545.7604640618583
2024-06-20,PROD-002,39,5335.36318485029
2024-06-21,PROD-002,35,4657.96087291254
2024-06-22,PROD-002,34,4204.924040665687
2024-06-23,PROD-002,25,3672.4262752376953
2024-06-24,PROD-002,60,1866.0903349061525
2024-06-25,PROD-002,40,5867.838329092172
2024-06-26,PROD-002,62,6270.370001990287
2024-06-27,PROD-002,43,5799.0035034489365
2024-06-28,PROD-002,53,3724.9309851721905
2024-06-29,PROD-002,36,3309.969904562135
2024-06-30,PROD-002,31,3647.0431320811763
2024-07-01,PROD-002,36,1869.7021869339294
2024-07-02,PROD-002,45,6599.163657152887
2024-07-03,PROD-002,42,4864.247257791512
2024-07-04,PROD-002,46,4697.703804682749
2024-07-05,PROD-002,44,3781.1233854569587
2024-07-06,PROD-002,32,2240.7719781320275
2024-07-07,PROD-002,35,4497.274850865322
2024-07-08,PROD-002,61,9058.105931516253
2024-07-09,PROD-002,57,8165.159862394519
2024-07-10,PROD-002,60,8169.871082897997
2024-07-11,PROD-002,58,1603.6769623201349
2024-07-12,PROD-002,38,2217.3287297277084
2024-07-13,PROD-002,36,2971.6883850141016
2024-07-14,PROD-002,33,1784.1239433168605
2024-07-15,PROD-002,42,4412.078466202541
2024-07-16,PROD-002,48,2519.0030723699824
2024-07-17,PROD-002,56,5277.836721004329
2024-07-18,PROD-002,38,1830.740335548854
2024-07-19,PROD-002,48,5945.522628797242
2024-07-20,PROD-002,25,1749.6691628137833
2024-07-21,PROD-002,28,2929.583126290048
2024-07-22,PROD-002,59,4189.023536326041
2024-07-23,PROD-002,59,7531.2843354053175
2024-07-24,PROD-002,38,3668.8692248410584
2024-07-25,PROD-002,49,2591.46906083286
2024-07-26,PROD-002,49,6158.011199134486
2024-07-27,PROD-002,38,4942.060207762336
2024-07-28,PROD-002,38,4651.62798569408
2024-07-29,PROD-002,60,1947.8376717042656
2024-07-30,PROD-002,60,7995.887859907418
2024-07-31,PROD-002,47,3927.196165557527
2024-08-01,PROD-002,59,1683.3379154477989
2024-08-02,PROD-002,46,1897.501046102146
2024-08-03,PROD-002,24,1815.8873357364616
2024-08-04,PROD-002,39,4111.9109097372175
2024-08-05,PROD-002,65,7322.779018955598
2024-08-06,PROD-002,60,4154.875178983365
2024-08-07,PROD-002,48,4298.224221427303
2024-08-08,PROD-002,61,4486.223717470037
2024-08-09,PROD-002,52,1542.4498066343508
2024-08-10,PROD-002,28,3475.4280367223255
2024-08-11,PROD-002,29,843.0508200410965
2024-08-12,PROD-002,37,4950.468450394849
2024-08-13,PROD-002,48,5432.277913660981
2024-08-14,PROD-002,61,7410.636370410814
2024-08-15,PROD-002,47,6481.671622975139
2024-08-16,PROD-002,38,2298.7375445875327
2024-08-17,PROD-002,38,2132.0223442618612
2024-08-18,PROD-002,24,2155.667657727422
2024-08-19,PROD-002,52,3083.510996478293
2024-08-20,PROD-002,59,2286.3494793686828
2024-08-21,PROD-002,49,7319.48364412817
2024-08-22,PROD-002,67,6107.524374391464
2024-08-23,PROD-002,46,4781.781286560577
2024-08-24,PROD-002,36,3570.8396240767697
2024-08-25,PROD-002,26,784.2688645639927
2024-08-26,PROD-002,39,5181.630736981295
2024-08-27,PROD-002,62,7393.766218011606
2024-08-28,PROD-002,56,7903.66723225046
2024-08-29,PROD-002,45,1474.8505899019656
2024-08-30,PROD-002,50,2152.193731725825
2024-08-31,PROD-002,31,4379.457145454437
2024-09-01,PROD-002,36,4595.136526586183
2024-09-02,PROD-002,60,2029.7665817234383
2024-09-03,PROD-002,43,4464.317405878933
2024-09-04,PROD-002,38,2758.724378833122
2024-09-05,PROD-002,49,6142.850306861021
2024-09-06,PROD-002,67,6864.40040011302
2024-09-07,PROD-002,30,1861.4722391048897
2024-09-08,PROD-002,41,2228.040010784393
2024-09-09,PROD-002,46,4890.059041813612
2024-09-10,PROD-002,60,5407.851769024847
2024-09-11,PROD-002,63,5339.800643953945
2024-09-12,PROD-002,42,1794.7903721084995
2024-09-13,PROD-002,54,7074.885906077306
2024-09-14,PROD-002,34,4233.5715012567025
2024-09-15,PROD-002,36,1960.2574919930069
2024-09-16,PROD-002,49,2624.8577969785674
2024-09-17,PROD-002,58,3067.009482928574
2024-09-18,PROD-002,60,6372.518210488006
2024-09-19,PROD-002,56,1874.3054476452999
2024-09-20,PROD-002,64,4420.45062767974
2024-09-21,PROD-002,25,645.8413706775514
2024-09-22,PROD-002,35,1258.1380440261325
2024-09-23,PROD-002,40,1200.5501741654857
2024-09-24,PROD-002,66,4203.645470458722
2024-09-25,PROD-002,55,1673.6328578935309
2024-09-26,PROD-002,43,5922.558162128875
2024-09-27,PROD-002,53,7744.211258059485
2024-09-28,PROD-002,25,1973.1885770420226
2024-09-29,PROD-002,37,1487.9988885854864
2024-09-30,PROD-002,65,6663.474909676272
2024-10-01,PROD-002,57,5697.889312195027
2024-10-02,PROD-002,60,3636.1407939426317
2024-10-03,PROD-002,51,5816.263642540689
2024-10-04,PROD-002,49,5441.352412345087
2024-10-05,PROD-002,27,678.840598269242
2024-10-06,PROD-002,33,3201.0872319864484
2024-10-07,PROD-002,44,2569.2167481336064
2024-10-08,PROD-002,44,6227.573689767137
2024-10-09,PROD-002,65,3472.3184490731815
2024-10-10,PROD-002,41,1058.361870663605
2024-10-11,PROD-002,43,5967.4826772499855
2024-10-12,PROD-002,28,911.7857036682631
2024-10-13,PROD-002,29,847.7753649395254
2024-10-14,PROD-002,62,3497.483033229336
2024-10-15,PROD-002,56,6780.172808496372
2024-10-16,PROD-002,37,1734.6654797302979
2024-10-17,PROD-002,36,2654.4016764671373
2024-10-18,PROD-002,58,1460.9789612334419
2024-10-19,PROD-002,32,842.0028218193736
2024-10-20,PROD-002,28,3804.0715073762317
2024-10-21,PROD-002,63,8062.756223074535
2024-10-22,PROD-002,38,3399.4246080148137
2024-10-23,PROD-002,64,1722.024157461425
2024-10-24,PROD-002,36,4086.025003152087
2024-10-25,PROD-002,61,8321.555499684346
2024-10-26,PROD-002,36,2117.9875014632316
2024-10-27,PROD-002,34,3288.7413980806277
2024-10-28,PROD-002,40,2348.905923886419
2024-10-29,PROD-002,59,4800.995696430664
2024-10-30,PROD-002,61,4734.0974714590575
2024-10-31,PROD-002,54,2682.1713191421118
2024-11-01,PROD-002,35,2665.490825658241
2024-11-02,PROD-002,37,3494.263776716414
2024-11-03,PROD-002,24,3106.867770849268
2024-11-04,PROD-002,57,7980.294169055671
2024-11-05,PROD-002,46,5288.432259720528
2024-11-06,PROD-002,42,6022.591095526751
2024-11-07,PROD-002,57,6238.153999889382
2024-11-08,PROD-002,34,3069.758529437054
2024-11-09,PROD-002,21,2561.890243151926
2024-11-10,PROD-002,24,1663.7193482255589
2024-11-11,PROD-002,60,7159.768499736189
2024-11-12,PROD-002,45,3708.8835274390044
2024-11-13,PROD-002,34,2161.042194970746
2024-11-14,PROD-002,42,4595.075313348151
2024-11-15,PROD-002,35,2152.3342036771164
2024-11-16,PROD-002,34,4458.758920561748
2024-11-17,PROD-002,32,1215.0577089134222
2024-11-18,PROD-002,60,6185.3950420470455
2024-11-19,PROD-002,48,2344.0773512732367
2024-11-20,PROD-002,50,5132.983006529827
2024-11-21,PROD-002,38,1634.3825004243888
2024-11-22,PROD-002,35,4684.701257000136
2024-11-23,PROD-002,25,1908.9344182727145
2024-11-24,PROD-002,31,3767.137813774042
2024-11-25,PROD-002,42,4312.844102715937
2024-11-26,PROD-002,41,4549.389326263418
2024-11-27,PROD-002,36,1701.1766704365764
2024-11-28,PROD-002,43,5289.510488108828
2024-11-29,PROD-002,51,5719.472801300592
2024-11-30,PROD-002,37,4117.1303861579845
2024-12-01,PROD-002,32,3617.0340528225115
2024-12-02,PROD-002,56,3797.939304165
2024-12-03,PROD-002,41,5546.892725495503
2024-12-04,PROD-002,53,6486.380515338897
2024-12-05,PROD-002,47,2954.107177415315
2024-12-06,PROD-002,44,3275.1065680790043
2024-12-07,PROD-002,20,2419.6808852772797
2024-12-08,PROD-002,21,1163.1767020566797
2024-12-09,PROD-002,33,3143.471883690796
2024-12-10,PROD-002,50,5077.279764552339
2024-12-11,PROD-002,36,3421.9204374303586
2024-12-12,PROD-002,31,2756.5727362763246
2024-12-13,PROD-002,40,1888.0454162254055
2024-12-14,PROD-002,20,943.723464920939
2024-12-15,PROD-002,21,2303.931388547466
2024-12-16,PROD-002,34,2465.1037839825217
2024-12-17,PROD-002,52,2643.2677008596766
2024-12-18,PROD-002,46,2198.7394119479736
2024-12-19,PROD-002,51,3523.1071583788917
2024-12-20,PROD-002,48,2793.6721598539366
2024-12-21,PROD-002,21,2790.0663274265753
2024-12-22,PROD-002,33,4538.966610498786
2024-12-23,PROD-002,47,4956.695300345321
2024-12-24,PROD-002,45,1146.5181303072059
2024-12-25,PROD-002,53,2428.1940047907356
2024-12-26,PROD-002,48,3694.1087923733458
2024-12-27,PROD-002,37,2342.660471252059
2024-12-28,PROD-002,30,982.0689996161634
2024-12-29,PROD-002,20,2188.9663740051533
2024-12-30,PROD-002,45,1423.7960533262356
2024-12-31,PROD-002,49,4217.652041740391
2025-01-01,PROD-002,52,4722.984660357635
2025-01-02,PROD-002,41,2274.3103629085076
2025-01-03,PROD-002,31,3175.5628232406707
2025-01-04,PROD-002,23,2470.5506634001094
2025-01-05,PROD-002,26,3700.2542612227107
2025-01-06,PROD-002,41,5032.208810300132
2025-01-07,PROD-002,46,2044.175622841617
2025-01-08,PROD-002,38,1595.4901862291495
2025-01-09,PROD-002,45,6740.820408685984
2025-01-10,PROD-002,31,2115.75165420978
2025-01-11,PROD-002,30,1630.166860151511
2025-01-12,PROD-002,24,3058.9291242684635
2025-01-13,PROD-002,39,5294.710614369107
2025-01-14,PROD-002,39,3257.143457431842
2025-01-15,PROD-002,34,4418.4593237764775
2025-01-16,PROD-002,37,3468.713712559178
2025-01-17,PROD-002,35,4808.897139667686
2025-01-18,PROD-002,19,759.8761243653133
2025-01-19,PROD-002,22,3033.4958457705748
2025-01-20,PROD-002,45,3110.288555865722
2025-01-21,PROD-002,49,3134.598004786457
2025-01-22,PROD-002,29,1557.0187090718152
2025-01-23,PROD-002,47,6685.828936652054
2025-01-24,PROD-002,30,775.3770535571144
2025-01-25,PROD-002,17,2073.600072740482
2025-01-26,PROD-002,27,2615.407413211423
2025-01-27,PROD-002,47,4469.095206004731
2025-01-28,PROD-002,36,1126.7942282044169
2025-01-29,PROD-002,38,984.3855970785482
2025-01-30,PROD-002,35,4575.235092766571
2025-01-31,PROD-002,50,1781.626361849827
2025-02-01,PROD-002,28,2885.5946803168504
2025-02-02,PROD-002,27,1333.4229472626564
2025-02-03,PROD-002,31,1569.071545658443
2025-02-04,PROD-002,39,2113.3067284356885
2025-02-05,PROD-002,32,3962.975709657369
2025-02-06,PROD-002,32,4661.115590438432
2025-02-07,PROD-002,30,2639.8805430686243
2025-02-08,PROD-002,31,1176.095377289085
2025-02-09,PROD-002,22,2640.587770062377
2025-02-10,PROD-002,35,3694.65374645904
2025-02-11,PROD-002,38,2324.8537092228694
2025-02-12,PROD-002,37,1517.4227367630979
2025-02-13,PROD-002,35,1664.403671346393
2025-02-14,PROD-002,27,1052.9687451957461
2025-02-15,PROD-002,20,2716.6491176600402
2025-02-16,PROD-002,24,2748.1274276492163
2025-02-17,PROD-002,47,3299.9840759089006
2025-02-18,PROD-002,31,3789.8821468603683
2025-02-19,PROD-002,40,2484.3367722616504
2025-02-20,PROD-002,30,2015.6057944915879
2025-02-21,PROD-002,28,4040.6434440488456
2025-02-22,PROD-002,31,1612.0804553631258
2025-02-23,PROD-002,26,1012.1485231756623
2025-02-24,PROD-002,38,1756.6781379236093
2025-02-25,PROD-002,37,2922.6852760882566
2025-02-26,PROD-002,28,1052.251888396733
2025-02-27,PROD-002,45,4050.1911538332033
2025-02-28,PROD-002,39,4942.6495324575635
2025-03-01,PROD-002,19,1438.7014386008734
2025-03-02,PROD-002,18,1856.1686990449796
2025-03-03,PROD-002,42,5339.401664127381
2025-03-04,PROD-002,39,4105.339023803464
2025-03-05,PROD-002,30,3251.785951831007
2025-03-06,PROD-002,47,2677.062867939386
2025-03-07,PROD-002,36,901.5217685911645
2025-03-08,PROD-002,22,1513.1129954854694
2025-03-09,PROD-002,20,1460.8049412952116
2025-03-10,PROD-002,33,4438.557764222299
2025-03-11,PROD-002,28,2909.580412526755
2025-03-12,PROD-002,48,5943.39751121126
2025-03-13,PROD-002,39,2424.896871609874
2025-03-14,PROD-002,29,3652.2980366378392
2025-03-15,PROD-002,22,1026.3206245342615
2025-03-16,PROD-002,21,798.0859550379722
2025-03-17,PROD-002,41,4792.564847074541
2025-03-18,PROD-002,34,2844.79494567748
2025-03-19,PROD-002,31,914.1652667004533
2025-03-20,PROD-002,46,4999.121247438796
2025-03-21,PROD-002,44,6354.041924285795
2025-03-22,PROD-002,23,3074.463975752328
2025-03-23,PROD-002,21,1493.9552296652776
2025-03-24,PROD-002,28,1410.8108843430168
2025-03-25,PROD-002,44,1289.9680307509395
2025-03-26,PROD-002,44,1205.214180502788
2025-03-27,PROD-002,50,1781.1770475874425
2025-03-28,PROD-002,39,5084.268255648914
2025-03-29,PROD-002,18,2470.0419772792825
2025-03-30,PROD-002,26,2279.7302093333574
2025-03-31,PROD-002,29,1389.5672249408967
2025-04-01,PROD-002,39,5836.3678448596975
2025-04-02,PROD-002,31,1376.709681848931
2025-04-03,PROD-002,33,3320.131730664433
2025-04-04,PROD-002,33,4297.814427967895
2025-04-05,PROD-002,19,1878.5384203542617
2025-04-06,PROD-002,31,4421.228946966196
2025-04-07,PROD-002,44,4622.145642227252
2025-04-08,PROD-002,49,7014.3883289282485
2025-04-09,PROD-002,39,1987.7461021852257
2025-04-10,PROD-002,45,2609.710200538676
2025-04-11,PROD-002,35,1810.8502510004312
2025-04-12,PROD-002,26,1263.7530119737405
2025-04-13,PROD-002,27,804.3549509972796
2025-04-14,PROD-002,33,3447.998663772299
2025-04-15,PROD-002,36,2268.6697151018175
2025-04-16,PROD-002,36,3357.874489100647
2025-04-17,PROD-002,33,1263.0282325121025
2025-04-18,PROD-002,51,1512.758040936008
2025-04-19,PROD-002,23,2090.7023545128395
2025-04-20,PROD-002,23,2725.4217357070247
2025-04-21,PROD-002,33,922.3597933521047
2025-04-22,PROD-002,42,2380.0780168895753
2025-04-23,PROD-002,36,2241.2257087882035
2025-04-24,PROD-002,32,3034.398319390102
2025-04-25,PROD-002,37,2134.841901379044
2025-04-26,PROD-002,19,1733.5628281658342
2025-04-27,PROD-002,23,3184.337633035606
2025-04-28,PROD-002,37,2757.650085169072
2025-04-29,PROD-002,46,2468.7171569656616
2025-04-30,PROD-002,44,1901.3643996197982
2025-05-01,PROD-002,38,1890.3360723878657
2025-05-02,PROD-002,31,856.0716310121823
2025-05-03,PROD-002,24,2187.423231299169
2025-05-04,PROD-002,22,1068.048280261969
2025-05-05,PROD-002,53,4635.7093712186115
2025-05-06,PROD-002,52,7168.773739480126
2025-05-07,PROD-002,43,4617.686456709456
2025-05-08,PROD-002,47,4588.603738049327
2025-05-09,PROD-002,45,1548.6278093493513
2025-05-10,PROD-002,20,1574.3203341452981
2025-05-11,PROD-002,24,2596.168574113354
2025-05-12,PROD-002,44,1720.448651212065
2025-05-13,PROD-002,51,2195.0671421163142
2025-05-14,PROD-002,45,3614.817015971842
2025-05-15,PROD-002,38,1710.1633909616014
2025-05-16,PROD-002,46,1561.3820609856937
2025-05-17,PROD-002,28,1514.5823686454098
2025-05-18,PROD-002,20,2269.64083897813
2025-05-19,PROD-002,41,5019.574335868567
2025-05-20,PROD-002,57,5156.909982883917
2025-05-21,PROD-002,38,1253.5138245065532
2025-05-22,PROD-002,43,1258.9880935078957
2025-05-23,PROD-002,43,3216.1562332524727
2025-05-24,PROD-002,29,995.2575550577313
2025-05-25,PROD-002,26,3527.197849198621
2025-05-26,PROD-002,54,5705.4483292220575
2025-05-27,PROD-002,35,2737.633534045264
2025-05-28,PROD-002,54,7866.931786521989
2025-05-29,PROD-002,46,5100.002190372972
2025-05-30,PROD-002,37,1217.3564523126277
2025-05-31,PROD-002,35,1679.1867298258203
2025-06-01,PROD-002,27,2632.4119488484225
2025-06-02,PROD-002,36,2785.295624562555
2025-06-03,PROD-002,42,1989.8124141615667
2025-06-04,PROD-002,49,6606.701432357649
2025-06-05,PROD-002,38,2737.546159924203
2025-06-06,PROD-002,37,1545.3352210640007
2025-06-07,PROD-002,25,2484.420554924685
2025-06-08,PROD-002,32,1973.4791690981344
2025-06-09,PROD-002,55,2363.848854374591
2025-06-10,PROD-002,52,2998.8343586462543
2025-06-11,PROD-002,34,3253.845772981712
2025-06-12,PROD-002,37,2130.0271695875376
2025-06-13,PROD-002,54,7547.242867154986
2025-06-14,PROD-002,35,2707.357437979638
2025-06-15,PROD-002,30,3287.489518459881
2025-06-16,PROD-002,33,1224.775204211863
2025-06-17,PROD-002,61,8989.39700949704
2025-06-18,PROD-002,60,1540.7671561117434
2025-06-19,PROD-002,39,1031.9361391341674
2025-06-20,PROD-002,41,5970.939929914872
2025-06-21,PROD-002,25,3554.0212601819294
2025-06-22,PROD-002,32,2924.420152107314
2025-06-23,PROD-002,61,7000.8748884549705
2025-06-24,PROD-002,39,5397.966769511045
2025-06-25,PROD-002,57,5355.900118393456
2025-06-26,PROD-002,62,5719.631150680642
2025-06-27,PROD-002,46,5349.997284462788
2025-06-28,PROD-002,23,648.1294671117483
2025-06-29,PROD-002,28,1096.5349555722482
2025-06-30,PROD-002,35,5057.226938380123
2025-07-01,PROD-002,40,2069.5514174288774
2025-07-02,PROD-002,37,3067.4139267702108
2025-07-03,PROD-002,50,7096.903738466002
2025-07-04,PROD-002,54,7310.7395788385975
2025-07-05,PROD-002,38,3594.1377890857525
2025-07-06,PROD-002,25,1415.124013130347
2025-07-07,PROD-002,45,5510.29722548026
2025-07-08,PROD-002,58,7763.65634851792
2025-07-09,PROD-002,47,6716.6173374948075
2025-07-10,PROD-002,55,2115.995892517829
2025-07-11,PROD-002,62,6339.505842792207
2025-07-12,PROD-002,34,1911.2802864622158
2025-07-13,PROD-002,30,4070.761661478802
2025-07-14,PROD-002,36,1683.899458701219
2025-07-15,PROD-002,58,8148.904263402479
2025-07-16,PROD-002,66,8734.138750761447
2025-07-17,PROD-002,66,4952.910332263883
2025-07-18,PROD-002,43,4374.4735973878915
2025-07-19,PROD-002,34,1885.4361786611194
2025-07-20,PROD-002,40,5756.0663211257315
2025-07-21,PROD-002,51,7419.294175331281
2025-07-22,PROD-002,63,8763.73359171529
2025-07-23,PROD-002,58,4436.086986359888
2025-07-24,PROD-002,42,5681.219890640202
2025-07-25,PROD-002,58,5728.380831863167
2025-07-26,PROD-002,37,4141.981800259403
2025-07-27,PROD-002,26,1767.3210886419802
2025-07-28,PROD-002,51,5703.89527065884
2025-07-29,PROD-002,67,8694.273607271825
2025-07-30,PROD-002,64,4244.227767211189
2025-07-31,PROD-002,45,5283.53804893122
2025-08-01,PROD-002,38,4812.767985570816
2025-08-02,PROD-002,35,4567.7507979162565
2025-08-03,PROD-002,42,4291.661523342791
2025-08-04,PROD-002,37,3910.419171435253
2025-08-05,PROD-002,60,6316.845996655341
2025-08-06,PROD-002,53,1333.729651165702
2025-08-07,PROD-002,40,5968.80871799729
2025-08-08,PROD-002,52,6499.576073510668
2025-08-09,PROD-002,42,1518.8052485277667
2025-08-10,PROD-002,35,1329.1596967954083
2025-08-11,PROD-002,45,1863.8158598086789
2025-08-12,PROD-002,48,5809.810284269171
2025-08-13,PROD-002,56,3644.27138986865
2025-08-14,PROD-002,50,3036.487142402008
2025-08-15,PROD-002,37,2739.0515904689933
2025-08-16,PROD-002,38,1078.0326248406875
2025-08-17,PROD-002,38,1692.197738328319
2025-08-18,PROD-002,45,6312.564093184264
2025-08-19,PROD-002,62,4665.844570657265
2025-08-20,PROD-002,54,3499.7105866367647
2025-08-21,PROD-002,39,1500.2710981915582
2025-08-22,PROD-002,67,3778.3159716415653
2025-08-23,PROD-002,25,3602.1209921645436
2025-08-24,PROD-002,25,3654.106177904489
2025-08-25,PROD-002,43,2019.0416036965512
2025-08-26,PROD-002,56,3037.8442724178835
2025-08-27,PROD-002,43,1113.5027704643485
2025-08-28,PROD-002,65,6546.674813040446
2025-08-29,PROD-002,38,3583.4265965226605
2025-08-30,PROD-002,39,2372.3805268524998
2025-08-31,PROD-002,34,1069.742325670611
2025-09-01,PROD-002,38,5369.2019866046985
2025-09-02,PROD-002,37,4842.755014870534
2025-09-03,PROD-002,45,6313.324361587584
2025-09-04,PROD-002,48,6101.309078875612
2025-09-05,PROD-002,56,4447.392330790223
2025-09-06,PROD-002,24,2569.1447012131334
2025-09-07,PROD-002,38,1399.1738551114843
2025-09-08,PROD-002,44,6316.278402470569
2025-09-09,PROD-002,41,3140.3823196695416
2025-09-10,PROD-002,41,5210.857708087864
2025-09-11,PROD-002,46,6756.753303686844
2025-09-12,PROD-002,51,6333.755710595943
2025-09-13,PROD-002,25,3605.21415377151
2025-09-14,PROD-002,35,2472.8654127355767
2025-09-15,PROD-002,67,9910.904492456657
2025-09-16,PROD-002,62,2056.0458183050405
2025-09-17,PROD-002,56,1642.0141480507139
2025-09-18,PROD-002,47,6003.477895716409
2025-09-19,PROD-002,51,1697.7636821383849
2025-09-20,PROD-002,29,3096.32312410277
2025-09-21,PROD-002,42,5037.994214750965
2025-09-22,PROD-002,54,1572.8695216052784
2025-09-23,PROD-002,51,6793.796071710443
2025-09-24,PROD-002,51,2392.2872093148726
2025-09-25,PROD-002,62,7938.140881552756
2025-09-26,PROD-002,43,3503.239024476652
2025-09-27,PROD-002,34,3513.8730055239553
2025-09-28,PROD-002,34,3553.2134790101286
2025-09-29,PROD-002,59,5311.556396748631
2025-09-30,PROD-002,43,2499.424907902325
2025-10-01,PROD-002,45,6368.061591188859
2025-10-02,PROD-002,66,1698.3264574924376
2025-10-03,PROD-002,63,2735.9790787557827
2025-10-04,PROD-002,39,1500.6032310829826
2025-10-05,PROD-002,37,3716.740133975426
2025-10-06,PROD-002,48,2498.007412957303
2025-10-07,PROD-002,43,2064.398232658144
2025-10-08,PROD-002,61,6924.426942533358
2025-10-09,PROD-002,40,3552.792679400027
2025-10-10,PROD-002,54,7711.399066938352
2025-10-11,PROD-002,26,1144.4040297190504
2025-10-12,PROD-002,38,2116.8047260194126
2025-10-13,PROD-002,62,6226.968651880463
2025-10-14,PROD-002,63,4151.283182306361
2025-10-15,PROD-002,62,2736.187483765744
2025-10-16,PROD-002,65,8789.348941016342
2025-10-17,PROD-002,59,3610.493072288719
2025-10-18,PROD-002,28,1370.4034528734653
2025-10-19,PROD-002,24,1734.769651857171
2025-10-20,PROD-002,45,4622.158415331881
2025-10-21,PROD-002,53,7589.452988991992
2025-10-22,PROD-002,56,7106.547272558541
2025-10-23,PROD-002,60,4783.998266707
2025-10-24,PROD-002,54,6214.767033781198
2025-10-25,PROD-002,32,3995.682894503748
2025-10-26,PROD-002,35,1928.7215045997916
2025-10-27,PROD-002,50,5067.380926176172
2025-10-28,PROD-002,38,5418.90895629048
2025-10-29,PROD-002,42,3563.984622449382
2025-10-30,PROD-002,39,2922.982293104541
2025-10-31,PROD-002,42,5435.859030474383
2025-11-01,PROD-002,25,2131.444808211889
2025-11-02,PROD-002,28,4149.936293089068
2025-11-03,PROD-002,41,1462.1376268238541
2025-11-04,PROD-002,38,2697.7605090058605
2025-11-05,PROD-002,47,2176.0374826125303
2025-11-06,PROD-002,59,2269.944434137517
2025-11-07,PROD-002,60,6540.63539650786
2025-11-08,PROD-002,34,4382.043143324706
2025-11-09,PROD-002,22,1198.9294671093307
2025-11-10,PROD-002,50,6129.5359158696365
2025-11-11,PROD-002,52,7681.282129067014
2025-11-12,PROD-002,43,5308.770883196712
2025-11-13,PROD-002,37,3006.7662486802155
2025-11-14,PROD-002,34,2032.7783871924792
2025-11-15,PROD-002,30,1826.3834712687221
2025-11-16,PROD-002,29,3017.970237821538
2025-11-17,PROD-002,38,3115.7525487458797
2025-11-18,PROD-002,58,6201.313059289841
2025-11-19,PROD-002,45,4229.910391982091
2025-11-20,PROD-002,50,3174.4394583159415
2025-11-21,PROD-002,37,3677.615344784901
2025-11-22,PROD-002,23,2679.6583727880284
2025-11-23,PROD-002,24,964.3967229563717
2025-11-24,PROD-002,53,3314.3378386716395
2025-11-25,PROD-002,36,3391.081388712573
2025-11-26,PROD-002,47,5289.958573805486
2025-11-27,PROD-002,41,3945.822187702052
2025-11-28,PROD-002,41,4617.564039685189
2025-11-29,PROD-002,24,1802.989835941306
2025-11-30,PROD-002,32,1637.1137491254835
2025-12-01,PROD-002,42,2552.8147563356274
2025-12-02,PROD-002,36,3340.9344419868185
2025-12-03,PROD-002,43,4974.691922900458
2025-12-04,PROD-002,51,5578.513400278742
2025-12-05,PROD-002,50,3565.139403239462
2025-12-06,PROD-002,23,1185.7535039857105
2025-12-07,PROD-002,25,1396.4136785266896
2025-12-08,PROD-002,36,4962.108890098838
2025-12-09,PROD-002,56,3245.6848656724774
2025-12-10,PROD-002,38,2497.8723772966605
2025-12-11,PROD-002,53,2228.3461622735344
2025-12-12,PROD-002,48,2100.0684532156615
2025-12-13,PROD-002,20,1710.0428808392808
2025-12-14,PROD-002,20,745.6350628350316
2025-12-15,PROD-002,38,4351.683943051295
2025-12-16,PROD-002,56,2662.5676762271514
2025-12-17,PROD-002,53,7116.107322329577
2025-12-18,PROD-002,42,5576.857066390775
2025-12-19,PROD-002,47,1995.0401326773256
2025-12-20,PROD-002,20,2740.710974422327
2025-12-21,PROD-002,27,2228.6288870645694
2025-12-22,PROD-002,45,1349.2260556937506
2025-12-23,PROD-002,40,5484.824179776283
2025-12-24,PROD-002,42,4157.349344989653
2025-12-25,PROD-002,45,4286.263662531882
2025-12-26,PROD-002,53,5052.2440999313
2025-12-27,PROD-002,31,4315.137440263514
2025-12-28,PROD-002,29,1486.1531822569777
2025-12-29,PROD-002,53,5378.022845734391
2025-12-30,PROD-002,42,2571.536378068922
2025-12-31,PROD-002,32,1418.7543234041896
2026-01-01,PROD-002,45,2536.6604665322775
2026-01-02,PROD-002,49,4175.507643486819
2026-01-03,PROD-002,21,2654.801592308382
2026-01-04,PROD-002,20,2368.8719001794966
2026-01-05,PROD-002,46,6079.293775128131
2026-01-06,PROD-002,36,3064.7527142530666
2026-01-07,PROD-002,42,4313.0926764102705
2026-01-08,PROD-002,34,4387.193019482359
2026-01-09,PROD-002,37,3099.382488849603
2026-01-10,PROD-002,24,2290.361168260626
2026-01-11,PROD-002,21,2914.9926466948536
2026-01-12,PROD-002,37,4030.1863929043266
2026-01-13,PROD-002,31,2023.308020029007
2026-01-14,PROD-002,52,5351.507176483725
2026-01-15,PROD-002,37,1150.8619257388161
2026-01-16,PROD-002,32,1797.7542521565485
2026-01-17,PROD-002,24,3196.2496643564577
2026-01-18,PROD-002,27,933.8116349122823
2026-01-19,PROD-002,42,6192.988072358631
2026-01-20,PROD-002,46,5371.179325791121
2026-01-21,PROD-002,44,4948.6992292417635
2026-01-22,PROD-002,48,2614.4401399755334
2026-01-23,PROD-002,46,4533.2576219247085
2026-01-24,PROD-002,18,1865.8938530575792
2026-01-25,PROD-002,23,1775.0746071318524
2026-01-26,PROD-002,46,6539.165459847684
2026-01-27,PROD-002,35,3785.1921770059935
2026-01-28,PROD-002,43,2090.6576854349555
2026-01-29,PROD-002,30,894.194619789428
2026-01-30,PROD-002,29,1640.5542409431926
2026-01-31,PROD-002,17,532.9368553316156
2026-02-01,PROD-002,26,2707.585893961161
2026-02-02,PROD-002,39,5334.123614970098
2026-02-03,PROD-002,48,7005.096716158893
2026-02-04,PROD-002,37,4220.519499055297
2026-02-05,PROD-002,38,1251.066042628283
2026-02-06,PROD-002,38,2849.7347122704273
2026-02-07,PROD-002,30,2841.304190919981
2026-02-08,PROD-002,27,2334.8587347327357
2026-02-09,PROD-002,40,4055.523753108301
2026-02-10,PROD-002,47,4870.2208017255425
2026-02-11,PROD-002,48,5996.075906737908
2026-02-12,PROD-002,36,5004.723681147645
2026-02-13,PROD-002,34,1213.708077704201
2021-02-14,PROD-003,29,830.6509504261531
2021-02-15,PROD-003,43,6145.698651158325
2021-02-16,PROD-003,49,3962.406351525452
2021-02-17,PROD-003,33,1806.6402051769815
2021-02-18,PROD-003,38,5551.681206669695
2021-02-19,PROD-003,49,1662.9897130613244
2021-02-20,PROD-003,21,1325.4566488585244
2021-02-21,PROD-003,24,3344.6689575105984
2021-02-22,PROD-003,51,3742.828590079933
2021-02-23,PROD-003,32,2829.8606000211294
2021-02-24,PROD-003,34,1523.8477884110105
2021-02-25,PROD-003,54,1507.5471333595644
2021-02-26,PROD-003,46,2691.2899747268298
2021-02-27,PROD-003,30,2613.957416184477
2021-02-28,PROD-003,28,3681.746075609196
2021-03-01,PROD-003,41,6113.073121599498
2021-03-02,PROD-003,33,1684.5774598126789
2021-03-03,PROD-003,53,2822.996476648461
2021-03-04,PROD-003,41,3579.4514368127348
2021-03-05,PROD-003,35,2304.552681086635
2021-03-06,PROD-003,24,875.9780700774396
2021-03-07,PROD-003,28,3426.3534799405725
2021-03-08,PROD-003,37,5275.594381502084
2021-03-09,PROD-003,49,6183.579255989252
2021-03-10,PROD-003,31,2004.9372128737768
2021-03-11,PROD-003,40,5734.164163832447
2021-03-12,PROD-003,45,1151.2056397273489
2021-03-13,PROD-003,26,1045.7259758495138
2021-03-14,PROD-003,21,1471.8117059255037
2021-03-15,PROD-003,35,4811.08086353112
2021-03-16,PROD-003,39,1968.3638886283773
2021-03-17,PROD-003,38,4743.811246756776
2021-03-18,PROD-003,46,6143.112810874302
2021-03-19,PROD-003,40,4921.47948353654
2021-03-20,PROD-003,20,979.6699203891727
2021-03-21,PROD-003,29,2694.086016466624
2021-03-22,PROD-003,43,2507.1298762551633
2021-03-23,PROD-003,50,2492.3395451106517
2021-03-24,PROD-003,58,7299.177219811807
2021-03-25,PROD-003,55,3338.444407036448
2021-03-26,PROD-003,44,4373.4184162994225
2021-03-27,PROD-003,31,2122.344126028306
2021-03-28,PROD-003,24,1120.6117093442563
2021-03-29,PROD-003,43,4256.401304756418
2021-03-30,PROD-003,34,2421.71566889599
2021-03-31,PROD-003,43,1490.47266679924
2021-04-01,PROD-003,52,7497.505684650635
2021-04-02,PROD-003,54,6662.481728203977
2021-04-03,PROD-003,32,2045.201417757459
2021-04-04,PROD-003,31,2436.9234265930236
2021-04-05,PROD-003,39,3057.85202976853
2021-04-06,PROD-003,52,6512.056624543881
2021-04-07,PROD-003,50,5526.307034819931
2021-04-08,PROD-003,38,2789.744870342871
2021-04-09,PROD-003,41,1740.0695207128604
2021-04-10,PROD-003,26,2814.6244813261264
2021-04-11,PROD-003,37,3041.607269564451
2021-04-12,PROD-003,61,6405.0272441532925
2021-04-13,PROD-003,61,2791.4171750055143
2021-04-14,PROD-003,41,1111.7286268778162
2021-04-15,PROD-003,57,3724.4055792349272
2021-04-16,PROD-003,43,4365.969272191943
2021-04-17,PROD-003,36,3178.577217643906
2021-04-18,PROD-003,30,1678.7144001823729
2021-04-19,PROD-003,51,2582.713868348259
2021-04-20,PROD-003,43,4833.043022949414
2021-04-21,PROD-003,50,1492.1149098346814
2021-04-22,PROD-003,50,3345.834396490636
2021-04-23,PROD-003,52,1381.9982822711565
2021-04-24,PROD-003,33,3862.1677384198106
2021-04-25,PROD-003,26,3131.63830964488
2021-04-26,PROD-003,53,3141.267335558417
2021-04-27,PROD-003,47,5608.620749781194
2021-04-28,PROD-003,45,1251.148325475192
2021-04-29,PROD-003,62,1701.4976663548211
2021-04-30,PROD-003,54,2752.379735926918
2021-05-01,PROD-003,38,2544.3818484514004
2021-05-02,PROD-003,38,3149.3106130321985
2021-05-03,PROD-003,37,4916.574878894653
2021-05-04,PROD-003,51,3943.8748677628605
2021-05-05,PROD-003,39,2233.5967045668617
2021-05-06,PROD-003,47,5567.567561286834
2021-05-07,PROD-003,53,5997.240348084189
2021-05-08,PROD-003,36,2025.3347425151667
2021-05-09,PROD-003,30,789.6534044860484
2021-05-10,PROD-003,44,5927.744388624802
2021-05-11,PROD-003,51,3836.617208607883
2021-05-12,PROD-003,57,8225.164654566517
2021-05-13,PROD-003,64,2094.559204820236
2021-05-14,PROD-003,45,4678.202132200948
2021-05-15,PROD-003,29,3613.9432683604177
2021-05-16,PROD-003,39,5537.087491410959
2021-05-17,PROD-003,45,5700.27494945734
2021-05-18,PROD-003,40,2958.5772455841948
2021-05-19,PROD-003,64,6589.646023936702
2021-05-20,PROD-003,56,7114.830707290347
2021-05-21,PROD-003,50,4593.861579423788
2021-05-22,PROD-003,35,4120.523590244087
2021-05-23,PROD-003,26,3453.6103537554864
2021-05-24,PROD-003,44,4746.380657410075
2021-05-25,PROD-003,42,6197.654195704457
2021-05-26,PROD-003,61,4901.230583035393
2021-05-27,PROD-003,51,3049.3266812742277
2021-05-28,PROD-003,67,4349.077220143987
2021-05-29,PROD-003,28,1169.5931655385311
2021-05-30,PROD-003,35,1027.7664755282296
2021-05-31,PROD-003,69,5979.985719293522
2021-06-01,PROD-003,41,5032.166782576447
2021-06-02,PROD-003,47,4302.7356624368385
2021-06-03,PROD-003,49,2630.441468379915
2021-06-04,PROD-003,56,1848.1012168294442
2021-06-05,PROD-003,42,1563.0166800706916
2021-06-06,PROD-003,29,3922.4290599845463
2021-06-07,PROD-003,63,3455.1856700737017
2021-06-08,PROD-003,57,1996.3120406171024
2021-06-09,PROD-003,41,3744.222808186478
2021-06-10,PROD-003,48,3112.5297254842776
2021-06-11,PROD-003,41,5941.086466693538
2021-06-12,PROD-003,36,4660.446457453245
2021-06-13,PROD-003,34,1802.8637611533072
2021-06-14,PROD-003,65,2926.1364176117336
2021-06-15,PROD-003,65,6453.869151461165
2021-06-16,PROD-003,58,3914.3957697341843
2021-06-17,PROD-003,73,4326.302181740796
2021-06-18,PROD-003,53,5936.559117928009
2021-06-19,PROD-003,28,3780.701417167959
2021-06-20,PROD-003,31,2514.248984820198
2021-06-21,PROD-003,49,2228.0982513544645
2021-06-22,PROD-003,57,4870.187066858878
2021-06-23,PROD-003,66,9100.386728630323
2021-06-24,PROD-003,59,6790.4805888926585
2021-06-25,PROD-003,72,4606.260188918847
2021-06-26,PROD-003,36,5347.679048091165
2021-06-27,PROD-003,32,1336.0032693196795
2021-06-28,PROD-003,44,5093.08444307758
2021-06-29,PROD-003,79,11289.209049828138
2021-06-30,PROD-003,64,6178.103180329773
2021-07-01,PROD-003,75,6466.320570382343
2021-07-02,PROD-003,71,8657.313284697035
2021-07-03,PROD-003,39,3032.0179261314656
2021-07-04,PROD-003,36,5075.491589084832
2021-07-05,PROD-003,80,9804.228704294477
2021-07-06,PROD-003,59,2667.990887052714
2021-07-07,PROD-003,72,4672.8562421472925
2021-07-08,PROD-003,47,4011.6735996743255
2021-07-09,PROD-003,59,5987.397108214983
2021-07-10,PROD-003,32,955.2429781030758
2021-07-11,PROD-003,46,3762.2995643872346
2021-07-12,PROD-003,76,9867.616896725842
2021-07-13,PROD-003,67,8587.605441564012
2021-07-14,PROD-003,70,9596.393722541005
2021-07-15,PROD-003,57,6972.1631221914095
2021-07-16,PROD-003,62,6142.9917603313315
2021-07-17,PROD-003,44,1892.9161856780972
2021-07-18,PROD-003,42,3120.406603518135
2021-07-19,PROD-003,74,4180.637603413847
2021-07-20,PROD-003,83,4431.220383355458
2021-07-21,PROD-003,62,7251.5493650100625
2021-07-22,PROD-003,81,10888.846700105076
2021-07-23,PROD-003,48,2913.4903863481145
2021-07-24,PROD-003,31,2010.5476519463828
2021-07-25,PROD-003,39,3886.4121253790977
2021-07-26,PROD-003,49,1471.0557076348493
2021-07-27,PROD-003,55,2212.8524968468364
2021-07-28,PROD-003,72,3175.7769724300197
2021-07-29,PROD-003,74,7923.770945463253
2021-07-30,PROD-003,79,4809.642237434403
2021-07-31,PROD-003,43,3027.6237452810083
2021-08-01,PROD-003,41,4024.394763053322
2021-08-02,PROD-003,48,1583.0750824545116
2021-08-03,PROD-003,54,5176.142364093785
2021-08-04,PROD-003,54,3346.4579143348797
2021-08-05,PROD-003,54,7836.964230667617
2021-08-06,PROD-003,65,8923.1965986604
2021-08-07,PROD-003,48,6512.686480023561
2021-08-08,PROD-003,31,3081.989206225253
2021-08-09,PROD-003,58,5496.955623434197
2021-08-10,PROD-003,77,2697.4076787225213
2021-08-11,PROD-003,79,2401.254500272833
2021-08-12,PROD-003,78,9213.800803331906
2021-08-13,PROD-003,83,7340.359923649422
2021-08-14,PROD-003,49,6313.492327991445
2021-08-15,PROD-003,48,5615.23247700892
2021-08-16,PROD-003,77,7422.338280996227
2021-08-17,PROD-003,76,6458.240018932248
2021-08-18,PROD-003,72,4893.2825741629895
2021-08-19,PROD-003,73,9335.136860898117
2021-08-20,PROD-003,71,4819.497533934669
2021-08-21,PROD-003,45,2277.18076742912
2021-08-22,PROD-003,35,4935.034026702705
2021-08-23,PROD-003,57,4947.213445245081
2021-08-24,PROD-003,68,6862.056100430382
2021-08-25,PROD-003,62,5988.1792320077775
2021-08-26,PROD-003,47,5435.672223959181
2021-08-27,PROD-003,67,6091.161689347391
2021-08-28,PROD-003,49,5826.690706970047
2021-08-29,PROD-003,53,5599.654265095482
2021-08-30,PROD-003,63,6231.619846444856
2021-08-31,PROD-003,82,6705.555802610516
2021-09-01,PROD-003,56,4892.095821251144
2021-09-02,PROD-003,64,2555.3169088050986
2021-09-03,PROD-003,74,7670.763141984261
2021-09-04,PROD-003,31,2123.237141329417
2021-09-05,PROD-003,30,1029.5662416395394
2021-09-06,PROD-003,56,5174.709067876268
2021-09-07,PROD-003,63,5797.967402564289
2021-09-08,PROD-003,74,5956.027326175817
2021-09-09,PROD-003,68,6360.589056065854
2021-09-10,PROD-003,49,1733.1289052641223
2021-09-11,PROD-003,30,2857.7854372842758
2021-09-12,PROD-003,40,1901.3951488237467
2021-09-13,PROD-003,84,5797.775508761901
2021-09-14,PROD-003,60,2767.5117689939434
2021-09-15,PROD-003,68,9227.459301117402
2021-09-16,PROD-003,73,7139.5956109328845
2021-09-17,PROD-003,57,3407.982391197969
2021-09-18,PROD-003,39,1196.1071605873037
2021-09-19,PROD-003,37,4902.643750222634
2021-09-20,PROD-003,78,7282.617586009575
2021-09-21,PROD-003,48,6368.448739849111
2021-09-22,PROD-003,83,4623.092677434262
2021-09-23,PROD-003,77,5237.671141688322
2021-09-24,PROD-003,69,3707.234401506308
2021-09-25,PROD-003,29,4287.688277847227
2021-09-26,PROD-003,51,2540.7735817455805
2021-09-27,PROD-003,48,6321.003136413698
2021-09-28,PROD-003,83,11941.7587028849
2021-09-29,PROD-003,75,5644.552724129925
2021-09-30,PROD-003,68,5455.203668940852
2021-10-01,PROD-003,70,3424.6535276794693
2021-10-02,PROD-003,53,6648.785417241226
2021-10-03,PROD-003,37,1912.2965766544592
2021-10-04,PROD-003,68,6342.187146112856
2021-10-05,PROD-003,48,2590.227577772983
2021-10-06,PROD-003,49,2708.1959990477294
2021-10-07,PROD-003,62,2153.188157022683
2021-10-08,PROD-003,83,9780.698371550186
2021-10-09,PROD-003,37,2005.5836590480067
2021-10-10,PROD-003,44,2727.85432992606
2021-10-11,PROD-003,63,2347.515387035691
2021-10-12,PROD-003,75,7797.268592409595
2021-10-13,PROD-003,54,6818.023184343798
2021-10-14,PROD-003,52,1679.5726502466953
2021-10-15,PROD-003,64,3264.555640108702
2021-10-16,PROD-003,33,3576.457351283722
2021-10-17,PROD-003,47,4990.292277496869
2021-10-18,PROD-003,51,4314.26575385346
2021-10-19,PROD-003,76,9223.641827569632
2021-10-20,PROD-003,72,9402.027246120275
2021-10-21,PROD-003,79,3349.952695494113
2021-10-22,PROD-003,62,3347.7536743146115
2021-10-23,PROD-003,37,3273.875683776463
2021-10-24,PROD-003,51,1951.0892790314856
2021-10-25,PROD-003,59,8677.620226584373
2021-10-26,PROD-003,67,3901.0223301939495
2021-10-27,PROD-003,62,3224.2846743037426
2021-10-28,PROD-003,68,2847.031621879174
2021-10-29,PROD-003,53,7775.077801892079
2021-10-30,PROD-003,49,2775.7561286330974
2021-10-31,PROD-003,31,2110.998582208742
2021-11-01,PROD-003,69,4146.120897100886
2021-11-02,PROD-003,76,3243.877024840183
2021-11-03,PROD-003,70,6443.357391054576
2021-11-04,PROD-003,50,3217.7334482160804
2021-11-05,PROD-003,52,7473.76852914003
2021-11-06,PROD-003,28,1000.6986875273083
2021-11-07,PROD-003,44,6030.576319980364
2021-11-08,PROD-003,71,6708.662390263496
2021-11-09,PROD-003,64,8836.451019771237
2021-11-10,PROD-003,65,6085.789242272159
2021-11-11,PROD-003,58,7419.747715949736
2021-11-12,PROD-003,74,4732.27851309558
2021-11-13,PROD-003,44,5775.141021121534
2021-11-14,PROD-003,41,4195.205157421268
2021-11-15,PROD-003,53,5434.300553868646
2021-11-16,PROD-003,73,2462.953047203757
2021-11-17,PROD-003,57,4538.745899593197
2021-11-18,PROD-003,54,2081.0373444182874
2021-11-19,PROD-003,63,3120.8390531655778
2021-11-20,PROD-003,28,3218.0763046040993
2021-11-21,PROD-003,28,2979.0789529305775
2021-11-22,PROD-003,55,3869.6505166749866
2021-11-23,PROD-003,72,3466.8177318292815
2021-11-24,PROD-003,64,4433.798244084129
2021-11-25,PROD-003,59,6774.537636701784
2021-11-26,PROD-003,52,3330.3812777052035
2021-11-27,PROD-003,36,4932.870469923387
2021-11-28,PROD-003,29,3966.611021337977
2021-11-29,PROD-003,49,5647.367715275542
2021-11-30,PROD-003,68,4277.422672646154
2021-12-01,PROD-003,49,4162.572161681104
2021-12-02,PROD-003,48,3486.6717793207013
2021-12-03,PROD-003,60,6144.235490764628
2021-12-04,PROD-003,34,935.0690153060693
2021-12-05,PROD-003,27,3391.331545370785
2021-12-06,PROD-003,43,3067.1537851478665
2021-12-07,PROD-003,52,7235.575976602719
2021-12-08,PROD-003,48,5031.237131725852
2021-12-09,PROD-003,52,5985.516645100797
2021-12-10,PROD-003,39,5589.620909095465
2021-12-11,PROD-003,27,3951.81043527875
2021-12-12,PROD-003,25,3541.6568100990858
2021-12-13,PROD-003,38,4195.77639458704
2021-12-14,PROD-003,48,5312.48783299181
2021-12-15,PROD-003,67,8910.522894837042
2021-12-16,PROD-003,43,4901.288427676357
2021-12-17,PROD-003,43,1196.4907205177142
2021-12-18,PROD-003,24,2582.955126301904
2021-12-19,PROD-003,26,904.561901608039
2021-12-20,PROD-003,68,3138.9345101511185
2021-12-21,PROD-003,64,4308.269952755999
2021-12-22,PROD-003,55,4920.231316637676
2021-12-23,PROD-003,67,2729.1997951496987
2021-12-24,PROD-003,61,7551.686561620851
2021-12-25,PROD-003,27,1954.5572743097157
2021-12-26,PROD-003,33,2436.60044771067
2021-12-27,PROD-003,59,1546.4036227707975
2021-12-28,PROD-003,64,6650.859053296156
2021-12-29,PROD-003,42,1309.0694643154714
2021-12-30,PROD-003,53,2714.789035065513
2021-12-31,PROD-003,48,3790.9497420858124
2022-01-01,PROD-003,34,1640.5469590675375
2022-01-02,PROD-003,41,4590.311256714104
2022-01-03,PROD-003,36,2724.3831907120984
2022-01-04,PROD-003,44,1427.2375540016963
2022-01-05,PROD-003,43,6303.131615269895
2022-01-06,PROD-003,40,4346.951733971483
2022-01-07,PROD-003,36,2094.51527989812
2022-01-08,PROD-003,36,4544.997393292659
2022-01-09,PROD-003,35,1758.9970947180116
2022-01-10,PROD-003,53,5649.8831991439465
2022-01-11,PROD-003,35,2636.637156640259
2022-01-12,PROD-003,56,3022.7155848112543
2022-01-13,PROD-003,38,4114.884772083225
2022-01-14,PROD-003,37,3512.174739962545
2022-01-15,PROD-003,34,3061.115658781168
2022-01-16,PROD-003,29,2638.21693556022
2022-01-17,PROD-003,52,5871.995668492811
2022-01-18,PROD-003,45,3134.874814899571
2022-01-19,PROD-003,45,2769.9575938283547
2022-01-20,PROD-003,47,1465.6777402572316
2022-01-21,PROD-003,46,2844.140444561034
2022-01-22,PROD-003,38,4207.303644092281
2022-01-23,PROD-003,32,1360.1760081928296
2022-01-24,PROD-003,43,2165.6994650412175
2022-01-25,PROD-003,36,3198.1525628919644
2022-01-26,PROD-003,34,3461.5032469582907
2022-01-27,PROD-003,45,5494.827657616148
2022-01-28,PROD-003,41,5961.111219678234
2022-01-29,PROD-003,39,3588.0909982482517
2022-01-30,PROD-003,36,2010.7310408797002
2022-01-31,PROD-003,46,3450.3852931231118
2022-02-01,PROD-003,39,3249.01014865146
2022-02-02,PROD-003,39,5228.207179402522
2022-02-03,PROD-003,36,1668.8629474168551
2022-02-04,PROD-003,37,1558.3472515453607
2022-02-05,PROD-003,30,4054.580250360478
2022-02-06,PROD-003,31,883.8923957289944
2022-02-07,PROD-003,44,3673.2652279110366
2022-02-08,PROD-003,40,4329.353907000545
2022-02-09,PROD-003,45,1288.5669892450576
2022-02-10,PROD-003,40,3143.2542386924088
2022-02-11,PROD-003,43,1406.9485284944456
2022-02-12,PROD-003,25,1049.476407377219
2022-02-13,PROD-003,31,1108.0805860785788
2022-02-14,PROD-003,46,4629.114379289479
2022-02-15,PROD-003,40,3801.039888883295
2022-02-16,PROD-003,51,6585.970920461879
2022-02-17,PROD-003,51,7355.410965289684
2022-02-18,PROD-003,51,5100.906034549915
2022-02-19,PROD-003,35,4625.909739621537
2022-02-20,PROD-003,37,1268.7326632866627
2022-02-21,PROD-003,46,6888.118928080186
2022-02-22,PROD-003,42,6073.851976139726
2022-02-23,PROD-003,51,7297.767652721142
2022-02-24,PROD-003,42,4834.239127408319
2022-02-25,PROD-003,33,2464.1314271205533
2022-02-26,PROD-003,24,2581.405494780839
2022-02-27,PROD-003,27,2929.2453133024173
2022-02-28,PROD-003,36,4728.527103199547
2022-03-01,PROD-003,40,2911.2347898760127
2022-03-02,PROD-003,43,5251.565956382708
2022-03-03,PROD-003,38,2850.6438865710875
2022-03-04,PROD-003,39,5437.038389963797
2022-03-05,PROD-003,26,3186.8858741164536
2022-03-06,PROD-003,32,1982.6444152281379
2022-03-07,PROD-003,35,3616.632554310569
2022-03-08,PROD-003,41,2772.8830679622297
2022-03-09,PROD-003,35,3014.3841742365585
2022-03-10,PROD-003,44,2732.2163391694994
2022-03-11,PROD-003,37,2808.2709059491303
2022-03-12,PROD-003,37,3257.8541120371165
2022-03-13,PROD-003,29,1711.8888431334874
2022-03-14,PROD-003,59,8043.967213635741
2022-03-15,PROD-003,39,2754.3243298996044
2022-03-16,PROD-003,46,6287.663650223072
2022-03-17,PROD-003,46,1657.0490753555935
2022-03-18,PROD-003,49,1950.969704401295
2022-03-19,PROD-003,37,2642.2571632867193
2022-03-20,PROD-003,30,1262.658426429412
2022-03-21,PROD-003,57,6911.992065987601
2022-03-22,PROD-003,42,2543.199684081279
2022-03-23,PROD-003,56,3142.388091091618
2022-03-24,PROD-003,47,5827.218063052323
2022-03-25,PROD-003,48,3622.5879419399853
2022-03-26,PROD-003,36,1893.0916835593075
2022-03-27,PROD-003,26,957.0512350206537
2022-03-28,PROD-003,46,4018.0177551453235
2022-03-29,PROD-003,51,2606.2654529818287
2022-03-30,PROD-003,41,3399.7436587458847
2022-03-31,PROD-003,48,5033.176700565867
2022-04-01,PROD-003,60,1601.4720314654255
2022-04-02,PROD-003,36,1632.1281783787015
2022-04-03,PROD-003,37,1476.1265728129858
2022-04-04,PROD-003,42,5100.628839227058
2022-04-05,PROD-003,46,3964.8929839752277
2022-04-06,PROD-003,62,2259.338332832592
2022-04-07,PROD-003,43,2046.615231308185
2022-04-08,PROD-003,60,8530.777058543563
2022-04-09,PROD-003,23,1908.920408819155
2022-04-10,PROD-003,38,5063.154707690845
2022-04-11,PROD-003,52,4362.250852173072
2022-04-12,PROD-003,39,3854.5286203134247
2022-04-13,PROD-003,60,6962.943504526385
2022-04-14,PROD-003,44,4608.785925327897
2022-04-15,PROD-003,64,6395.275121565425
2022-04-16,PROD-003,26,2649.604657880833
2022-04-17,PROD-003,32,1045.4008431131638
2022-04-18,PROD-003,47,6861.3312110425595
2022-04-19,PROD-003,40,2473.8052250100322
2022-04-20,PROD-003,36,2840.181568714087
2022-04-21,PROD-003,42,6206.49384601946
2022-04-22,PROD-003,54,3570.5101412060685
2022-04-23,PROD-003,35,3846.1750303517497
2022-04-24,PROD-003,33,1073.2132061487864
2022-04-25,PROD-003,47,4745.1629733903765
2022-04-26,PROD-003,44,4522.627338550158
2022-04-27,PROD-003,51,3326.459615739643
2022-04-28,PROD-003,36,1555.9447571405397
2022-04-29,PROD-003,64,3486.7100519315636
2022-04-30,PROD-003,28,3387.418914905173
2022-05-01,PROD-003,39,3908.6214902622155
2022-05-02,PROD-003,54,2002.022250687349
2022-05-03,PROD-003,46,2639.017912857106
2022-05-04,PROD-003,48,2495.957375107949
2022-05-05,PROD-003,51,7115.688096064446
2022-05-06,PROD-003,51,6545.429692922882
2022-05-07,PROD-003,27,2325.122604092799
2022-05-08,PROD-003,32,4142.842538868921
2022-05-09,PROD-003,51,3305.0641531242964
2022-05-10,PROD-003,53,4675.842508155024
2022-05-11,PROD-003,50,7443.6224449671445
2022-05-12,PROD-003,45,3016.9516558227233
2022-05-13,PROD-003,66,4443.6345652880145
2022-05-14,PROD-003,42,5694.557866508314
2022-05-15,PROD-003,35,4283.317104247889
2022-05-16,PROD-003,45,6016.181209101808
2022-05-17,PROD-003,53,6408.710311516439
2022-05-18,PROD-003,56,5453.822056497099
2022-05-19,PROD-003,72,5688.950148459976
2022-05-20,PROD-003,48,1945.7626796567506
2022-05-21,PROD-003,38,5564.098620000848
2022-05-22,PROD-003,40,4753.937936190672
2022-05-23,PROD-003,46,4127.439702096866
2022-05-24,PROD-003,65,7914.65559705356
2022-05-25,PROD-003,48,1290.3562853581843
2022-05-26,PROD-003,51,4341.090049003703
2022-05-27,PROD-003,52,1747.4965911537493
2022-05-28,PROD-003,37,5505.995036726025
2022-05-29,PROD-003,26,3417.778024653369
2022-05-30,PROD-003,46,2800.4516389564565
2022-05-31,PROD-003,65,5335.424891405435
2022-06-01,PROD-003,69,6754.824372555198
2022-06-02,PROD-003,60,4737.74414360034
2022-06-03,PROD-003,61,6347.828251576724
2022-06-04,PROD-003,31,2169.3656014006338
2022-06-05,PROD-003,37,2669.6800026704777
2022-06-06,PROD-003,57,5930.762350862234
2022-06-07,PROD-003,56,5822.417060842471
2022-06-08,PROD-003,57,2564.9987088265957
2022-06-09,PROD-003,75,3618.5555993248927
2022-06-10,PROD-003,69,2044.2739992340378
2022-06-11,PROD-003,44,5934.404663097683
2022-06-12,PROD-003,48,1557.386909406795
2022-06-13,PROD-003,76,11342.226292355648
2022-06-14,PROD-003,76,3565.651959944984
2022-06-15,PROD-003,73,3681.9931804431294
2022-06-16,PROD-003,57,2461.5307110729495
2022-06-17,PROD-003,46,6882.852076148337
2022-06-18,PROD-003,45,3403.8007177136424
2022-06-19,PROD-003,31,1234.6399208673936
2022-06-20,PROD-003,77,6877.577815492713
2022-06-21,PROD-003,48,3130.1333454041387
2022-06-22,PROD-003,78,9323.43889227402
2022-06-23,PROD-003,75,2866.9614870114488
2022-06-24,PROD-003,77,8695.789832881566
2022-06-25,PROD-003,37,4090.925466292656
2022-06-26,PROD-003,34,989.0703232259826
2022-06-27,PROD-003,65,4435.796796114409
2022-06-28,PROD-003,45,4552.43241698978
2022-06-29,PROD-003,57,3545.751369375044
2022-06-30,PROD-003,65,5058.428974222269
2022-07-01,PROD-003,54,1867.383252208062
2022-07-02,PROD-003,49,1730.9861317558152
2022-07-03,PROD-003,51,4898.150736143283
2022-07-04,PROD-003,83,4661.263333463087
2022-07-05,PROD-003,49,5754.923686050344
2022-07-06,PROD-003,69,8480.841044156605
2022-07-07,PROD-003,78,4142.518473023313
2022-07-08,PROD-003,59,5557.967805649341
2022-07-09,PROD-003,31,4204.499771528654
2022-07-10,PROD-003,32,3017.1981271641703
2022-07-11,PROD-003,58,3679.0647476386807
2022-07-12,PROD-003,83,4440.762328129445
2022-07-13,PROD-003,74,6089.953378302164
2022-07-14,PROD-003,77,9907.254655317298
2022-07-15,PROD-003,52,6003.690306114818
2022-07-16,PROD-003,38,2231.336711516708
2022-07-17,PROD-003,52,5391.249817450083
2022-07-18,PROD-003,60,6134.239099227502
2022-07-19,PROD-003,50,3629.098850689647
2022-07-20,PROD-003,55,4846.76172333802
2022-07-21,PROD-003,64,2582.1806587579285
2022-07-22,PROD-003,48,5769.663340514287
2022-07-23,PROD-003,30,2605.796311910079
2022-07-24,PROD-003,49,6622.98828396727
2022-07-25,PROD-003,49,1733.770061927796
2022-07-26,PROD-003,85,9065.390243226588
2022-07-27,PROD-003,67,4795.585700515108
2022-07-28,PROD-003,82,7678.17054050149
2022-07-29,PROD-003,78,3394.2200369466505
2022-07-30,PROD-003,30,1804.6229784930981
2022-07-31,PROD-003,38,5275.956419576391
2022-08-01,PROD-003,72,9870.51806298628
2022-08-02,PROD-003,80,8907.861397900957
2022-08-03,PROD-003,65,9055.402832143742
2022-08-04,PROD-003,86,3417.7822492930345
2022-08-05,PROD-003,72,8002.649196528677
2022-08-06,PROD-003,40,1955.128664784625
2022-08-07,PROD-003,44,1607.1025389899671
2022-08-08,PROD-003,74,9311.073011677898
2022-08-09,PROD-003,77,11093.635270195517
2022-08-10,PROD-003,77,4665.154772165207
2022-08-11,PROD-003,74,6111.576083135996
2022-08-12,PROD-003,74,9149.785674055294
2022-08-13,PROD-003,47,4683.178486644292
2022-08-14,PROD-003,48,5661.544445105489
2022-08-15,PROD-003,68,8911.928067482731
2022-08-16,PROD-003,53,2921.5631613764704
2022-08-17,PROD-003,60,7579.46501381759
2022-08-18,PROD-003,50,6492.92958272099
2022-08-19,PROD-003,79,9335.281385993887
2022-08-20,PROD-003,52,7217.349463661203
2022-08-21,PROD-003,42,4292.237843824764
2022-08-22,PROD-003,55,4328.805947178954
2022-08-23,PROD-003,87,5610.797244556093
2022-08-24,PROD-003,61,5279.57003715594
2022-08-25,PROD-003,80,3147.9177473601653
2022-08-26,PROD-003,50,6108.5659863924375
2022-08-27,PROD-003,51,3593.7430418597087
2022-08-28,PROD-003,40,3748.0576337591974
2022-08-29,PROD-003,64,6680.311487251215
2022-08-30,PROD-003,81,10082.900818789196
2022-08-31,PROD-003,73,3795.093489569276
2022-09-01,PROD-003,66,4628.529183468591
2022-09-02,PROD-003,74,3748.522989754375
2022-09-03,PROD-003,31,2987.7803242235395
2022-09-04,PROD-003,43,1624.2603445326486
2022-09-05,PROD-003,58,4784.544615220335
2022-09-06,PROD-003,74,8743.789841642114
2022-09-07,PROD-003,68,9517.916675367873
2022-09-08,PROD-003,83,5971.238641562136
2022-09-09,PROD-003,80,3994.7381600325425
2022-09-10,PROD-003,48,2491.650645895684
2022-09-11,PROD-003,56,7664.448181399944
2022-09-12,PROD-003,63,8426.89079516176
2022-09-13,PROD-003,55,7809.159460237328
2022-09-14,PROD-003,87,7132.487054089268
2022-09-15,PROD-003,88,7416.683692952345
2022-09-16,PROD-003,60,5417.4890158131875
2022-09-17,PROD-003,55,2024.5590184104763
2022-09-18,PROD-003,38,4982.798831202145
2022-09-19,PROD-003,84,2478.6765467212535
2022-09-20,PROD-003,58,2278.169774200607
2022-09-21,PROD-003,55,3793.8889638904297
2022-09-22,PROD-003,59,8377.966813257422
2022-09-23,PROD-003,75,5951.141113935317
2022-09-24,PROD-003,52,2766.0501515045694
2022-09-25,PROD-003,44,4576.102853152682
2022-09-26,PROD-003,63,5766.647823481596
2022-09-27,PROD-003,53,1765.9262509167054
2022-09-28,PROD-003,83,7659.424087044005
2022-09-29,PROD-003,73,2089.6614198904354
2022-09-30,PROD-003,88,12383.325750653183
2022-10-01,PROD-003,40,5068.824109720883
2022-10-02,PROD-003,30,3354.542306772821
2022-10-03,PROD-003,74,8218.387776187088
2022-10-04,PROD-003,68,8515.888655602068
2022-10-05,PROD-003,51,4201.125509707313
2022-10-06,PROD-003,53,7443.654828539105
2022-10-07,PROD-003,66,4484.63457034351
2022-10-08,PROD-003,36,1189.8253719331665
2022-10-09,PROD-003,48,5874.379891574444
2022-10-10,PROD-003,66,4957.393354505924
2022-10-11,PROD-003,58,7671.810676474617
2022-10-12,PROD-003,64,2338.7058272784116
2022-10-13,PROD-003,52,6833.890139032486
2022-10-14,PROD-003,56,8315.417107000867
2022-10-15,PROD-003,49,6942.210060039759
2022-10-16,PROD-003,49,3627.9189144892594
2022-10-17,PROD-003,83,11673.336817043792
2022-10-18,PROD-003,62,8895.26395186439
2022-10-19,PROD-003,65,4004.6032072910807
2022-10-20,PROD-003,68,4401.646824445669
2022-10-21,PROD-003,70,8376.250649355723
2022-10-22,PROD-003,50,3134.2337167137175
2022-10-23,PROD-003,43,6137.414738567622
2022-10-24,PROD-003,64,5077.331835094221
2022-10-25,PROD-003,64,3704.3376759634357
2022-10-26,PROD-003,64,4058.028936812784
2022-10-27,PROD-003,60,2107.0673567259537
2022-10-28,PROD-003,52,3625.093911671959
2022-10-29,PROD-003,28,793.9787897280945
2022-10-30,PROD-003,35,2572.2600941375317
2022-10-31,PROD-003,68,4384.618852652281
2022-11-01,PROD-003,56,7285.7712481451235
2022-11-02,PROD-003,45,3704.810794580651
2022-11-03,PROD-003,60,1930.9926076785193
2022-11-04,PROD-003,49,6906.427858026529
2022-11-05,PROD-003,51,5441.478910065174
2022-11-06,PROD-003,44,5035.134040544723
2022-11-07,PROD-003,54,6327.92363678008
2022-11-08,PROD-003,44,2599.8277387812414
2022-11-09,PROD-003,68,4727.946269192775
2022-11-10,PROD-003,58,8378.85613931999
2022-11-11,PROD-003,73,4205.44759607071
2022-11-12,PROD-003,42,5154.713804576504
2022-11-13,PROD-003,41,3611.2359807894804
2022-11-14,PROD-003,72,10017.608570143499
2022-11-15,PROD-003,65,4679.323356786283
2022-11-16,PROD-003,57,2341.031522693522
2022-11-17,PROD-003,77,3904.6910989273597
2022-11-18,PROD-003,49,3307.7308837681217
2022-11-19,PROD-003,35,5044.197723584556
2022-11-20,PROD-003,37,4452.875476134918
2022-11-21,PROD-003,55,1938.6286783296368
2022-11-22,PROD-003,61,8690.662544865101
2022-11-23,PROD-003,45,5574.707824327253
2022-11-24,PROD-003,69,6660.539153782191
2022-11-25,PROD-003,68,6246.102957500688
2022-11-26,PROD-003,42,6290.3756925588505
2022-11-27,PROD-003,37,5489.856178371693
2022-11-28,PROD-003,74,7741.47734290997
2022-11-29,PROD-003,75,3257.1357261908875
2022-11-30,PROD-003,44,1144.5159943434428
2022-12-01,PROD-003,41,2322.492217108919
2022-12-02,PROD-003,69,7006.410599184164
2022-12-03,PROD-003,27,2299.1931584577746
2022-12-04,PROD-003,41,4682.2881356049365
2022-12-05,PROD-003,53,4822.005718512856
2022-12-06,PROD-003,73,6259.767654968684
2022-12-07,PROD-003,65,4835.550964727982
2022-12-08,PROD-003,73,8099.872483562046
2022-12-09,PROD-003,40,3530.257459052127
2022-12-10,PROD-003,39,2907.6371279343466
2022-12-11,PROD-003,33,2824.6531607130282
2022-12-12,PROD-003,46,4926.369248224808
2022-12-13,PROD-003,54,6045.561896805104
2022-12-14,PROD-003,42,1577.2749214497894
2022-12-15,PROD-003,52,6529.50259773796
2022-12-16,PROD-003,42,5688.954025284576
2022-12-17,PROD-003,45,5216.248541742582
2022-12-18,PROD-003,29,1102.6885471848796
2022-12-19,PROD-003,63,4254.882959778868
2022-12-20,PROD-003,42,5814.450355451512
2022-12-21,PROD-003,61,2114.565628316315
2022-12-22,PROD-003,38,5373.64584808088
2022-12-23,PROD-003,52,3696.5710656868955
2022-12-24,PROD-003,26,2633.2098785894677
2022-12-25,PROD-003,26,2478.26326672546
2022-12-26,PROD-003,59,4650.109644488902
2022-12-27,PROD-003,66,4433.829052551886
2022-12-28,PROD-003,38,4636.416785028745
2022-12-29,PROD-003,38,1629.1704399278253
2022-12-30,PROD-003,54,3181.453417397204
2022-12-31,PROD-003,26,3341.081456128016
2023-01-01,PROD-003,42,6122.1937981987685
2023-01-02,PROD-003,65,2571.822133302671
2023-01-03,PROD-003,42,1173.1640240151423
2023-01-04,PROD-003,48,1204.6985306934585
2023-01-05,PROD-003,65,3735.1960713378353
2023-01-06,PROD-003,55,1404.4866637903262
2023-01-07,PROD-003,32,4357.5334210998
2023-01-08,PROD-003,41,4547.458029885388
2023-01-09,PROD-003,59,3971.0329412425976
2023-01-10,PROD-003,64,7013.402241580746
2023-01-11,PROD-003,59,5539.037890921761
2023-01-12,PROD-003,38,1263.4427214426842
2023-01-13,PROD-003,58,3134.858301989012
2023-01-14,PROD-003,37,1771.5718916617084
2023-01-15,PROD-003,39,5094.592514769193
2023-01-16,PROD-003,62,1748.5226165617107
2023-01-17,PROD-003,46,6137.041603984519
2023-01-18,PROD-003,50,5219.855155895146
2023-01-19,PROD-003,56,4487.431778152284
2023-01-20,PROD-003,40,3835.676481992513
2023-01-21,PROD-003,27,3690.716075455009
2023-01-22,PROD-003,33,1313.8963061260374
2023-01-23,PROD-003,61,1847.1769381827455
2023-01-24,PROD-003,39,1807.951537277353
2023-01-25,PROD-003,59,7793.242182224828
2023-01-26,PROD-003,61,8698.190274110866
2023-01-27,PROD-003,46,5522.158075711325
2023-01-28,PROD-003,34,3045.9342883737468
2023-01-29,PROD-003,31,2896.0882299960094
2023-01-30,PROD-003,44,4745.234684295417
2023-01-31,PROD-003,63,3346.9283277804766
2023-02-01,PROD-003,50,2971.279498281341
2023-02-02,PROD-003,61,8819.471192110648
2023-02-03,PROD-003,47,3220.0045979686342
2023-02-04,PROD-003,31,2189.081730373239
2023-02-05,PROD-003,36,5158.553230612309
2023-02-06,PROD-003,60,4531.926641842756
2023-02-07,PROD-003,60,5584.712470558628
2023-02-08,PROD-003,39,3586.081663755255
2023-02-09,PROD-003,43,5733.490724261005
2023-02-10,PROD-003,54,3415.7366945122253
2023-02-11,PROD-003,32,1062.4618167896688
2023-02-12,PROD-003,31,2765.582650496376
2023-02-13,PROD-003,40,1014.9807974132615
2023-02-14,PROD-003,34,5026.200451680622
2023-02-15,PROD-003,40,4442.824272315996
2023-02-16,PROD-003,44,3261.2244786385054
2023-02-17,PROD-003,50,4010.5944969664206
2023-02-18,PROD-003,33,3490.6662087481272
2023-02-19,PROD-003,33,3894.2042702534327
2023-02-20,PROD-003,48,3170.6089205723247
2023-02-21,PROD-003,60,6064.797843950889
2023-02-22,PROD-003,36,4833.151924134752
2023-02-23,PROD-003,38,1940.6677838303683
2023-02-24,PROD-003,58,5097.792244730826
2023-02-25,PROD-003,37,1962.3166290204051
2023-02-26,PROD-003,25,2559.132353161641
2023-02-27,PROD-003,60,3303.200328293534
2023-02-28,PROD-003,45,3694.157695060568
2023-03-01,PROD-003,56,4525.746407113257
2023-03-02,PROD-003,35,3510.1536106412414
2023-03-03,PROD-003,54,5595.819803844752
2023-03-04,PROD-003,27,1594.7805373401934
2023-03-05,PROD-003,32,1398.674436552314
2023-03-06,PROD-003,44,4692.772575977389
2023-03-07,PROD-003,47,3790.1445653675123
2023-03-08,PROD-003,61,7368.850278946581
2023-03-09,PROD-003,45,4956.255578811577
2023-03-10,PROD-003,55,3124.206778283349
2023-03-11,PROD-003,23,2357.602916335961
2023-03-12,PROD-003,35,5232.69316450112
2023-03-13,PROD-003,45,2766.639344449985
2023-03-14,PROD-003,44,2467.273187333754
2023-03-15,PROD-003,44,5562.179137037692
2023-03-16,PROD-003,60,8385.382503394936
2023-03-17,PROD-003,42,3538.9317789300826
2023-03-18,PROD-003,39,1978.297454535454
2023-03-19,PROD-003,37,1707.2074472532422
2023-03-20,PROD-003,37,4907.737698639863
2023-03-21,PROD-003,41,3397.5291337429867
2023-03-22,PROD-003,47,1457.4016965278238
2023-03-23,PROD-003,34,1355.8963204750607
2023-03-24,PROD-003,41,3125.2425240395287
2023-03-25,PROD-003,26,877.5759362241123
2023-03-26,PROD-003,28,1701.3756462968026
2023-03-27,PROD-003,34,1135.6587056302742
2023-03-28,PROD-003,56,4275.57984364322
2023-03-29,PROD-003,48,4350.177124367154
2023-03-30,PROD-003,50,3569.3478404536363
2023-03-31,PROD-003,44,3412.860917709625
2023-04-01,PROD-003,34,1502.842704495133
2023-04-02,PROD-003,28,3267.4873287429446
2023-04-03,PROD-003,44,3921.7465666729936
2023-04-04,PROD-003,50,3237.3695165659974
2023-04-05,PROD-003,59,4476.144168373924
2023-04-06,PROD-003,41,5935.729272538255
2023-04-07,PROD-003,49,5045.458374064933
2023-04-08,PROD-003,41,2088.9390603017796
2023-04-09,PROD-003,28,3569.5432182255927
2023-04-10,PROD-003,37,1653.7448201476084
2023-04-11,PROD-003,48,2083.012114354125
2023-04-12,PROD-003,54,4093.9904448913394
2023-04-13,PROD-003,40,1090.1152583451371
2023-04-14,PROD-003,60,8544.884907440031
2023-04-15,PROD-003,23,2796.908092644037
2023-04-16,PROD-003,33,3916.4373935156877
2023-04-17,PROD-003,36,3377.655731654808
2023-04-18,PROD-003,64,5910.0322776854655
2023-04-19,PROD-003,54,4779.1681280421535
2023-04-20,PROD-003,57,4436.419998383425
2023-04-21,PROD-003,38,3233.5519844909095
2023-04-22,PROD-003,25,2031.1134519751142
2023-04-23,PROD-003,35,1533.93421123947
2023-04-24,PROD-003,55,4327.533151401201
2023-04-25,PROD-003,52,6728.028217287442
2023-04-26,PROD-003,61,7211.0571936242
2023-04-27,PROD-003,55,4751.917080231767
2023-04-28,PROD-003,64,3178.7504592464447
2023-04-29,PROD-003,25,703.5196341666127
2023-04-30,PROD-003,37,3097.1366552400445
2023-05-01,PROD-003,40,2790.782767813703
2023-05-02,PROD-003,58,3518.569666017041
2023-05-03,PROD-003,60,2517.268595285118
2023-05-04,PROD-003,43,5263.769796960623
2023-05-05,PROD-003,60,2131.214065821268
2023-05-06,PROD-003,44,5250.854127257292
2023-05-07,PROD-003,42,3627.8247604864137
2023-05-08,PROD-003,39,3823.452801667245
2023-05-09,PROD-003,50,2076.765072504597
2023-05-10,PROD-003,53,3430.9020527076523
2023-05-11,PROD-003,45,1421.0939542350152
2023-05-12,PROD-003,41,5694.392996844999
2023-05-13,PROD-003,34,2923.2955653444765
2023-05-14,PROD-003,32,3297.7727923298517
2023-05-15,PROD-003,68,5163.493038551666
2023-05-16,PROD-003,58,2478.4107927273185
2023-05-17,PROD-003,41,4910.065307749807
2023-05-18,PROD-003,74,2033.295974801441
2023-05-19,PROD-003,42,5165.440948205848
2023-05-20,PROD-003,44,3282.2186071275296
2023-05-21,PROD-003,34,3728.7546710430934
2023-05-22,PROD-003,72,2883.011717206875
2023-05-23,PROD-003,55,5983.395763235812
2023-05-24,PROD-003,63,8854.450625885407
2023-05-25,PROD-003,64,6096.492700748569
2023-05-26,PROD-003,73,4845.886618099529
2023-05-27,PROD-003,41,5743.927763914665
2023-05-28,PROD-003,40,2988.050924664826
2023-05-29,PROD-003,58,5252.373328445543
2023-05-30,PROD-003,56,5398.558637947926
2023-05-31,PROD-003,48,1536.1484104519955
2023-06-01,PROD-003,66,7226.357006250498
2023-06-02,PROD-003,49,3875.1757090359515
2023-06-03,PROD-003,49,3727.5258500864547
2023-06-04,PROD-003,27,3613.1900601439966
2023-06-05,PROD-003,71,5856.329608472176
2023-06-06,PROD-003,51,2496.1870383327728
2023-06-07,PROD-003,54,1629.4380612911239
2023-06-08,PROD-003,64,2347.8537888074925
2023-06-09,PROD-003,61,3642.5976989754067
2023-06-10,PROD-003,29,2999.090986899119
2023-06-11,PROD-003,40,2415.5073338227867
2023-06-12,PROD-003,44,5371.729631354973
2023-06-13,PROD-003,49,3182.0387709473202
2023-06-14,PROD-003,64,9119.109917102582
2023-06-15,PROD-003,67,4398.944467031192
2023-06-16,PROD-003,51,6038.7729143781635
2023-06-17,PROD-003,47,7034.22337615958
2023-06-18,PROD-003,39,1468.8009487739453
2023-06-19,PROD-003,53,4731.603988636178
2023-06-20,PROD-003,60,3867.6049080005278
2023-06-21,PROD-003,57,3969.604701436131
2023-06-22,PROD-003,55,3646.620159655241
2023-06-23,PROD-003,47,6548.740957323553
2023-06-24,PROD-003,31,3462.441111574012
2023-06-25,PROD-003,30,2609.875087002817
2023-06-26,PROD-003,49,6261.703466907094
2023-06-27,PROD-003,64,8446.2708107746
2023-06-28,PROD-003,72,9231.456727424651
2023-06-29,PROD-003,74,6013.3661809219475
2023-06-30,PROD-003,62,5963.751602320305
2023-07-01,PROD-003,54,7572.563108409586
2023-07-02,PROD-003,41,2774.439951278619
2023-07-03,PROD-003,68,4316.654113369205
2023-07-04,PROD-003,67,8323.432649035163
2023-07-05,PROD-003,53,2512.963575399101
2023-07-06,PROD-003,49,5659.159691448633
2023-07-07,PROD-003,61,8496.069435291152
2023-07-08,PROD-003,55,5738.54039619212
2023-07-09,PROD-003,49,1620.493626963837
2023-07-10,PROD-003,61,8202.07893191203
2023-07-11,PROD-003,66,7034.944751971992
2023-07-12,PROD-003,86,8396.65400750108
2023-07-13,PROD-003,70,9152.060843765801
2023-07-14,PROD-003,70,7323.410051660346
2023-07-15,PROD-003,47,3279.7923136780983
2023-07-16,PROD-003,43,3199.2873149056313
2023-07-17,PROD-003,66,3479.7110263059044
2023-07-18,PROD-003,80,9904.461098882533
2023-07-19,PROD-003,62,7358.941078596202
2023-07-20,PROD-003,50,2839.848395561929
2023-07-21,PROD-003,54,4189.815621850981
2023-07-22,PROD-003,55,2506.7594361302267
2023-07-23,PROD-003,36,3744.3988381830764
2023-07-24,PROD-003,73,3856.5999221863703
2023-07-25,PROD-003,84,12273.947198768945
2023-07-26,PROD-003,79,5857.41524463163
2023-07-27,PROD-003,83,2723.6449161118258
2023-07-28,PROD-003,78,5152.769249820223
2023-07-29,PROD-003,45,3351.4167906196467
2023-07-30,PROD-003,33,4504.863331611299
2023-07-31,PROD-003,68,9975.374010087742
2023-08-01,PROD-003,84,9869.552706466075
2023-08-02,PROD-003,64,7127.846725964172
2023-08-03,PROD-003,55,1837.955319855853
2023-08-04,PROD-003,68,9587.971571418962
2023-08-05,PROD-003,57,4623.243509201952
2023-08-06,PROD-003,53,3215.716901610726
2023-08-07,PROD-003,77,6673.729184354396
2023-08-08,PROD-003,55,4183.599175941823
2023-08-09,PROD-003,70,8597.963028107035
2023-08-10,PROD-003,77,8475.820806974947
2023-08-11,PROD-003,85,10811.71426087584
2023-08-12,PROD-003,38,4378.432080477419
2023-08-13,PROD-003,50,7409.542393774319
2023-08-14,PROD-003,90,9532.044540112027
2023-08-15,PROD-003,81,7414.400045872138
2023-08-16,PROD-003,65,5994.122758748756
2023-08-17,PROD-003,77,11204.121879403541
2023-08-18,PROD-003,58,6540.882437378643
2023-08-19,PROD-003,35,4221.030940110285
2023-08-20,PROD-003,42,2295.2322488967334
2023-08-21,PROD-003,53,5997.2515961269355
2023-08-22,PROD-003,62,4751.331281630788
2023-08-23,PROD-003,83,11262.54065778136
2023-08-24,PROD-003,80,3349.1420914871765
2023-08-25,PROD-003,82,6354.902843538826
2023-08-26,PROD-003,33,4660.247244637896
2023-08-27,PROD-003,35,1490.5021684955602
2023-08-28,PROD-003,56,2460.619062692676
2023-08-29,PROD-003,78,2677.9766048617976
2023-08-30,PROD-003,53,7565.511808130812
2023-08-31,PROD-003,58,7491.957670950025
2023-09-01,PROD-003,75,9689.274192479592
2023-09-02,PROD-003,33,3795.090961901258
2023-09-03,PROD-003,36,5080.454762195646
2023-09-04,PROD-003,78,10732.24801563162
2023-09-05,PROD-003,83,4334.553864278292
2023-09-06,PROD-003,65,8430.045071626782
2023-09-07,PROD-003,56,4409.097709203512
2023-09-08,PROD-003,93,7982.025306002767
2023-09-09,PROD-003,49,2231.638051367627
2023-09-10,PROD-003,43,4726.393975482179
2023-09-11,PROD-003,78,10893.643129417327
2023-09-12,PROD-003,85,4563.481789907491
2023-09-13,PROD-003,57,4806.857089511523
2023-09-14,PROD-003,85,12004.413929751845
2023-09-15,PROD-003,77,9847.919102287602
2023-09-16,PROD-003,55,5239.509253254604
2023-09-17,PROD-003,52,2664.853236932524
2023-09-18,PROD-003,88,8779.571016299406
2023-09-19,PROD-003,62,3601.86990206414
2023-09-20,PROD-003,74,7247.342658747502
2023-09-21,PROD-003,60,4223.777205251058
2023-09-22,PROD-003,81,6853.671593505034
2023-09-23,PROD-003,42,5747.998801301808
2023-09-24,PROD-003,56,5884.436720021491
2023-09-25,PROD-003,66,3004.895031080827
2023-09-26,PROD-003,55,6538.9108132789215
2023-09-27,PROD-003,90,5593.021871932075
2023-09-28,PROD-003,62,2212.9189572682535
2023-09-29,PROD-003,62,2630.0332292253006
2023-09-30,PROD-003,54,5766.165160803927
2023-10-01,PROD-003,53,5561.030908699342
2023-10-02,PROD-003,79,4390.812813764202
2023-10-03,PROD-003,50,5468.876647449855
2023-10-04,PROD-003,59,6635.771009827034
2023-10-05,PROD-003,79,11274.754150753994
2023-10-06,PROD-003,78,5552.2398446314155
2023-10-07,PROD-003,40,5821.748221522304
2023-10-08,PROD-003,55,3673.6629229767123
2023-10-09,PROD-003,57,8337.258423310392
2023-10-10,PROD-003,66,7807.761294039428
2023-10-11,PROD-003,54,3181.7704738711477
2023-10-12,PROD-003,74,2566.4005729301953
2023-10-13,PROD-003,85,10041.20536906345
2023-10-14,PROD-003,42,4749.931105675608
2023-10-15,PROD-003,48,4486.399516660849
2023-10-16,PROD-003,78,9358.882851736731
2023-10-17,PROD-003,82,5734.701200753392
2023-10-18,PROD-003,58,2281.700623244765
2023-10-19,PROD-003,64,9386.598939143607
2023-10-20,PROD-003,64,4591.671719807943
2023-10-21,PROD-003,41,5537.7777229134035
2023-10-22,PROD-003,30,2114.432681082563
2023-10-23,PROD-003,86,9666.35579131293
2023-10-24,PROD-003,60,3369.1388974039724
2023-10-25,PROD-003,52,5514.70938033629
2023-10-26,PROD-003,66,8690.027220062235
2023-10-27,PROD-003,57,4011.964465363919
2023-10-28,PROD-003,48,6462.5758463588745
2023-10-29,PROD-003,35,3802.403699784533
2023-10-30,PROD-003,83,4526.381416711568
2023-10-31,PROD-003,53,6944.249956294921
2023-11-01,PROD-003,63,6779.683674755043
2023-11-02,PROD-003,63,3085.901689805851
2023-11-03,PROD-003,63,4733.930081109887
2023-11-04,PROD-003,39,3276.141250672889
2023-11-05,PROD-003,43,5965.013289872697
2023-11-06,PROD-003,78,4403.091095658942
2023-11-07,PROD-003,69,6349.215284651988
2023-11-08,PROD-003,48,5180.204468363326
2023-11-09,PROD-003,65,5342.26999218095
2023-11-10,PROD-003,47,4730.181483175581
2023-11-11,PROD-003,38,3857.736969863439
2023-11-12,PROD-003,48,4179.758783004913
2023-11-13,PROD-003,64,3651.543751319561
2023-11-14,PROD-003,51,5760.445815061034
2023-11-15,PROD-003,59,6239.423272330492
2023-11-16,PROD-003,74,7672.676573489082
2023-11-17,PROD-003,80,2997.4499524058992
2023-11-18,PROD-003,51,3655.738942333367
2023-11-19,PROD-003,38,5355.72376377049
2023-11-20,PROD-003,46,2750.7892937557567
2023-11-21,PROD-003,62,7375.133144753153
2023-11-22,PROD-003,55,4015.9860988994146
2023-11-23,PROD-003,45,5137.7884118326165
2023-11-24,PROD-003,59,7221.79693435615
2023-11-25,PROD-003,50,3380.3699728529286
2023-11-26,PROD-003,28,3444.1844927343564
2023-11-27,PROD-003,69,3978.9466417470444
2023-11-28,PROD-003,78,8393.129472334645
2023-11-29,PROD-003,60,7665.827091087223
2023-11-30,PROD-003,53,3012.478073991109
2023-12-01,PROD-003,77,6578.9636919405775
2023-12-02,PROD-003,31,1798.1601324684866
2023-12-03,PROD-003,43,5452.468583936433
2023-12-04,PROD-003,69,2307.029477907915
2023-12-05,PROD-003,52,4752.287027954463
2023-12-06,PROD-003,56,3611.0368038089464
2023-12-07,PROD-003,48,4934.2491555464885
2023-12-08,PROD-003,69,5410.46179273946
2023-12-09,PROD-003,29,2960.1220458500698
2023-12-10,PROD-003,40,5489.1496822276695
2023-12-11,PROD-003,67,4986.1383328304255
2023-12-12,PROD-003,59,8054.421899436551
2023-12-13,PROD-003,68,4600.523829929945
2023-12-14,PROD-003,42,4811.278343742135
2023-12-15,PROD-003,74,2795.243008175342
2023-12-16,PROD-003,47,7044.948754870288
2023-12-17,PROD-003,33,2668.986135406534
2023-12-18,PROD-003,54,3577.7974683229886
2023-12-19,PROD-003,52,7475.444152344875
2023-12-20,PROD-003,47,1981.6958022674037
2023-12-21,PROD-003,55,1750.0765323327394
2023-12-22,PROD-003,43,6441.409106434539
2023-12-23,PROD-003,41,1872.7630114920237
2023-12-24,PROD-003,34,1077.9739748272355
2023-12-25,PROD-003,46,4336.085207405955
2023-12-26,PROD-003,63,5369.432262628004
2023-12-27,PROD-003,47,5796.7487797754675
2023-12-28,PROD-003,45,4614.406951622557
2023-12-29,PROD-003,48,2376.7161131561534
2023-12-30,PROD-003,39,4657.091984069004
2023-12-31,PROD-003,36,1666.4271163312214
2024-01-01,PROD-003,55,4035.196748815058
2024-01-02,PROD-003,41,4753.709410588543
2024-01-03,PROD-003,41,1299.0152024161036
2024-01-04,PROD-003,62,7066.720632558612
2024-01-05,PROD-003,51,6128.973280221623
2024-01-06,PROD-003,24,1645.6715364228667
2024-01-07,PROD-003,36,3986.028104685906
2024-01-08,PROD-003,61,2633.885482767535
2024-01-09,PROD-003,64,3870.0829086944063
2024-01-10,PROD-003,54,2823.8116287061303
2024-01-11,PROD-003,66,8782.263928255039
2024-01-12,PROD-003,46,6246.057657335476
2024-01-13,PROD-003,33,993.1922024367515
2024-01-14,PROD-003,35,2837.999272069122
2024-01-15,PROD-003,42,3775.1043794463017
2024-01-16,PROD-003,58,2161.876417417604
2024-01-17,PROD-003,39,2427.75901059554
2024-01-18,PROD-003,46,5426.146201877339
2024-01-19,PROD-003,51,6042.700666083713
2024-01-20,PROD-003,38,3671.562919522579
2024-01-21,PROD-003,29,1142.6919803250642
2024-01-22,PROD-003,64,6568.916940615303
2024-01-23,PROD-003,37,1286.7631443822077
2024-01-24,PROD-003,52,6939.16025840552
2024-01-25,PROD-003,57,5300.2338981754065
2024-01-26,PROD-003,50,1640.8839562753856
2024-01-27,PROD-003,40,3427.4485877491925
2024-01-28,PROD-003,31,2591.623257837674
2024-01-29,PROD-003,40,1761.6497075395314
2024-01-30,PROD-003,44,4661.399043621852
2024-01-31,PROD-003,49,1993.3756510011294
2024-02-01,PROD-003,41,5470.585381398931
2024-02-02,PROD-003,43,5607.193042429519
2024-02-03,PROD-003,40,5913.373185873047
2024-02-04,PROD-003,26,2626.780697860274
2024-02-05,PROD-003,43,1899.8412696052885
2024-02-06,PROD-003,48,6945.295871987591
2024-02-07,PROD-003,54,3199.468256133314
2024-02-08,PROD-003,46,4682.3470341153825
2024-02-09,PROD-003,47,5019.455862815316
2024-02-10,PROD-003,29,882.8655117622902
2024-02-11,PROD-003,27,2104.1221185278773
2024-02-12,PROD-003,56,3533.6751577824552
2024-02-13,PROD-003,56,4689.759365263638
2024-02-14,PROD-003,52,4837.223069255692
2024-02-15,PROD-003,39,1857.5233043166982
2024-02-16,PROD-003,39,3960.458528310023
2024-02-17,PROD-003,23,3177.5956103559674
2024-02-18,PROD-003,27,3928.536206928669
2024-02-19,PROD-003,40,2257.032085519674
2024-02-20,PROD-003,40,5645.818343179131
2024-02-21,PROD-003,46,4243.478823868319
2024-02-22,PROD-003,36,1435.5344968303962
2024-02-23,PROD-003,35,2408.1646031243063
2024-02-24,PROD-003,26,2398.981629976903
2024-02-25,PROD-003,34,4115.901868865938
2024-02-26,PROD-003,58,7564.759042691143
2024-02-27,PROD-003,58,6939.315386571472
2024-02-28,PROD-003,60,6221.272374483981
2024-02-29,PROD-003,58,2060.85055379755
2024-03-01,PROD-003,51,2985.4633778280327
2024-03-02,PROD-003,38,2525.2536996254285
2024-03-03,PROD-003,35,2370.19680708472
2024-03-04,PROD-003,38,4515.867701558638
2024-03-05,PROD-003,52,3123.6533603462485
2024-03-06,PROD-003,55,5916.839992293296
2024-03-07,PROD-003,35,2238.130950179338
2024-03-08,PROD-003,59,5649.1528984635
2024-03-09,PROD-003,22,1839.137601925347
2024-03-10,PROD-003,27,3476.8386832386036
2024-03-11,PROD-003,49,4876.235512057809
2024-03-12,PROD-003,46,5507.697399101915
2024-03-13,PROD-003,64,8592.128254241874
2024-03-14,PROD-003,54,2757.2823152447336
2024-03-15,PROD-003,56,6721.391270706943
2024-03-16,PROD-003,23,2123.42585188296
2024-03-17,PROD-003,35,2162.1688238615575
2024-03-18,PROD-003,47,4303.086587623928
2024-03-19,PROD-003,48,2652.2899641025806
2024-03-20,PROD-003,52,6438.910890235376
2024-03-21,PROD-003,58,4686.073153214997
2024-03-22,PROD-003,40,5389.889097549116
2024-03-23,PROD-003,25,3375.379865456427
2024-03-24,PROD-003,41,3877.6576224311743
2024-03-25,PROD-003,58,1785.0040374448222
2024-03-26,PROD-003,54,4310.621203622997
2024-03-27,PROD-003,42,1870.6884768444443
2024-03-28,PROD-003,39,5074.169068750574
2024-03-29,PROD-003,52,4790.797717154259
2024-03-30,PROD-003,39,4295.957252838365
2024-03-31,PROD-003,40,1720.753950974954
2024-04-01,PROD-003,49,4332.353976442913
2024-04-02,PROD-003,42,5837.933543768949
2024-04-03,PROD-003,65,7665.375956149886
2024-04-04,PROD-003,48,2211.730574681361
2024-04-05,PROD-003,38,1045.1883613465354
2024-04-06,PROD-003,42,3128.54321445289
2024-04-07,PROD-003,42,1936.9666125144277
2024-04-08,PROD-003,44,5372.835299534019
2024-04-09,PROD-003,44,4837.655795618909
2024-04-10,PROD-003,37,5291.311264153739
2024-04-11,PROD-003,66,8287.979393893513
2024-04-12,PROD-003,54,3123.6434184448917
2024-04-13,PROD-003,36,1162.6841675813089
2024-04-14,PROD-003,35,4374.026966275056
2024-04-15,PROD-003,65,8413.752683716713
2024-04-16,PROD-003,64,6359.548343611263
2024-04-17,PROD-003,51,2528.248438560367
2024-04-18,PROD-003,62,2893.215701699456
2024-04-19,PROD-003,46,6555.228044779428
2024-04-20,PROD-003,26,3401.025429318184
2024-04-21,PROD-003,31,3313.3347427703925
2024-04-22,PROD-003,66,4176.204849753598
2024-04-23,PROD-003,39,1156.3268744127881
2024-04-24,PROD-003,48,3745.367144665938
2024-04-25,PROD-003,68,8275.757570182072
2024-04-26,PROD-003,51,4041.581790343375
2024-04-27,PROD-003,40,5070.663290280481
2024-04-28,PROD-003,40,2876.10691975819
2024-04-29,PROD-003,60,3627.5072479776236
2024-04-30,PROD-003,63,2096.0513638727784
2024-05-01,PROD-003,47,3471.4207749160555
2024-05-02,PROD-003,48,6521.26243651845
2024-05-03,PROD-003,40,2789.310361670273
2024-05-04,PROD-003,39,2553.7368206407355
2024-05-05,PROD-003,28,2092.9085240579425
2024-05-06,PROD-003,40,3474.258838353578
2024-05-07,PROD-003,45,2406.0294099144626
2024-05-08,PROD-003,69,2919.064389217872
2024-05-09,PROD-003,42,2588.183423927852
2024-05-10,PROD-003,51,3331.5630062424566
2024-05-11,PROD-003,44,4839.085525412669
2024-05-12,PROD-003,48,4744.451795476361
2024-05-13,PROD-003,71,4813.413485116266
2024-05-14,PROD-003,64,1743.1435223165226
2024-05-15,PROD-003,46,5881.885786485753
2024-05-16,PROD-003,46,2796.8083080258075
2024-05-17,PROD-003,48,3732.278563957654
2024-05-18,PROD-003,31,902.3525518580332
2024-05-19,PROD-003,30,2903.3504811711887
2024-05-20,PROD-003,44,4610.103960776246
2024-05-21,PROD-003,64,8617.32325294421
2024-05-22,PROD-003,62,7569.180363757393
2024-05-23,PROD-003,51,2538.7723228688196
2024-05-24,PROD-003,57,5512.95050008164
2024-05-25,PROD-003,49,4970.374896782397
2024-05-26,PROD-003,46,1628.520376121136
2024-05-27,PROD-003,63,3036.6646341790133
2024-05-28,PROD-003,69,5878.65261050292
2024-05-29,PROD-003,65,8682.206735148051
2024-05-30,PROD-003,67,8081.84487314696
2024-05-31,PROD-003,69,5443.620572143712
2024-06-01,PROD-003,51,2455.612595589932
2024-06-02,PROD-003,36,5343.211297271234
2024-06-03,PROD-003,45,5401.551438016156
2024-06-04,PROD-003,75,6825.924790803673
2024-06-05,PROD-003,56,6011.1796761449605
2024-06-06,PROD-003,76,11256.896894950887
2024-06-07,PROD-003,79,3247.7004214964154
2024-06-08,PROD-003,52,3543.8590495243197
2024-06-09,PROD-003,47,4219.948623798257
2024-06-10,PROD-003,63,5551.924369876299
2024-06-11,PROD-003,67,7790.309839794426
2024-06-12,PROD-003,71,4626.822371542322
2024-06-13,PROD-003,79,8104.936932470511
2024-06-14,PROD-003,53,3944.735130618239
2024-06-15,PROD-003,44,3754.118849660562
2024-06-16,PROD-003,31,881.8947398067226
2024-06-17,PROD-003,74,3514.0471044551073
2024-06-18,PROD-003,83,6870.487684797714
2024-06-19,PROD-003,46,1311.7755729927999
2024-06-20,PROD-003,61,1633.0817104198436
2024-06-21,PROD-003,60,1936.8198334049805
2024-06-22,PROD-003,31,2961.54683267817
2024-06-23,PROD-003,51,3482.264121911671
2024-06-24,PROD-003,66,7518.515399558618
2024-06-25,PROD-003,76,5547.253264161033
2024-06-26,PROD-003,50,6631.547395033883
2024-06-27,PROD-003,73,3763.1871247179665
2024-06-28,PROD-003,51,4241.6342223910715
2024-06-29,PROD-003,32,2183.9317070146462
2024-06-30,PROD-003,54,2707.2457394525754
2024-07-01,PROD-003,72,9378.67259895784
2024-07-02,PROD-003,70,8433.096771794762
2024-07-03,PROD-003,86,3501.550686994585
2024-07-04,PROD-003,55,1748.375780525516
2024-07-05,PROD-003,48,4680.952104249865
2024-07-06,PROD-003,39,5783.403582761556
2024-07-07,PROD-003,49,2754.9827497881142
2024-07-08,PROD-003,59,5922.963422136987
2024-07-09,PROD-003,57,6526.516498958464
2024-07-10,PROD-003,87,4675.826620858119
2024-07-11,PROD-003,71,9947.580642740533
2024-07-12,PROD-003,55,2398.765462050131
2024-07-13,PROD-003,33,989.7256193876963
2024-07-14,PROD-003,46,2556.8636388245427
2024-07-15,PROD-003,71,2236.941527909968
2024-07-16,PROD-003,90,5000.564727701232
2024-07-17,PROD-003,54,1495.8666735236022
2024-07-18,PROD-003,57,4699.738284646652
2024-07-19,PROD-003,71,4739.991261050867
2024-07-20,PROD-003,56,4949.00499578567
2024-07-21,PROD-003,33,1627.7638561541796
2024-07-22,PROD-003,91,9785.649059025032
2024-07-23,PROD-003,88,2240.8549974507823
2024-07-24,PROD-003,68,4723.357914850499
2024-07-25,PROD-003,67,6289.762010612981
2024-07-26,PROD-003,66,6578.45502774672
2024-07-27,PROD-003,37,3202.1871126779556
2024-07-28,PROD-003,44,2351.665356018718
2024-07-29,PROD-003,54,6436.885309014604
2024-07-30,PROD-003,54,3577.8918199156924
2024-07-31,PROD-003,92,5615.733439348489
2024-08-01,PROD-003,67,5439.321102259253
2024-08-02,PROD-003,93,6834.409355643417
2024-08-03,PROD-003,57,6001.119768330443
2024-08-04,PROD-003,34,911.6256235259733
2024-08-05,PROD-003,53,3291.529746689444
2024-08-06,PROD-003,56,7514.156667363435
2024-08-07,PROD-003,72,7509.049990736212
2024-08-08,PROD-003,55,8141.202096601396
2024-08-09,PROD-003,57,1516.6644607191745
2024-08-10,PROD-003,60,5397.976164162335
2024-08-11,PROD-003,37,2604.164207551728
2024-08-12,PROD-003,94,4694.919892816977
2024-08-13,PROD-003,91,3019.2307694688293
2024-08-14,PROD-003,74,10771.72699465089
2024-08-15,PROD-003,57,1667.4387230800005
2024-08-16,PROD-003,73,8162.5898695583
2024-08-17,PROD-003,34,3531.746281680903
2024-08-18,PROD-003,39,1355.815366144491
2024-08-19,PROD-003,65,6901.370535509743
2024-08-20,PROD-003,65,6249.073206067686
2024-08-21,PROD-003,77,4220.606624015997
2024-08-22,PROD-003,66,5444.2516998933415
2024-08-23,PROD-003,84,10114.658288683748
2024-08-24,PROD-003,56,6891.765793662841
2024-08-25,PROD-003,42,5407.444290721205
2024-08-26,PROD-003,91,10810.093668350895
2024-08-27,PROD-003,87,5487.114005808836
2024-08-28,PROD-003,63,6294.317131659132
2024-08-29,PROD-003,95,3251.4747958448866
2024-08-30,PROD-003,94,5173.946594555383
2024-08-31,PROD-003,47,5251.494233785224
2024-09-01,PROD-003,52,5673.0917194306985
2024-09-02,PROD-003,61,3362.1560354597455
2024-09-03,PROD-003,60,7417.478598290336
2024-09-04,PROD-003,56,3470.2591795228627
2024-09-05,PROD-003,72,6008.929957581191
2024-09-06,PROD-003,92,8398.054431676599
2024-09-07,PROD-003,40,2648.1210685494934
2024-09-08,PROD-003,57,3715.7965809955217
2024-09-09,PROD-003,94,12437.672026258942
2024-09-10,PROD-003,84,4792.356154735297
2024-09-11,PROD-003,60,8940.988446906738
2024-09-12,PROD-003,82,9603.754367661986
2024-09-13,PROD-003,65,7214.029705697792
2024-09-14,PROD-003,48,5844.164479301715
2024-09-15,PROD-003,58,4566.2528967090575
2024-09-16,PROD-003,57,3588.9252989364772
2024-09-17,PROD-003,87,9798.435404006575
2024-09-18,PROD-003,63,4139.595249740668
2024-09-19,PROD-003,64,9506.68404454065
2024-09-20,PROD-003,82,2408.2834429759528
2024-09-21,PROD-003,49,2526.793984842665
2024-09-22,PROD-003,38,4005.0730600141965
2024-09-23,PROD-003,54,6816.49202988525
2024-09-24,PROD-003,76,4023.449220456744
2024-09-25,PROD-003,94,8856.042084588873
2024-09-26,PROD-003,93,11656.178068007988
2024-09-27,PROD-003,86,7574.668983789171
2024-09-28,PROD-003,58,4425.599802779448
2024-09-29,PROD-003,41,2467.0753048411493
2024-09-30,PROD-003,73,10104.417845274753
2024-10-01,PROD-003,92,8180.81958984092
2024-10-02,PROD-003,92,7095.525653043806
2024-10-03,PROD-003,74,1961.3115159655874
2024-10-04,PROD-003,58,7453.789339115696
2024-10-05,PROD-003,52,3893.8399582119882
2024-10-06,PROD-003,50,7166.808159206138
2024-10-07,PROD-003,56,2480.017263040685
2024-10-08,PROD-003,73,3155.57266355034
2024-10-09,PROD-003,72,3568.0088367811804
2024-10-10,PROD-003,82,5173.604654565468
2024-10-11,PROD-003,54,5089.82557973426
2024-10-12,PROD-003,38,2663.330553694314
2024-10-13,PROD-003,51,5103.153367315888
2024-10-14,PROD-003,87,2794.1249861074593
2024-10-15,PROD-003,81,3703.817783291713
2024-10-16,PROD-003,89,7921.015455005062
2024-10-17,PROD-003,77,6456.311516988372
2024-10-18,PROD-003,75,5361.779390360992
2024-10-19,PROD-003,43,5898.477573699021
2024-10-20,PROD-003,51,6015.613680916571
2024-10-21,PROD-003,57,8314.10857398736
2024-10-22,PROD-003,76,2162.9810981457895
2024-10-23,PROD-003,79,2765.1012019188047
2024-10-24,PROD-003,85,10337.90674345993
2024-10-25,PROD-003,61,5037.56429261605
2024-10-26,PROD-003,50,2147.9024893349324
2024-10-27,PROD-003,57,6918.674392242769
2024-10-28,PROD-003,50,4578.9994369969645
2024-10-29,PROD-003,89,5446.776839561784
2024-10-30,PROD-003,68,2420.1617130142376
2024-10-31,PROD-003,71,3060.4539466720216
2024-11-01,PROD-003,70,6211.168266035727
2024-11-02,PROD-003,33,4929.55320604938
2024-11-03,PROD-003,50,2996.193655242264
2024-11-04,PROD-003,51,3850.242381808772
2024-11-05,PROD-003,47,6789.420716161476
2024-11-06,PROD-003,63,8427.846449074126
2024-11-07,PROD-003,84,7986.926191266458
2024-11-08,PROD-003,64,7142.081982008833
2024-11-09,PROD-003,32,916.1615745461609
2024-11-10,PROD-003,37,1213.3684061256258
2024-11-11,PROD-003,56,5340.933250294621
2024-11-12,PROD-003,79,11603.212828601225
2024-11-13,PROD-003,84,7805.647223859454
2024-11-14,PROD-003,80,9939.112151719699
2024-11-15,PROD-003,73,7525.695205609928
2024-11-16,PROD-003,49,5359.872794252435
2024-11-17,PROD-003,39,1812.85592369293
2024-11-18,PROD-003,46,6453.388588505883
2024-11-19,PROD-003,68,4841.577347871299
2024-11-20,PROD-003,55,3333.9952322912172
2024-11-21,PROD-003,75,8205.44290312255
2024-11-22,PROD-003,82,8028.045593937413
2024-11-23,PROD-003,52,6327.3329577455725
2024-11-24,PROD-003,41,5786.478346089389
2024-11-25,PROD-003,50,4828.386359282167
2024-11-26,PROD-003,70,3693.207872286192
2024-11-27,PROD-003,73,3170.1434212461822
2024-11-28,PROD-003,47,5615.987835494769
2024-11-29,PROD-003,49,2871.173445294072
2024-11-30,PROD-003,48,4167.150352890589
2024-12-01,PROD-003,36,4051.05512476155
2024-12-02,PROD-003,71,2645.7222306568747
2024-12-03,PROD-003,77,8721.063273035938
2024-12-04,PROD-003,51,6448.284396387456
2024-12-05,PROD-003,44,3290.357941354364
2024-12-06,PROD-003,57,5798.862595419829
2024-12-07,PROD-003,40,3266.450970218856
2024-12-08,PROD-003,45,6178.84795640281
2024-12-09,PROD-003,66,9303.047151757832
2024-12-10,PROD-003,50,4030.1379519721054
2024-12-11,PROD-003,70,6151.216222947596
2024-12-12,PROD-003,45,5636.007333531667
2024-12-13,PROD-003,46,6053.658344735806
2024-12-14,PROD-003,48,5927.015193692787
2024-12-15,PROD-003,43,3255.1358108883387
2024-12-16,PROD-003,61,2209.907691230081
2024-12-17,PROD-003,45,5390.952510657707
2024-12-18,PROD-003,50,1745.8121712502589
2024-12-19,PROD-003,61,5031.176882399071
2024-12-20,PROD-003,69,3231.3246595134933
2024-12-21,PROD-003,42,4566.92997781943
2024-12-22,PROD-003,47,6870.038743851492
2024-12-23,PROD-003,59,5367.470571098455
2024-12-24,PROD-003,66,2669.499843655762
2024-12-25,PROD-003,65,2356.300141478939
2024-12-26,PROD-003,43,4492.675919336668
2024-12-27,PROD-003,50,4338.434799675659
2024-12-28,PROD-003,32,3444.510596362837
2024-12-29,PROD-003,38,1710.2860812528893
2024-12-30,PROD-003,51,7571.795190277676
2024-12-31,PROD-003,67,2299.3508513450297
2025-01-01,PROD-003,69,2558.3253279969545
2025-01-02,PROD-003,66,6183.047365298141
2025-01-03,PROD-003,66,4332.4638189848565
2025-01-04,PROD-003,29,4089.996947610207
2025-01-05,PROD-003,35,3705.164470232804
2025-01-06,PROD-003,57,3096.542426308227
2025-01-07,PROD-003,63,6257.260731156609
2025-01-08,PROD-003,72,2949.6755289575394
2025-01-09,PROD-003,61,1937.3376538408704
2025-01-10,PROD-003,56,1475.6660180323493
2025-01-11,PROD-003,38,1067.9856399847797
2025-01-12,PROD-003,29,2182.0286204308823
2025-01-13,PROD-003,47,4009.719958146008
2025-01-14,PROD-003,62,2787.3643705415125
2025-01-15,PROD-003,66,2065.05383206019
2025-01-16,PROD-003,56,5621.211257560771
2025-01-17,PROD-003,55,2364.8136633555973
2025-01-18,PROD-003,33,2950.1995079938465
2025-01-19,PROD-003,35,4705.144598884674
2025-01-20,PROD-003,64,5080.535164543589
2025-01-21,PROD-003,43,4184.529352342536
2025-01-22,PROD-003,49,4183.683152338541
2025-01-23,PROD-003,45,2399.8095406252555
2025-01-24,PROD-003,60,3884.762250906815
2025-01-25,PROD-003,25,886.3124200728698
2025-01-26,PROD-003,38,1653.6890362646714
2025-01-27,PROD-003,66,4593.274442362047
2025-01-28,PROD-003,51,2052.648278166728
2025-01-29,PROD-003,66,7083.389154911271
2025-01-30,PROD-003,48,2922.566817978672
2025-01-31,PROD-003,57,1766.7713728360975
2025-02-01,PROD-003,25,1885.384570240716
2025-02-02,PROD-003,38,3341.827177983712
2025-02-03,PROD-003,62,8473.920090422995
2025-02-04,PROD-003,63,5963.2686089568515
2025-02-05,PROD-003,66,3647.1350517246947
2025-02-06,PROD-003,51,6796.300480696687
2025-02-07,PROD-003,55,1805.9977697788206
2025-02-08,PROD-003,33,4606.426466276579
2025-02-09,PROD-003,29,3249.7658797981317
2025-02-10,PROD-003,50,5553.49854259351
2025-02-11,PROD-003,49,6378.6810124345475
2025-02-12,PROD-003,56,3546.0621348764535
2025-02-13,PROD-003,38,3916.873092679741
2025-02-14,PROD-003,40,1512.0098756353186
2025-02-15,PROD-003,41,3615.484744542304
2025-02-16,PROD-003,39,3787.8573265082455
2025-02-17,PROD-003,51,4218.642522912643
2025-02-18,PROD-003,54,1545.6690401735796
2025-02-19,PROD-003,64,8522.836079556448
2025-02-20,PROD-003,65,5895.368997165921
2025-02-21,PROD-003,41,2739.687222503603
2025-02-22,PROD-003,24,1991.3304184920034
2025-02-23,PROD-003,23,1110.2875763467032
2025-02-24,PROD-003,56,4782.026314050261
2025-02-25,PROD-003,49,5687.113174779898
2025-02-26,PROD-003,65,3995.656448861957
2025-02-27,PROD-003,42,5284.831360371413
2025-02-28,PROD-003,66,4523.587054209362
2025-03-01,PROD-003,28,3255.500157875597
2025-03-02,PROD-003,41,1335.2029134455106
2025-03-03,PROD-003,42,2147.0344755506994
2025-03-04,PROD-003,41,4826.136648686329
2025-03-05,PROD-003,46,3104.872292607171
2025-03-06,PROD-003,66,7646.620982120962
2025-03-07,PROD-003,44,4831.476383312467
2025-03-08,PROD-003,37,5184.88262702223
2025-03-09,PROD-003,37,2961.9477726411533
2025-03-10,PROD-003,51,2843.553851774572
2025-03-11,PROD-003,64,7860.447031317891
2025-03-12,PROD-003,38,1588.9715415113214
2025-03-13,PROD-003,46,6772.326744586466
2025-03-14,PROD-003,41,4133.034669201509
2025-03-15,PROD-003,29,2604.138064606757
2025-03-16,PROD-003,40,3090.14625575826
2025-03-17,PROD-003,45,5980.050632182861
2025-03-18,PROD-003,49,7195.540875521307
2025-03-19,PROD-003,48,2914.0720251984053
2025-03-20,PROD-003,51,1987.2601820744562
2025-03-21,PROD-003,62,4973.967810273877
2025-03-22,PROD-003,39,4953.885377115097
2025-03-23,PROD-003,31,2249.2891642575273
2025-03-24,PROD-003,48,1894.4248331544604
2025-03-25,PROD-003,45,6435.9416673054375
2025-03-26,PROD-003,40,1116.1997255614372
2025-03-27,PROD-003,52,4364.620509899269
2025-03-28,PROD-003,66,7175.145442955742
2025-03-29,PROD-003,35,3234.0959140951186
2025-03-30,PROD-003,33,1202.4194270774096
2025-03-31,PROD-003,54,6171.967787768752
2025-04-01,PROD-003,50,3068.9311051882323
2025-04-02,PROD-003,50,6806.432779091081
2025-04-03,PROD-003,42,1362.3546368667144
2025-04-04,PROD-003,64,2422.8826131879678
2025-04-05,PROD-003,34,2957.384296144991
2025-04-06,PROD-003,27,1689.285796534881
2025-04-07,PROD-003,58,5961.032066266893
2025-04-08,PROD-003,62,1693.1130944638044
2025-04-09,PROD-003,55,2176.828699715133
2025-04-10,PROD-003,38,3321.0954087213045
2025-04-11,PROD-003,66,6353.2557180978965
2025-04-12,PROD-003,40,3153.757167199374
2025-04-13,PROD-003,41,4093.7730457578436
2025-04-14,PROD-003,55,3305.4694807306887
2025-04-15,PROD-003,63,4991.817077619718
2025-04-16,PROD-003,59,6621.6738553728355
2025-04-17,PROD-003,47,2098.924386348123
2025-04-18,PROD-003,53,3658.720340815997
2025-04-19,PROD-003,35,4247.337787731405
2025-04-20,PROD-003,28,2988.4594142595156
2025-04-21,PROD-003,68,2126.3331891759663
2025-04-22,PROD-003,55,5624.703154390933
2025-04-23,PROD-003,63,8934.308185875423
2025-04-24,PROD-003,47,1423.9438758173083
2025-04-25,PROD-003,54,4534.473426901178
2025-04-26,PROD-003,42,1058.9034541621845
2025-04-27,PROD-003,37,5150.073788232369
2025-04-28,PROD-003,47,6282.872672813982
2025-04-29,PROD-003,44,4984.25029241801
2025-04-30,PROD-003,43,2186.5302018422194
2025-05-01,PROD-003,69,3849.3683416785193
2025-05-02,PROD-003,70,5500.532276128307
2025-05-03,PROD-003,45,3595.5988241247674
2025-05-04,PROD-003,42,1750.9454194821965
2025-05-05,PROD-003,44,5659.989637099296
2025-05-06,PROD-003,70,2723.665339037434
2025-05-07,PROD-003,64,8658.243340992847
2025-05-08,PROD-003,68,2462.3171362658336
2025-05-09,PROD-003,49,3419.211666833304
2025-05-10,PROD-003,48,6322.182880011933
2025-05-11,PROD-003,46,4411.153190561961
2025-05-12,PROD-003,50,2298.717163013201
2025-05-13,PROD-003,61,5828.883385568131
2025-05-14,PROD-003,57,5212.892366768411
2025-05-15,PROD-003,45,5323.194894947523
2025-05-16,PROD-003,56,6405.967778756991
2025-05-17,PROD-003,37,1891.6640250299013
2025-05-18,PROD-003,32,1337.1647593294217
2025-05-19,PROD-003,70,4511.038413613306
2025-05-20,PROD-003,59,2010.3505268680997
2025-05-21,PROD-003,67,8726.544183416647
2025-05-22,PROD-003,47,3390.230826383893
2025-05-23,PROD-003,79,2073.3270541064157
2025-05-24,PROD-003,42,4915.364261674193
2025-05-25,PROD-003,44,2557.8166626977313
2025-05-26,PROD-003,82,6657.458567948967
2025-05-27,PROD-003,44,5880.3201559547615
2025-05-28,PROD-003,46,3032.2437160220734
2025-05-29,PROD-003,51,5931.147039625068
2025-05-30,PROD-003,62,6424.155202815729
2025-05-31,PROD-003,29,3734.3704059376228
2025-06-01,PROD-003,52,3256.0915405470555
2025-06-02,PROD-003,70,2907.3175000717783
2025-06-03,PROD-003,48,2040.385638486275
2025-06-04,PROD-003,55,3843.918340232868
2025-06-05,PROD-003,60,5616.465296481851
2025-06-06,PROD-003,57,3528.1456476189055
2025-06-07,PROD-003,46,4185.267356986766
2025-06-08,PROD-003,34,3116.382293725156
2025-06-09,PROD-003,78,4635.171515595609
2025-06-10,PROD-003,63,3536.395886923654
2025-06-11,PROD-003,79,8861.292548831365
2025-06-12,PROD-003,66,5633.589639585786
2025-06-13,PROD-003,63,3207.622184535696
2025-06-14,PROD-003,34,916.7948649960706
2025-06-15,PROD-003,47,2626.8896667510658
2025-06-16,PROD-003,50,3353.89679839261
2025-06-17,PROD-003,71,7753.489081675445
2025-06-18,PROD-003,57,2368.4919206178874
2025-06-19,PROD-003,62,8902.287341785583
2025-06-20,PROD-003,57,8129.385414004547
2025-06-21,PROD-003,41,2263.4198033534813
2025-06-22,PROD-003,54,6659.7416649167935
2025-06-23,PROD-003,81,7121.751485969469
2025-06-24,PROD-003,67,2070.7132666378925
2025-06-25,PROD-003,64,5580.463517042234
2025-06-26,PROD-003,65,8201.732350057571
2025-06-27,PROD-003,87,6876.308146840104
2025-06-28,PROD-003,37,2925.5954282408397
2025-06-29,PROD-003,35,1153.7024250986944
2025-06-30,PROD-003,66,4288.230121149612
2025-07-01,PROD-003,90,6331.785558843341
2025-07-02,PROD-003,75,9745.046752963279
2025-07-03,PROD-003,75,6246.653848296617
2025-07-04,PROD-003,59,3947.470293624494
2025-07-05,PROD-003,54,4152.516434920075
2025-07-06,PROD-003,42,6000.192949590739
2025-07-07,PROD-003,62,5016.911804123367
2025-07-08,PROD-003,67,1869.947197302686
2025-07-09,PROD-003,90,8220.495973715293
2025-07-10,PROD-003,73,5445.3261542355385
2025-07-11,PROD-003,80,2396.286718808978
2025-07-12,PROD-003,59,3100.155675824171
2025-07-13,PROD-003,39,1813.8033729131826
2025-07-14,PROD-003,90,11358.477240562761
2025-07-15,PROD-003,73,2186.235793712546
2025-07-16,PROD-003,68,5438.49429407316
2025-07-17,PROD-003,54,2199.339576509625
2025-07-18,PROD-003,69,5101.553390550087
2025-07-19,PROD-003,37,3190.0294173075454
2025-07-20,PROD-003,56,3610.728385842088
2025-07-21,PROD-003,69,8527.29622117103
2025-07-22,PROD-003,74,9449.848155492913
2025-07-23,PROD-003,85,6875.462613806942
2025-07-24,PROD-003,57,4016.131980619019
2025-07-25,PROD-003,52,3243.145838397088
2025-07-26,PROD-003,43,2343.6170252548677
2025-07-27,PROD-003,56,4259.8966989710125
2025-07-28,PROD-003,85,9940.600081714616
2025-07-29,PROD-003,60,1989.839305362248
2025-07-30,PROD-003,90,13069.645170151363
2025-07-31,PROD-003,81,10261.936941729231
2025-08-01,PROD-003,64,4161.606588627383
2025-08-02,PROD-003,43,3239.4955998963806
2025-08-03,PROD-003,51,1325.4671015462407
2025-08-04,PROD-003,98,13452.873661572445
2025-08-05,PROD-003,81,7477.389646625567
2025-08-06,PROD-003,72,8381.846462925514
2025-08-07,PROD-003,74,2674.462865846114
2025-08-08,PROD-003,85,10517.900579063315
2025-08-09,PROD-003,59,6669.808210710204
2025-08-10,PROD-003,51,2016.9953676776404
2025-08-11,PROD-003,88,7473.338466230009
2025-08-12,PROD-003,87,12211.703682086658
2025-08-13,PROD-003,58,2912.6934956782616
2025-08-14,PROD-003,73,6584.373664448898
2025-08-15,PROD-003,90,5913.508352057562
2025-08-16,PROD-003,48,3185.188446253639
2025-08-17,PROD-003,38,2638.1304834979223
2025-08-18,PROD-003,61,3179.9781857942467
2025-08-19,PROD-003,84,7483.399616082763
2025-08-20,PROD-003,69,2137.627543389524
2025-08-21,PROD-003,88,5637.148843311667
2025-08-22,PROD-003,65,6647.657871442025
2025-08-23,PROD-003,62,3889.686614872911
2025-08-24,PROD-003,39,3397.035853704577
2025-08-25,PROD-003,58,2653.246093098977
2025-08-26,PROD-003,72,4875.2008923290605
2025-08-27,PROD-003,86,11163.790558371922
2025-08-28,PROD-003,78,4018.487450524049
2025-08-29,PROD-003,88,7308.803880042189
2025-08-30,PROD-003,37,2659.974176535444
2025-08-31,PROD-003,55,6685.10186516102
2025-09-01,PROD-003,82,2857.021761430421
2025-09-02,PROD-003,83,4993.548858254486
2025-09-03,PROD-003,82,6576.029827026623
2025-09-04,PROD-003,61,3591.9026586191476
2025-09-05,PROD-003,61,8455.195989650463
2025-09-06,PROD-003,53,2605.254973678873
2025-09-07,PROD-003,56,2857.033057276106
2025-09-08,PROD-003,87,4826.4834690305415
2025-09-09,PROD-003,97,12995.022111734601
2025-09-10,PROD-003,62,6059.364162907905
2025-09-11,PROD-003,82,4557.096038854607
2025-09-12,PROD-003,83,4306.9938563096375
2025-09-13,PROD-003,36,4562.791942148132
2025-09-14,PROD-003,62,1862.636099415772
2025-09-15,PROD-003,67,2296.8704728713356
2025-09-16,PROD-003,56,4667.512988325823
2025-09-17,PROD-003,61,4083.738808171674
2025-09-18,PROD-003,60,8994.992595453663
2025-09-19,PROD-003,70,8872.767299129904
2025-09-20,PROD-003,37,5094.828650563111
2025-09-21,PROD-003,36,5130.935632598168
2025-09-22,PROD-003,77,5285.51146941739
2025-09-23,PROD-003,89,12125.094187371322
2025-09-24,PROD-003,70,8044.19306713231
2025-09-25,PROD-003,57,8043.705730716813
2025-09-26,PROD-003,64,8492.207096901226
2025-09-27,PROD-003,34,5058.2344669311315
2025-09-28,PROD-003,34,1682.1458162202093
2025-09-29,PROD-003,72,2387.90106624124
2025-09-30,PROD-003,95,12642.294405347755
2025-10-01,PROD-003,85,3738.472135195803
2025-10-02,PROD-003,72,5673.126477840362
2025-10-03,PROD-003,79,9768.29064883974
2025-10-04,PROD-003,37,2701.792951013012
2025-10-05,PROD-003,33,3695.879138684229
2025-10-06,PROD-003,63,1695.531962164349
2025-10-07,PROD-003,79,10232.20977021419
2025-10-08,PROD-003,80,11248.447619726903
2025-10-09,PROD-003,57,7167.60659099072
2025-10-10,PROD-003,63,2192.3391598972203
2025-10-11,PROD-003,37,3527.1551232671877
2025-10-12,PROD-003,39,5782.522883489561
2025-10-13,PROD-003,96,13238.102109045021
2025-10-14,PROD-003,84,10799.435853906294
2025-10-15,PROD-003,92,13503.809632722876
2025-10-16,PROD-003,54,2876.7363299904105
2025-10-17,PROD-003,70,9385.892408831063
2025-10-18,PROD-003,42,2990.753150089035
2025-10-19,PROD-003,43,5297.44307932872
2025-10-20,PROD-003,60,6129.37823618889
2025-10-21,PROD-003,91,11016.966970414129
2025-10-22,PROD-003,74,11080.837243053078
2025-10-23,PROD-003,56,6866.519659837724
2025-10-24,PROD-003,72,9459.125047843952
2025-10-25,PROD-003,50,3831.0187171529337
2025-10-26,PROD-003,49,2255.955692967636
2025-10-27,PROD-003,90,6201.289655065691
2025-10-28,PROD-003,56,5834.687135091432
2025-10-29,PROD-003,69,6351.1819174986485
2025-10-30,PROD-003,50,7464.877944707369
2025-10-31,PROD-003,73,4132.0001033037415
2025-11-01,PROD-003,57,4228.942562398762
2025-11-02,PROD-003,50,3393.7715258567496
2025-11-03,PROD-003,71,3807.6376624396594
2025-11-04,PROD-003,62,7585.816639816852
2025-11-05,PROD-003,55,3778.161615314878
2025-11-06,PROD-003,64,4170.232538799601
2025-11-07,PROD-003,52,6193.782255167991
2025-11-08,PROD-003,35,951.6650938205327
2025-11-09,PROD-003,35,3417.9160401891377
2025-11-10,PROD-003,85,3746.4800708343264
2025-11-11,PROD-003,75,3681.3833613572615
2025-11-12,PROD-003,79,7906.699617795309
2025-11-13,PROD-003,73,3760.2725005439042
2025-11-14,PROD-003,68,1951.9709313874555
2025-11-15,PROD-003,45,1355.0233060361795
2025-11-16,PROD-003,42,3894.8875558750965
2025-11-17,PROD-003,61,3014.7214466257774
2025-11-18,PROD-003,56,6044.867443320535
2025-11-19,PROD-003,48,6341.157976169393
2025-11-20,PROD-003,75,8399.176460459592
2025-11-21,PROD-003,56,2280.96283589007
2025-11-22,PROD-003,35,3157.3414405450685
2025-11-23,PROD-003,36,4604.609301788349
2025-11-24,PROD-003,65,3451.7615146149797
2025-11-25,PROD-003,85,4031.778701454411
2025-11-26,PROD-003,54,2628.063120083491
2025-11-27,PROD-003,66,6231.775072944851
2025-11-28,PROD-003,82,8918.398895700197
2025-11-29,PROD-003,33,4029.0721731326844
2025-11-30,PROD-003,32,1262.111136788478
2025-12-01,PROD-003,74,1938.4625961288868
2025-12-02,PROD-003,67,6735.233312475967
2025-12-03,PROD-003,55,3410.342155644492
2025-12-04,PROD-003,59,4110.695265868006
2025-12-05,PROD-003,53,1732.173426638088
2025-12-06,PROD-003,36,3414.818479823467
2025-12-07,PROD-003,42,5053.887879876561
2025-12-08,PROD-003,65,9435.287521695616
2025-12-09,PROD-003,51,3605.6623136157677
2025-12-10,PROD-003,58,3378.8121027478055
2025-12-11,PROD-003,72,10467.681434028404
2025-12-12,PROD-003,72,4781.283361977987
2025-12-13,PROD-003,51,2190.4832295132737
2025-12-14,PROD-003,28,1505.6834052318395
2025-12-15,PROD-003,60,7530.887410177182
2025-12-16,PROD-003,54,1976.57566920024
2025-12-17,PROD-003,73,9347.325234864178
2025-12-18,PROD-003,65,2314.141418354723
2025-12-19,PROD-003,58,4743.224988444201
2025-12-20,PROD-003,43,3814.2324258497447
2025-12-21,PROD-003,42,5182.594248676271
2025-12-22,PROD-003,68,7474.157489283828
2025-12-23,PROD-003,75,10803.380773758663
2025-12-24,PROD-003,61,8054.195111297413
2025-12-25,PROD-003,74,2418.9300472910745
2025-12-26,PROD-003,59,2236.544062816867
2025-12-27,PROD-003,32,4744.024442579797
2025-12-28,PROD-003,47,6825.614153313447
2025-12-29,PROD-003,65,2124.3014019746547
2025-12-30,PROD-003,50,6509.837074064319
2025-12-31,PROD-003,70,9407.67731735594
2026-01-01,PROD-003,59,2145.018745807042
2026-01-02,PROD-003,41,3797.134269693131
2026-01-03,PROD-003,41,1269.797508948562
2026-01-04,PROD-003,46,4135.743624912488
2026-01-05,PROD-003,63,8998.964172714466
2026-01-06,PROD-003,45,6350.673840571367
2026-01-07,PROD-003,67,3374.5135442281667
2026-01-08,PROD-003,74,4645.034930125351
2026-01-09,PROD-003,56,6122.441813741917
2026-01-10,PROD-003,38,2076.4628227886974
2026-01-11,PROD-003,28,894.5774212476047
2026-01-12,PROD-003,46,5209.871541963283
2026-01-13,PROD-003,51,2446.441619173937
2026-01-14,PROD-003,41,5894.840492421898
2026-01-15,PROD-003,69,2318.064551442997
2026-01-16,PROD-003,66,6228.063426377052
2026-01-17,PROD-003,39,4013.6185224242613
2026-01-18,PROD-003,29,3198.4084044046003
2026-01-19,PROD-003,41,4658.177679285268
2026-01-20,PROD-003,42,5745.954167029481
2026-01-21,PROD-003,43,6246.286637383682
2026-01-22,PROD-003,57,3663.6295393336586
2026-01-23,PROD-003,69,7220.210185705422
2026-01-24,PROD-003,36,4876.501988849439
2026-01-25,PROD-003,33,3833.90306713539
2026-01-26,PROD-003,53,6304.326708920886
2026-01-27,PROD-003,53,6257.846285913263
2026-01-28,PROD-003,68,4092.9084926097626
2026-01-29,PROD-003,60,4073.0945785058825
2026-01-30,PROD-003,40,1593.4789927786005
2026-01-31,PROD-003,45,6273.633201261965
2026-02-01,PROD-003,29,1701.5082831632483
2026-02-02,PROD-003,55,7983.526204693981
2026-02-03,PROD-003,64,6076.823669821916
2026-02-04,PROD-003,66,2895.418654850753
2026-02-05,PROD-003,53,5612.3809384229835
2026-02-06,PROD-003,62,7924.1315771922655
2026-02-07,PROD-003,34,2247.1151116668034
2026-02-08,PROD-003,27,3633.8254835500215
2026-02-09,PROD-003,43,3460.2062666256215
2026-02-10,PROD-003,60,4473.781098125047
2026-02-11,PROD-003,56,4319.8335757659315
2026-02-12,PROD-003,66,8658.726080852195
2026-02-13,PROD-003,63,8118.774228061466
2021-02-14,PROD-004,42,2246.525968445065
2021-02-15,PROD-004,56,3703.7987440632496
2021-02-16,PROD-004,39,2098.927849516
2021-02-17,PROD-004,43,1472.1986476334678
2021-02-18,PROD-004,47,2182.5912451377762
2021-02-19,PROD-004,60,1969.044920575461
2021-02-20,PROD-004,32,4631.502671547837
2021-02-21,PROD-004,41,5505.552702333772
2021-02-22,PROD-004,44,5920.571144697875
2021-02-23,PROD-004,45,3330.7138192090306
2021-02-24,PROD-004,54,2670.1471722658985
2021-02-25,PROD-004,56,8268.250990656665
2021-02-26,PROD-004,50,2420.6520749477404
2021-02-27,PROD-004,38,5228.396393869512
2021-02-28,PROD-004,30,2548.343727567051
2021-03-01,PROD-004,45,2205.685136785946
2021-03-02,PROD-004,51,6066.8775626058805
2021-03-03,PROD-004,38,4105.6678708834015
2021-03-04,PROD-004,42,1883.528222714086
2021-03-05,PROD-004,64,2208.055491116189
2021-03-06,PROD-004,33,1825.5025961786316
2021-03-07,PROD-004,26,1458.532870813657
2021-03-08,PROD-004,49,6232.642448807157
2021-03-09,PROD-004,45,6314.74232962209
2021-03-10,PROD-004,60,5478.81660243884
2021-03-11,PROD-004,58,7970.113741429901
2021-03-12,PROD-004,51,7183.16947831665
2021-03-13,PROD-004,26,2923.143095825733
2021-03-14,PROD-004,35,4940.733805476531
2021-03-15,PROD-004,61,2853.6957188618276
2021-03-16,PROD-004,42,5210.251418800026
2021-03-17,PROD-004,36,1508.9822357361056
2021-03-18,PROD-004,58,6893.738854174866
2021-03-19,PROD-004,40,5909.131101932394
2021-03-20,PROD-004,26,1194.831207792678
2021-03-21,PROD-004,28,832.7391030267463
2021-03-22,PROD-004,37,2520.417552990153
2021-03-23,PROD-004,41,5349.408942965882
2021-03-24,PROD-004,37,2521.6628238747485
2021-03-25,PROD-004,62,3259.4361929600436
2021-03-26,PROD-004,64,7325.956422420727
2021-03-27,PROD-004,27,4017.590412511552
2021-03-28,PROD-004,23,1144.8793258024718
2021-03-29,PROD-004,53,3388.736507573191
2021-03-30,PROD-004,68,7024.586933223675
2021-03-31,PROD-004,55,5825.681689870794
2021-04-01,PROD-004,46,1635.4263347766173
2021-04-02,PROD-004,52,6411.02472006185
2021-04-03,PROD-004,39,3496.390377402767
2021-04-04,PROD-004,41,5789.772255952949
2021-04-05,PROD-004,40,2516.149027397458
2021-04-06,PROD-004,51,5623.819564997214
2021-04-07,PROD-004,55,5535.044654043173
2021-04-08,PROD-004,57,4772.258364357643
2021-04-09,PROD-004,65,5256.6049042577115
2021-04-10,PROD-004,35,3569.9484648414714
2021-04-11,PROD-004,25,871.1026856437296
2021-04-12,PROD-004,41,5619.652433665764
2021-04-13,PROD-004,65,9154.582016848857
2021-04-14,PROD-004,65,6010.717623069182
2021-04-15,PROD-004,69,2889.253455656629
2021-04-16,PROD-004,69,8957.547805844912
2021-04-17,PROD-004,42,2008.4765976595672
2021-04-18,PROD-004,41,3271.1809224292238
2021-04-19,PROD-004,71,2728.6229276871163
2021-04-20,PROD-004,64,2801.0606651477733
2021-04-21,PROD-004,53,2671.029593814048
2021-04-22,PROD-004,73,8063.763445660992
2021-04-23,PROD-004,45,6464.72890349209
2021-04-24,PROD-004,36,2244.109850759512
2021-04-25,PROD-004,38,3034.973447387359
2021-04-26,PROD-004,51,4916.659849381748
2021-04-27,PROD-004,63,8538.863939736677
2021-04-28,PROD-004,76,8548.214637862078
2021-04-29,PROD-004,60,2926.743292300159
2021-04-30,PROD-004,56,2664.9362452244163
2021-05-01,PROD-004,31,1672.8932121295782
2021-05-02,PROD-004,46,2186.940541287464
2021-05-03,PROD-004,56,3318.6352659074178
2021-05-04,PROD-004,59,6181.502423214454
2021-05-05,PROD-004,58,4402.152312265565
2021-05-06,PROD-004,61,4854.238989523364
2021-05-07,PROD-004,54,3149.0844974639704
2021-05-08,PROD-004,47,5441.0013245118325
2021-05-09,PROD-004,43,4720.079265420987
2021-05-10,PROD-004,44,6219.091809126204
2021-05-11,PROD-004,80,2256.8741970960555
2021-05-12,PROD-004,68,9491.011102298404
2021-05-13,PROD-004,58,7248.094811163684
2021-05-14,PROD-004,53,2660.0176543783696
2021-05-15,PROD-004,48,5718.303669396485
2021-05-16,PROD-004,30,4111.1066580178785
2021-05-17,PROD-004,69,7183.879895661132
2021-05-18,PROD-004,79,9254.660547359514
2021-05-19,PROD-004,65,1799.934593887658
2021-05-20,PROD-004,55,2451.7205177015503
2021-05-21,PROD-004,71,9325.215131557203
2021-05-22,PROD-004,48,5676.802109294973
2021-05-23,PROD-004,35,2192.342972923725
2021-05-24,PROD-004,76,7707.878645967406
2021-05-25,PROD-004,57,2981.2470504996136
2021-05-26,PROD-004,85,2569.123860804086
2021-05-27,PROD-004,48,5147.404450354312
2021-05-28,PROD-004,84,2275.6720968193445
2021-05-29,PROD-004,52,7421.57640207156
2021-05-30,PROD-004,40,1166.2576790222586
2021-05-31,PROD-004,56,4285.251948525009
2021-06-01,PROD-004,58,1820.5271044394528
2021-06-02,PROD-004,81,7368.718301091857
2021-06-03,PROD-004,67,5312.517438076021
2021-06-04,PROD-004,80,9137.634360959693
2021-06-05,PROD-004,35,1697.4862156643744
2021-06-06,PROD-004,55,4436.801481326994
2021-06-07,PROD-004,73,4807.296895427034
2021-06-08,PROD-004,87,9606.065342838589
2021-06-09,PROD-004,73,6663.215597059044
2021-06-10,PROD-004,75,6290.180354419353
2021-06-11,PROD-004,76,8359.11204135252
2021-06-12,PROD-004,56,4521.552546515881
2021-06-13,PROD-004,36,4677.617616794029
2021-06-14,PROD-004,83,7242.521650168495
2021-06-15,PROD-004,72,9331.05022825968
2021-06-16,PROD-004,58,4394.062069206013
2021-06-17,PROD-004,79,4861.584550535317
2021-06-18,PROD-004,74,4937.645678219929
2021-06-19,PROD-004,35,2001.2885563845064
2021-06-20,PROD-004,49,6939.063950922043
2021-06-21,PROD-004,86,7225.414402280865
2021-06-22,PROD-004,63,6670.979875270116
2021-06-23,PROD-004,78,2770.951623691918
2021-06-24,PROD-004,88,3823.3087336448943
2021-06-25,PROD-004,77,2039.4738059422045
2021-06-26,PROD-004,50,6355.420110285638
2021-06-27,PROD-004,50,1944.0084777661468
2021-06-28,PROD-004,63,3774.9280441913975
2021-06-29,PROD-004,81,5871.18136165031
2021-06-30,PROD-004,87,12874.064274895058
2021-07-01,PROD-004,72,5693.164739460282
2021-07-02,PROD-004,58,6775.6577979294
2021-07-03,PROD-004,47,3775.191431096789
2021-07-04,PROD-004,54,2020.5678033585361
2021-07-05,PROD-004,86,9933.921448804122
2021-07-06,PROD-004,61,4614.792635118071
2021-07-07,PROD-004,82,10415.628932810492
2021-07-08,PROD-004,57,6738.844678678105
2021-07-09,PROD-004,100,7205.550977788478
2021-07-10,PROD-004,44,5914.534214242538
2021-07-11,PROD-004,52,7231.612781880443
2021-07-12,PROD-004,95,5979.60008408655
2021-07-13,PROD-004,100,9546.404588023237
2021-07-14,PROD-004,67,6958.4284404773325
2021-07-15,PROD-004,63,4923.961086484949
2021-07-16,PROD-004,65,9343.79789506005
2021-07-17,PROD-004,36,3361.691757412532
2021-07-18,PROD-004,46,3414.2137784993574
2021-07-19,PROD-004,56,4708.041767765725
2021-07-20,PROD-004,64,6313.90930624652
2021-07-21,PROD-004,102,11199.859110370873
2021-07-22,PROD-004,85,7118.471406153554
2021-07-23,PROD-004,103,6965.692245808986
2021-07-24,PROD-004,36,2638.933734990053
2021-07-25,PROD-004,65,6213.508517305947
2021-07-26,PROD-004,88,12943.369321175705
2021-07-27,PROD-004,98,3201.611922596684
2021-07-28,PROD-004,96,5270.374391394751
2021-07-29,PROD-004,75,9034.647949942957
2021-07-30,PROD-004,57,4125.281164212962
2021-07-31,PROD-004,63,5163.265545766055
2021-08-01,PROD-004,37,1168.7915365453161
2021-08-02,PROD-004,94,3695.8264365238583
2021-08-03,PROD-004,94,7051.944074433801
2021-08-04,PROD-004,69,3313.8423753248794
2021-08-05,PROD-004,102,12780.168047766678
2021-08-06,PROD-004,58,5919.689525725266
2021-08-07,PROD-004,58,7413.7398925867965
2021-08-08,PROD-004,44,2908.864391167793
2021-08-09,PROD-004,95,14138.485575074072
2021-08-10,PROD-004,83,6441.146639188125
2021-08-11,PROD-004,84,11889.795108436088
2021-08-12,PROD-004,68,8417.754977273768
2021-08-13,PROD-004,102,12841.77378508909
2021-08-14,PROD-004,53,4161.114443308684
2021-08-15,PROD-004,42,3584.149578428972
2021-08-16,PROD-004,103,8418.839890017713
2021-08-17,PROD-004,64,2506.1042854581556
2021-08-18,PROD-004,92,3773.6748386605022
2021-08-19,PROD-004,107,12467.908986862414
2021-08-20,PROD-004,105,4029.351570675946
2021-08-21,PROD-004,45,4558.91632473623
2021-08-22,PROD-004,45,5696.29503701812
2021-08-23,PROD-004,76,10563.207248645585
2021-08-24,PROD-004,102,8354.11573829333
2021-08-25,PROD-004,60,8260.861836402
2021-08-26,PROD-004,67,2121.5465858599077
2021-08-27,PROD-004,97,4496.642340574744
2021-08-28,PROD-004,51,2846.329677501111
2021-08-29,PROD-004,60,8648.821589552312
2021-08-30,PROD-004,70,9433.501050268684
2021-08-31,PROD-004,108,5673.109254353255
2021-09-01,PROD-004,69,5099.716290541325
2021-09-02,PROD-004,68,4671.283932139668
2021-09-03,PROD-004,86,9602.425372205758
2021-09-04,PROD-004,55,4306.135016423024
2021-09-05,PROD-004,67,2231.699114172961
2021-09-06,PROD-004,82,5399.403617142145
2021-09-07,PROD-004,102,8998.60520127229
2021-09-08,PROD-004,62,4323.851833922586
2021-09-09,PROD-004,90,9171.857119048454
2021-09-10,PROD-004,102,8888.631867287755
2021-09-11,PROD-004,50,7381.176074474155
2021-09-12,PROD-004,63,7970.257346746533
2021-09-13,PROD-004,73,5382.454164827658
2021-09-14,PROD-004,98,8757.35499435884
2021-09-15,PROD-004,106,12399.850719510512
2021-09-16,PROD-004,76,7211.791702748768
2021-09-17,PROD-004,93,11956.373193104706
2021-09-18,PROD-004,66,4909.211189748996
2021-09-19,PROD-004,37,4543.935442915909
2021-09-20,PROD-004,74,8915.5393282773
2021-09-21,PROD-004,104,8805.129736711684
2021-09-22,PROD-004,61,4451.534132878202
2021-09-23,PROD-004,62,1669.9530439826208
2021-09-24,PROD-004,90,12250.037865408434
2021-09-25,PROD-004,57,4819.025094627926
2021-09-26,PROD-004,51,2521.6266486037157
2021-09-27,PROD-004,68,3128.1481616224764
2021-09-28,PROD-004,81,3438.3286907025054
2021-09-29,PROD-004,87,2364.598964545181
2021-09-30,PROD-004,61,2751.804196025515
2021-10-01,PROD-004,73,3438.4238759170034
2021-10-02,PROD-004,52,6084.104262350192
2021-10-03,PROD-004,52,6196.242707668864
2021-10-04,PROD-004,90,5125.088625586451
2021-10-05,PROD-004,59,8614.9574902729
2021-10-06,PROD-004,57,6786.3954045880455
2021-10-07,PROD-004,58,4673.599974406941
2021-10-08,PROD-004,101,12421.852462235835
2021-10-09,PROD-004,37,5050.900032949802
2021-10-10,PROD-004,65,3208.5671762646753
2021-10-11,PROD-004,93,5771.1766528559
2021-10-12,PROD-004,75,1919.543117838532
2021-10-13,PROD-004,73,2527.0496071726966
2021-10-14,PROD-004,61,7758.966128404747
2021-10-15,PROD-004,82,9485.667995828348
2021-10-16,PROD-004,44,2926.03097828881
2021-10-17,PROD-004,37,4135.054656214379
2021-10-18,PROD-004,64,6013.570101960511
2021-10-19,PROD-004,89,7249.745374915799
2021-10-20,PROD-004,92,7146.278042389629
2021-10-21,PROD-004,65,4151.964656954528
2021-10-22,PROD-004,91,10850.242560225368
2021-10-23,PROD-004,37,4048.822059845304
2021-10-24,PROD-004,61,8638.810569350519
2021-10-25,PROD-004,96,4788.134180881702
2021-10-26,PROD-004,96,9809.088066688553
2021-10-27,PROD-004,61,4911.741035599665
2021-10-28,PROD-004,65,8209.62362910348
2021-10-29,PROD-004,87,10313.064998910459
2021-10-30,PROD-004,35,3397.8752302772405
2021-10-31,PROD-004,41,3528.5114771851377
2021-11-01,PROD-004,88,3165.933043474998
2021-11-02,PROD-004,58,3718.122222137259
2021-11-03,PROD-004,94,6457.626747760815
2021-11-04,PROD-004,66,4815.200162384866
2021-11-05,PROD-004,76,10028.399235827686
2021-11-06,PROD-004,58,5416.813030864135
2021-11-07,PROD-004,52,3290.988247071514
2021-11-08,PROD-004,93,5886.346929116199
2021-11-09,PROD-004,91,11120.240728384759
2021-11-10,PROD-004,53,1745.3538700479285
2021-11-11,PROD-004,68,9414.146901893098
2021-11-12,PROD-004,77,4932.747129774944
2021-11-13,PROD-004,53,4661.429675095875
2021-11-14,PROD-004,54,6315.202684588326
2021-11-15,PROD-004,67,7493.738260218054
2021-11-16,PROD-004,55,3189.6170800615514
2021-11-17,PROD-004,63,5087.0958657208785
2021-11-18,PROD-004,85,8854.582265579575
2021-11-19,PROD-004,59,5102.7523544476335
2021-11-20,PROD-004,55,7085.927563113258
2021-11-21,PROD-004,47,2913.822187900465
2021-11-22,PROD-004,66,5557.012416719214
2021-11-23,PROD-004,53,4618.977370946372
2021-11-24,PROD-004,67,6531.0686487158255
2021-11-25,PROD-004,81,6739.977724430513
2021-11-26,PROD-004,79,10346.137526932276
2021-11-27,PROD-004,40,2544.222972372997
2021-11-28,PROD-004,38,1315.9024910550627
2021-11-29,PROD-004,50,6491.14387387315
2021-11-30,PROD-004,68,2122.5746053950415
2021-12-01,PROD-004,48,2297.5877814353544
2021-12-02,PROD-004,53,6555.57641843044
2021-12-03,PROD-004,71,6692.637399454669
2021-12-04,PROD-004,44,3281.191600158194
2021-12-05,PROD-004,41,2518.3061290720298
2021-12-06,PROD-004,66,9187.004072516336
2021-12-07,PROD-004,76,2631.9489107224144
2021-12-08,PROD-004,61,3085.5629817846234
2021-12-09,PROD-004,80,3149.3184979025496
2021-12-10,PROD-004,65,6779.002700134118
2021-12-11,PROD-004,31,1559.677018349823
2021-12-12,PROD-004,50,2980.3491735733287
2021-12-13,PROD-004,70,4638.530221233888
2021-12-14,PROD-004,49,2069.892682244703
2021-12-15,PROD-004,72,8730.255712044585
2021-12-16,PROD-004,69,6727.22291119357
2021-12-17,PROD-004,72,2368.7287647884978
2021-12-18,PROD-004,43,5942.6419472876805
2021-12-19,PROD-004,29,4334.9405245627895
2021-12-20,PROD-004,50,3509.9276542561965
2021-12-21,PROD-004,47,5164.4553693665885
2021-12-22,PROD-004,65,8048.141545582987
2021-12-23,PROD-004,75,10551.93511345972
2021-12-24,PROD-004,53,4571.420594351729
2021-12-25,PROD-004,39,2734.225216163499
2021-12-26,PROD-004,28,1815.6322807047522
2021-12-27,PROD-004,55,5532.964333860833
2021-12-28,PROD-004,63,9061.374506012717
2021-12-29,PROD-004,74,6404.372902727906
2021-12-30,PROD-004,63,7315.143627012529
2021-12-31,PROD-004,64,3118.9041233348553
2022-01-01,PROD-004,45,2448.6799653445346
2022-01-02,PROD-004,33,4271.743239183064
2022-01-03,PROD-004,53,6665.362433444327
2022-01-04,PROD-004,48,5241.293423736739
2022-01-05,PROD-004,61,7583.914193571869
2022-01-06,PROD-004,76,5793.48746734349
2022-01-07,PROD-004,57,3800.877276006302
2022-01-08,PROD-004,38,5350.966343133122
2022-01-09,PROD-004,41,2631.181116863537
2022-01-10,PROD-004,60,3839.6654307552003
2022-01-11,PROD-004,51,5603.321306904373
2022-01-12,PROD-004,67,5143.460040091942
2022-01-13,PROD-004,66,5724.854090885312
2022-01-14,PROD-004,56,6811.877467460361
2022-01-15,PROD-004,28,2159.5273775323203
2022-01-16,PROD-004,38,4449.82241701163
2022-01-17,PROD-004,43,1203.5050502846734
2022-01-18,PROD-004,47,3677.1365295280248
2022-01-19,PROD-004,60,8040.61004706138
2022-01-20,PROD-004,42,3939.332390439267
2022-01-21,PROD-004,68,2710.7082199577867
2022-01-22,PROD-004,45,5452.935302788685
2022-01-23,PROD-004,29,1884.9233427293534
2022-01-24,PROD-004,40,5407.0641501655355
2022-01-25,PROD-004,70,4773.397692351504
2022-01-26,PROD-004,72,6126.445087583382
2022-01-27,PROD-004,74,5711.423822840873
2022-01-28,PROD-004,69,7369.310097608766
2022-01-29,PROD-004,40,1047.673908515279
2022-01-30,PROD-004,30,1840.7840988789653
2022-01-31,PROD-004,55,4855.462641067308
2022-02-01,PROD-004,55,3576.9098462076017
2022-02-02,PROD-004,54,3020.630953556856
2022-02-03,PROD-004,63,4313.134896416676
2022-02-04,PROD-004,66,8683.481612688574
2022-02-05,PROD-004,35,2713.857890136534
2022-02-06,PROD-004,26,3408.385072956643
2022-02-07,PROD-004,64,8386.97119266816
2022-02-08,PROD-004,42,6255.566022322806
2022-02-09,PROD-004,70,3631.6983241730836
2022-02-10,PROD-004,52,2080.314278196858
2022-02-11,PROD-004,39,3620.3513215694024
2022-02-12,PROD-004,30,1520.1975145705978
2022-02-13,PROD-004,27,2231.1761061885677
2022-02-14,PROD-004,40,2509.8742871547083
2022-02-15,PROD-004,49,3186.2212565787013
2022-02-16,PROD-004,71,5188.648189899578
2022-02-17,PROD-004,70,5416.571782086953
2022-02-18,PROD-004,67,3944.022780144773
2022-02-19,PROD-004,37,4748.998124025775
2022-02-20,PROD-004,41,4055.6626996335276
2022-02-21,PROD-004,51,3923.427514552697
2022-02-22,PROD-004,44,2901.378538147139
2022-02-23,PROD-004,42,3752.0695655803265
2022-02-24,PROD-004,43,2637.421332877387
2022-02-25,PROD-004,68,5523.940810141127
2022-02-26,PROD-004,25,3609.762044319321
2022-02-27,PROD-004,43,5879.447438268835
2022-02-28,PROD-004,57,5328.087167713808
2022-03-01,PROD-004,42,4260.580287778918
2022-03-02,PROD-004,65,5279.166014597489
2022-03-03,PROD-004,50,6254.666151862084
2022-03-04,PROD-004,66,8497.716412745598
2022-03-05,PROD-004,40,5392.678290468886
2022-03-06,PROD-004,35,1491.8025704194265
2022-03-07,PROD-004,60,4008.9458182063127
2022-03-08,PROD-004,61,5337.688948277076
2022-03-09,PROD-004,65,8343.80598761139
2022-03-10,PROD-004,53,2204.521207369567
2022-03-11,PROD-004,56,8375.048958940546
2022-03-12,PROD-004,37,3563.8971349571575
2022-03-13,PROD-004,34,3582.9172435910446
2022-03-14,PROD-004,59,2018.2383642946768
2022-03-15,PROD-004,50,6101.641247154657
2022-03-16,PROD-004,64,4948.459393013885
2022-03-17,PROD-004,41,3453.980362726285
2022-03-18,PROD-004,70,2323.7684272471324
2022-03-19,PROD-004,45,2812.691152211846
2022-03-20,PROD-004,33,3808.7546721253975
2022-03-21,PROD-004,62,4105.52218429336
2022-03-22,PROD-004,48,2297.757685756801
2022-03-23,PROD-004,48,1386.1936416680478
2022-03-24,PROD-004,42,4767.100079945861
2022-03-25,PROD-004,64,2008.5440460108066
2022-03-26,PROD-004,26,2642.951326421938
2022-03-27,PROD-004,41,2720.382010181148
2022-03-28,PROD-004,58,5163.121372729199
2022-03-29,PROD-004,51,2172.775645089957
2022-03-30,PROD-004,55,4107.668023697448
2022-03-31,PROD-004,57,1598.4427255115575
2022-04-01,PROD-004,61,1557.5328165441588
2022-04-02,PROD-004,46,4677.677389393008
2022-04-03,PROD-004,26,3554.9242976157234
2022-04-04,PROD-004,61,6362.492353659312
2022-04-05,PROD-004,44,1286.7405807501473
2022-04-06,PROD-004,52,2850.965641091161
2022-04-07,PROD-004,47,6638.318035141053
2022-04-08,PROD-004,44,1697.9961678271816
2022-04-09,PROD-004,34,3457.1764420020936
2022-04-10,PROD-004,31,3742.831894693349
2022-04-11,PROD-004,64,2957.1717663249724
2022-04-12,PROD-004,56,7770.81405561214
2022-04-13,PROD-004,45,3033.8621061775175
2022-04-14,PROD-004,46,2897.9456207623925
2022-04-15,PROD-004,43,5754.709101763867
2022-04-16,PROD-004,30,1777.3573755703821
2022-04-17,PROD-004,34,4002.2239047720072
2022-04-18,PROD-004,42,2419.519693722331
2022-04-19,PROD-004,77,9690.634145612581
2022-04-20,PROD-004,71,4336.243866486189
2022-04-21,PROD-004,56,6613.542064267533
2022-04-22,PROD-004,69,6831.708043810289
2022-04-23,PROD-004,48,3094.1741027656913
2022-04-24,PROD-004,40,4008.2153694149333
2022-04-25,PROD-004,51,1702.1180469934443
2022-04-26,PROD-004,63,1881.9114222411388
2022-04-27,PROD-004,46,2739.947879121667
2022-04-28,PROD-004,56,7843.378399382738
2022-04-29,PROD-004,60,2605.477075317959
2022-04-30,PROD-004,36,4006.1787523583175
2022-05-01,PROD-004,42,4570.148395024207
2022-05-02,PROD-004,73,7168.4356865067875
2022-05-03,PROD-004,69,2343.3818889765103
2022-05-04,PROD-004,68,5919.3483240287715
2022-05-05,PROD-004,51,2208.164070758894
2022-05-06,PROD-004,53,1373.8314946492296
2022-05-07,PROD-004,36,4664.98660910014
2022-05-08,PROD-004,38,5269.374929303296
2022-05-09,PROD-004,54,1519.2569284193078
2022-05-10,PROD-004,47,5599.690814520629
2022-05-11,PROD-004,77,6059.040683456748
2022-05-12,PROD-004,57,4821.811851985255
2022-05-13,PROD-004,65,8841.060524828492
2022-05-14,PROD-004,37,1173.0995122549743
2022-05-15,PROD-004,33,1965.1151906842308
2022-05-16,PROD-004,47,5680.962824003512
2022-05-17,PROD-004,85,10368.492340887417
2022-05-18,PROD-004,59,4019.468643920435
2022-05-19,PROD-004,71,9926.142048835478
2022-05-20,PROD-004,63,2938.8906879877713
2022-05-21,PROD-004,31,4228.397645608172
2022-05-22,PROD-004,46,5190.214163020735
2022-05-23,PROD-004,86,12830.865662717773
2022-05-24,PROD-004,88,7482.471484077433
2022-05-25,PROD-004,75,3527.4343107464483
2022-05-26,PROD-004,83,6630.297810811876
2022-05-27,PROD-004,64,9365.757905252638
2022-05-28,PROD-004,35,4918.500738726716
2022-05-29,PROD-004,35,2696.0162448393007
2022-05-30,PROD-004,78,3566.9056046134897
2022-05-31,PROD-004,71,9347.44616869745
2022-06-01,PROD-004,93,4055.2771220051454
2022-06-02,PROD-004,92,8302.444728066941
2022-06-03,PROD-004,80,4506.152109264902
2022-06-04,PROD-004,37,2128.285388238203
2022-06-05,PROD-004,33,2540.1497583169535
2022-06-06,PROD-004,74,9572.502306079967
2022-06-07,PROD-004,95,9858.81888160009
2022-06-08,PROD-004,70,1775.4968762713925
2022-06-09,PROD-004,94,8829.980766578588
2022-06-10,PROD-004,93,10581.41193367577
2022-06-11,PROD-004,61,4033.9810825469403
2022-06-12,PROD-004,59,3231.323975809672
2022-06-13,PROD-004,83,7263.640301744918
2022-06-14,PROD-004,82,7761.004699892465
2022-06-15,PROD-004,70,6995.33922134343
2022-06-16,PROD-004,91,12986.216254589788
2022-06-17,PROD-004,78,5175.2869626574475
2022-06-18,PROD-004,54,1754.741062595761
2022-06-19,PROD-004,58,6910.8728712531465
2022-06-20,PROD-004,93,5790.348844413679
2022-06-21,PROD-004,82,8323.602711748907
2022-06-22,PROD-004,57,4918.189669208425
2022-06-23,PROD-004,55,5076.502486871799
2022-06-24,PROD-004,70,7371.282574669061
2022-06-25,PROD-004,37,5192.091661137218
2022-06-26,PROD-004,48,5297.965905664094
2022-06-27,PROD-004,77,10247.159974149754
2022-06-28,PROD-004,74,8083.227508290279
2022-06-29,PROD-004,76,8714.422258126775
2022-06-30,PROD-004,67,2058.5855541080887
2022-07-01,PROD-004,100,11354.807240589633
2022-07-02,PROD-004,49,6366.203526057288
2022-07-03,PROD-004,48,6249.134701098228
2022-07-04,PROD-004,96,8258.701794909968
2022-07-05,PROD-004,97,6189.272473933073
2022-07-06,PROD-004,66,7124.025193103324
2022-07-07,PROD-004,105,6184.430007825783
2022-07-08,PROD-004,76,3938.9553968186074
2022-07-09,PROD-004,39,2157.4206702463434
2022-07-10,PROD-004,44,2970.402417751353
2022-07-11,PROD-004,91,6676.624205836009
2022-07-12,PROD-004,73,8103.549688682985
2022-07-13,PROD-004,59,2147.288819193582
2022-07-14,PROD-004,78,4127.601865195959
2022-07-15,PROD-004,97,3113.659435589071
2022-07-16,PROD-004,42,1553.1300086768995
2022-07-17,PROD-004,66,9114.655056898475
2022-07-18,PROD-004,81,10736.676561428401
2022-07-19,PROD-004,88,9183.089695259046
2022-07-20,PROD-004,81,10829.392200393953
2022-07-21,PROD-004,107,6152.08964914262
2022-07-22,PROD-004,110,6446.322191493438
2022-07-23,PROD-004,62,7332.2276608671355
2022-07-24,PROD-004,54,2828.918655040614
2022-07-25,PROD-004,86,5009.594050322849
2022-07-26,PROD-004,78,8026.422395277028
2022-07-27,PROD-004,77,8424.019792445672
2022-07-28,PROD-004,111,12475.42969209111
2022-07-29,PROD-004,63,7640.574939298325
2022-07-30,PROD-004,41,2594.0549990168142
2022-07-31,PROD-004,60,4446.8992745893875
2022-08-01,PROD-004,85,10383.793640782525
2022-08-02,PROD-004,109,3411.1804881581174
2022-08-03,PROD-004,98,7818.8713990288625
2022-08-04,PROD-004,93,12421.046716048266
2022-08-05,PROD-004,69,6877.936112866457
2022-08-06,PROD-004,63,3058.620301719559
2022-08-07,PROD-004,53,3899.6881496811684
2022-08-08,PROD-004,70,4130.377947399013
2022-08-09,PROD-004,88,6942.463280133656
2022-08-10,PROD-004,95,12765.131992599978
2022-08-11,PROD-004,89,6269.896798183809
2022-08-12,PROD-004,83,3501.265774136267
2022-08-13,PROD-004,45,1837.6377210433504
2022-08-14,PROD-004,54,4190.448077472326
2022-08-15,PROD-004,71,8827.44208688371
2022-08-16,PROD-004,93,6386.437898197137
2022-08-17,PROD-004,75,2960.6884294041665
2022-08-18,PROD-004,86,11642.434442005371
2022-08-19,PROD-004,69,7792.465845143689
2022-08-20,PROD-004,69,3319.1837539036187
2022-08-21,PROD-004,59,8579.104527382833
2022-08-22,PROD-004,110,13430.520517739551
2022-08-23,PROD-004,85,9676.410937834782
2022-08-24,PROD-004,105,4565.6853953531445
2022-08-25,PROD-004,76,7841.028129075203
2022-08-26,PROD-004,85,4793.644076349725
2022-08-27,PROD-004,62,4541.906960377589
2022-08-28,PROD-004,70,9052.222888452163
2022-08-29,PROD-004,69,2756.911177936522
2022-08-30,PROD-004,110,15898.95129693536
2022-08-31,PROD-004,114,8266.802668443444
2022-09-01,PROD-004,91,2296.3285362746
2022-09-02,PROD-004,66,9657.629286866872
2022-09-03,PROD-004,60,6384.3160121214905
2022-09-04,PROD-004,58,6749.756696387669
2022-09-05,PROD-004,89,12082.533198963376
2022-09-06,PROD-004,84,11010.625135490789
2022-09-07,PROD-004,66,6709.268733329843
2022-09-08,PROD-004,105,4863.41214997215
2022-09-09,PROD-004,114,16662.20024659346
2022-09-10,PROD-004,52,2552.6812450085513
2022-09-11,PROD-004,65,4915.004861094818
2022-09-12,PROD-004,70,8232.294956050326
2022-09-13,PROD-004,75,8003.047486126064
2022-09-14,PROD-004,98,8208.407377840891
2022-09-15,PROD-004,108,4339.209650232511
2022-09-16,PROD-004,80,7327.744944213431
2022-09-17,PROD-004,45,6659.65745747918
2022-09-18,PROD-004,64,4789.691574782233
2022-09-19,PROD-004,81,6016.225551717634
2022-09-20,PROD-004,91,6853.918348167148
2022-09-21,PROD-004,88,12211.788880532878
2022-09-22,PROD-004,96,14255.848896894397
2022-09-23,PROD-004,109,10905.487535442488
2022-09-24,PROD-004,71,9543.724460168865
2022-09-25,PROD-004,56,6770.175671359635
2022-09-26,PROD-004,105,12066.742427730598
2022-09-27,PROD-004,64,3610.485850716278
2022-09-28,PROD-004,68,8243.468174088617
2022-09-29,PROD-004,82,7122.115623995579
2022-09-30,PROD-004,72,4525.525668440422
2022-10-01,PROD-004,48,5673.1067187158515
2022-10-02,PROD-004,42,2835.163431352269
2022-10-03,PROD-004,98,5021.526235226377
2022-10-04,PROD-004,68,9770.407952597581
2022-10-05,PROD-004,77,8224.116261784662
2022-10-06,PROD-004,96,8472.766746896634
2022-10-07,PROD-004,91,11774.155350822411
2022-10-08,PROD-004,45,2460.848767750952
2022-10-09,PROD-004,39,5039.615557388673
2022-10-10,PROD-004,81,6207.810861877201
2022-10-11,PROD-004,91,12529.903563295169
2022-10-12,PROD-004,79,2455.960412232116
2022-10-13,PROD-004,61,8842.526331582405
2022-10-14,PROD-004,90,5644.982309205034
2022-10-15,PROD-004,59,7896.658134338142
2022-10-16,PROD-004,66,4082.697312398602
2022-10-17,PROD-004,87,8376.199750241653
2022-10-18,PROD-004,74,5179.773103707768
2022-10-19,PROD-004,83,7729.415562238961
2022-10-20,PROD-004,81,11876.354777321989
2022-10-21,PROD-004,101,10858.111542079905
2022-10-22,PROD-004,50,3757.698755030873
2022-10-23,PROD-004,55,5603.402039033947
2022-10-24,PROD-004,88,4355.277828174191
2022-10-25,PROD-004,64,9500.105899438367
2022-10-26,PROD-004,73,8135.394475007476
2022-10-27,PROD-004,100,12055.407649076618
2022-10-28,PROD-004,73,7171.869504615702
2022-10-29,PROD-004,55,7502.426640354609
2022-10-30,PROD-004,51,1317.3743761415117
2022-10-31,PROD-004,104,7316.007461409717
2022-11-01,PROD-004,102,13177.382563184807
2022-11-02,PROD-004,84,8062.703395180699
2022-11-03,PROD-004,86,12733.285322923177
2022-11-04,PROD-004,69,6219.229616499833
2022-11-05,PROD-004,63,3433.672470873648
2022-11-06,PROD-004,63,3099.201711630338
2022-11-07,PROD-004,75,9904.113178953947
2022-11-08,PROD-004,84,8620.262695571313
2022-11-09,PROD-004,78,4878.381658706625
2022-11-10,PROD-004,70,8756.260583374917
2022-11-11,PROD-004,74,2707.7686761521495
2022-11-12,PROD-004,48,3002.110210352313
2022-11-13,PROD-004,61,3217.3257719663497
2022-11-14,PROD-004,85,4998.679515927747
2022-11-15,PROD-004,83,3334.645180032359
2022-11-16,PROD-004,59,6523.534071753221
2022-11-17,PROD-004,91,4640.170650493899
2022-11-18,PROD-004,79,8038.934028083377
2022-11-19,PROD-004,51,7517.588619548398
2022-11-20,PROD-004,53,3615.4180032254003
2022-11-21,PROD-004,83,4867.92945202619
2022-11-22,PROD-004,86,5061.813106613776
2022-11-23,PROD-004,83,8586.105323275153
2022-11-24,PROD-004,97,14454.131626491142
2022-11-25,PROD-004,63,8418.173851402247
2022-11-26,PROD-004,53,4810.542318071713
2022-11-27,PROD-004,50,2045.5229029766765
2022-11-28,PROD-004,93,11046.84224359426
2022-11-29,PROD-004,52,2810.0127394119368
2022-11-30,PROD-004,75,5663.585924272409
2022-12-01,PROD-004,77,8690.908789496652
2022-12-02,PROD-004,83,3111.9988534867
2022-12-03,PROD-004,56,7073.5418195865295
2022-12-04,PROD-004,59,8434.446027828451
2022-12-05,PROD-004,84,5032.1940773512615
2022-12-06,PROD-004,62,7554.739842807389
2022-12-07,PROD-004,86,12560.469776633945
2022-12-08,PROD-004,83,3687.0386671492342
2022-12-09,PROD-004,78,5304.55121704068
2022-12-10,PROD-004,58,5889.820394758601
2022-12-11,PROD-004,53,6827.885284358522
2022-12-12,PROD-004,68,4919.0845378797
2022-12-13,PROD-004,64,5506.529604759196
2022-12-14,PROD-004,58,7686.823437411717
2022-12-15,PROD-004,51,5138.17725707163
2022-12-16,PROD-004,60,2662.678358300787
2022-12-17,PROD-004,42,6282.327978150892
2022-12-18,PROD-004,36,5285.99286253345
2022-12-19,PROD-004,79,10612.409542852427
2022-12-20,PROD-004,59,5442.259975488663
2022-12-21,PROD-004,79,3684.7911207891807
2022-12-22,PROD-004,51,2945.6516501001583
2022-12-23,PROD-004,87,11655.445700033382
2022-12-24,PROD-004,36,2586.6545132594338
2022-12-25,PROD-004,38,2719.585045821612
2022-12-26,PROD-004,70,6185.630746672129
2022-12-27,PROD-004,54,1953.774980442743
2022-12-28,PROD-004,77,4972.77766701777
2022-12-29,PROD-004,83,7364.423513029782
2022-12-30,PROD-004,76,2521.040020399657
2022-12-31,PROD-004,32,3673.985712967107
2023-01-01,PROD-004,36,2447.162654355759
2023-01-02,PROD-004,56,7595.153367158383
2023-01-03,PROD-004,64,7735.767363901145
2023-01-04,PROD-004,65,9644.50227093903
2023-01-05,PROD-004,77,8972.397641982081
2023-01-06,PROD-004,54,7882.876155701728
2023-01-07,PROD-004,39,4845.23415169315
2023-01-08,PROD-004,44,6079.563840103822
2023-01-09,PROD-004,66,9772.605912339268
2023-01-10,PROD-004,46,6763.995316270268
2023-01-11,PROD-004,52,3791.901602262727
2023-01-12,PROD-004,73,3283.223985078987
2023-01-13,PROD-004,62,7249.415668598971
2023-01-14,PROD-004,41,5900.442372488144
2023-01-15,PROD-004,41,5217.516285594361
2023-01-16,PROD-004,56,4897.125363839212
2023-01-17,PROD-004,55,7305.664124812021
2023-01-18,PROD-004,64,7857.0216956110935
2023-01-19,PROD-004,69,7049.739372535363
2023-01-20,PROD-004,74,3378.4438909114697
2023-01-21,PROD-004,35,3401.5788223365203
2023-01-22,PROD-004,28,3580.470340229483
2023-01-23,PROD-004,76,6248.617004984247
2023-01-24,PROD-004,79,6999.1263845343365
2023-01-25,PROD-004,78,9234.748050644503
2023-01-26,PROD-004,77,9213.38199756617
2023-01-27,PROD-004,48,4110.427931474657
2023-01-28,PROD-004,47,1620.0158975590439
2023-01-29,PROD-004,49,1959.4577940969325
2023-01-30,PROD-004,71,9606.87215549442
2023-01-31,PROD-004,61,5719.23530537546
2023-02-01,PROD-004,61,3476.0187794276226
2023-02-02,PROD-004,45,3289.904432481894
2023-02-03,PROD-004,62,9000.867651610779
2023-02-04,PROD-004,30,2607.140773839862
2023-02-05,PROD-004,34,1527.0176210262186
2023-02-06,PROD-004,48,2701.1883771394887
2023-02-07,PROD-004,73,4382.17611014218
2023-02-08,PROD-004,69,9911.304200953504
2023-02-09,PROD-004,75,5600.194199499779
2023-02-10,PROD-004,54,1554.077891076699
2023-02-11,PROD-004,30,1646.6320109289989
2023-02-12,PROD-004,44,6502.736544799009
2023-02-13,PROD-004,45,1278.4576640591877
2023-02-14,PROD-004,62,5504.924540844578
2023-02-15,PROD-004,46,4284.288965092831
2023-02-16,PROD-004,50,2313.658582457706
2023-02-17,PROD-004,58,8013.2505162350535
2023-02-18,PROD-004,40,3242.0601209393817
2023-02-19,PROD-004,29,4251.810606610064
2023-02-20,PROD-004,43,4295.70111198269
2023-02-21,PROD-004,54,2536.4523684376563
2023-02-22,PROD-004,72,3535.095811019692
2023-02-23,PROD-004,49,3736.784363794311
2023-02-24,PROD-004,70,4955.17032664813
2023-02-25,PROD-004,45,6490.841407608206
2023-02-26,PROD-004,34,4880.0924639985415
2023-02-27,PROD-004,75,11027.112515856903
2023-02-28,PROD-004,67,3367.305880558167
2023-03-01,PROD-004,71,5857.076842399578
2023-03-02,PROD-004,65,9108.572349038845
2023-03-03,PROD-004,43,5193.936954235021
2023-03-04,PROD-004,44,1365.4615930202579
2023-03-05,PROD-004,43,5871.657427217166
2023-03-06,PROD-004,64,8694.341695849096
2023-03-07,PROD-004,63,2782.5889922938077
2023-03-08,PROD-004,72,4339.993464132059
2023-03-09,PROD-004,70,3200.326541059703
2023-03-10,PROD-004,70,4208.517606950607
2023-03-11,PROD-004,45,2649.470749298643
2023-03-12,PROD-004,33,3109.138665863838
2023-03-13,PROD-004,46,5549.877763657834
2023-03-14,PROD-004,52,3493.52788065642
2023-03-15,PROD-004,44,3369.651630609108
2023-03-16,PROD-004,55,2076.9639391445153
2023-03-17,PROD-004,61,2894.263824446576
2023-03-18,PROD-004,38,4698.404681872122
2023-03-19,PROD-004,33,2299.536890439641
2023-03-20,PROD-004,49,6993.302769559894
2023-03-21,PROD-004,76,5748.487208163562
2023-03-22,PROD-004,50,4634.009311921985
2023-03-23,PROD-004,71,4606.717541110133
2023-03-24,PROD-004,72,10455.736253785386
2023-03-25,PROD-004,48,1865.838248019113
2023-03-26,PROD-004,32,1343.5554805911052
2023-03-27,PROD-004,76,3411.480310508372
2023-03-28,PROD-004,58,1555.906965037073
2023-03-29,PROD-004,59,5915.156874882635
2023-03-30,PROD-004,69,4856.374101302882
2023-03-31,PROD-004,59,5194.33819812626
2023-04-01,PROD-004,29,3719.552965533044
2023-04-02,PROD-004,45,6370.034265425036
2023-04-03,PROD-004,62,4242.530335968285
2023-04-04,PROD-004,60,6153.171185401893
2023-04-05,PROD-004,65,3785.448619347485
2023-04-06,PROD-004,73,6498.543371412775
2023-04-07,PROD-004,69,4752.20021486513
2023-04-08,PROD-004,50,3467.121056578934
2023-04-09,PROD-004,32,2915.1515945598076
2023-04-10,PROD-004,53,4438.875887388355
2023-04-11,PROD-004,61,3082.2371429380746
2023-04-12,PROD-004,45,1847.7389670641617
2023-04-13,PROD-004,66,7004.367858500115
2023-04-14,PROD-004,81,7302.131477631672
2023-04-15,PROD-004,47,6352.621543474307
2023-04-16,PROD-004,34,1146.757841482003
2023-04-17,PROD-004,59,2194.56025239784
2023-04-18,PROD-004,51,6217.46542855506
2023-04-19,PROD-004,65,6367.3741935131775
2023-04-20,PROD-004,46,6146.790231193183
2023-04-21,PROD-004,83,5940.764111586138
2023-04-22,PROD-004,47,4499.8252829735975
2023-04-23,PROD-004,31,2911.6539144302337
2023-04-24,PROD-004,81,4393.370731925535
2023-04-25,PROD-004,51,1603.9528055041042
2023-04-26,PROD-004,54,2663.882109311975
2023-04-27,PROD-004,67,9744.518396891568
2023-04-28,PROD-004,48,4445.898886906423
2023-04-29,PROD-004,49,2170.6149277753607
2023-04-30,PROD-004,31,4540.066308247792
2023-05-01,PROD-004,71,9640.756367592914
2023-05-02,PROD-004,73,4031.260400401508
2023-05-03,PROD-004,88,9945.469739631522
2023-05-04,PROD-004,55,2316.357099832774
2023-05-05,PROD-004,73,10011.956411754652
2023-05-06,PROD-004,50,6599.0074569683175
2023-05-07,PROD-004,33,1095.2204874219667
2023-05-08,PROD-004,70,9377.68242655284
2023-05-09,PROD-004,59,6808.369797421998
2023-05-10,PROD-004,91,13481.485204146293
2023-05-11,PROD-004,54,7104.639253788377
2023-05-12,PROD-004,78,7040.237674282575
2023-05-13,PROD-004,42,1058.1119395707956
2023-05-14,PROD-004,48,6254.495177220337
2023-05-15,PROD-004,60,8345.720678133534
2023-05-16,PROD-004,70,5097.64483093708
2023-05-17,PROD-004,83,3301.635519612893
2023-05-18,PROD-004,88,8398.62172484688
2023-05-19,PROD-004,77,4150.259700357064
2023-05-20,PROD-004,58,5449.452386079295
2023-05-21,PROD-004,35,4070.368656269958
2023-05-22,PROD-004,82,11956.819745220364
2023-05-23,PROD-004,71,9553.003993155231
2023-05-24,PROD-004,54,7741.330638872132
2023-05-25,PROD-004,78,7502.379067148687
2023-05-26,PROD-004,53,5798.137520954614
2023-05-27,PROD-004,38,3473.3064920055945
2023-05-28,PROD-004,55,1659.6271606001462
2023-05-29,PROD-004,64,3270.959248286401
2023-05-30,PROD-004,73,2822.2422791149556
2023-05-31,PROD-004,78,6948.019045882596
2023-06-01,PROD-004,89,9976.422961927909
2023-06-02,PROD-004,91,6879.878823925196
2023-06-03,PROD-004,37,1423.0280632188558
2023-06-04,PROD-004,37,1120.1518995626416
2023-06-05,PROD-004,61,6135.038174909982
2023-06-06,PROD-004,93,3399.375890617549
2023-06-07,PROD-004,82,9154.89268921501
2023-06-08,PROD-004,97,9428.398649497993
2023-06-09,PROD-004,90,3718.812448493606
2023-06-10,PROD-004,49,2005.6132675405938
2023-06-11,PROD-004,36,1692.8559330285862
2023-06-12,PROD-004,90,6051.188716523727
2023-06-13,PROD-004,68,3041.092867514128
2023-06-14,PROD-004,79,11216.285665777636
2023-06-15,PROD-004,89,9148.015259125707
2023-06-16,PROD-004,99,2532.8128056273513
2023-06-17,PROD-004,62,7497.2333231538305
2023-06-18,PROD-004,56,6992.832872799572
2023-06-19,PROD-004,80,9910.391310027762
2023-06-20,PROD-004,83,6477.6550767205445
2023-06-21,PROD-004,58,8320.589034809425
2023-06-22,PROD-004,104,12690.186522299056
2023-06-23,PROD-004,61,4353.1648675970855
2023-06-24,PROD-004,46,5262.9234967108505
2023-06-25,PROD-004,41,5616.80039569397
2023-06-26,PROD-004,66,9410.184383009891
2023-06-27,PROD-004,95,6305.517911759132
2023-06-28,PROD-004,88,5126.169445245261
2023-06-29,PROD-004,79,5375.885900190041
2023-06-30,PROD-004,93,4614.586080255354
2023-07-01,PROD-004,47,1580.2954979789681
2023-07-02,PROD-004,63,6493.779998156155
2023-07-03,PROD-004,74,4394.04985935101
2023-07-04,PROD-004,98,5606.885735360925
2023-07-05,PROD-004,71,5591.07229143125
2023-07-06,PROD-004,86,2559.171589274696
2023-07-07,PROD-004,69,5198.197403101289
2023-07-08,PROD-004,70,3725.429958404532
2023-07-09,PROD-004,52,5887.427135920721
2023-07-10,PROD-004,102,14971.673606350381
2023-07-11,PROD-004,96,6512.756762770863
2023-07-12,PROD-004,68,9782.073876437571
2023-07-13,PROD-004,71,6433.218248825701
2023-07-14,PROD-004,91,7863.007531291258
2023-07-15,PROD-004,52,5640.042788789454
2023-07-16,PROD-004,53,6611.073571622931
2023-07-17,PROD-004,70,1778.7845389146644
2023-07-18,PROD-004,68,7336.0257352167555
2023-07-19,PROD-004,100,4627.3431380718885
2023-07-20,PROD-004,114,13557.130265740658
2023-07-21,PROD-004,104,11808.123246042478
2023-07-22,PROD-004,58,2751.8130599838746
2023-07-23,PROD-004,44,6455.52397580039
2023-07-24,PROD-004,100,5929.020945184589
2023-07-25,PROD-004,85,9505.538692293909
2023-07-26,PROD-004,103,2590.7025654823697
2023-07-27,PROD-004,79,11748.783172184309
2023-07-28,PROD-004,80,3238.910936022966
2023-07-29,PROD-004,64,9120.260443312349
2023-07-30,PROD-004,60,4334.596925997646
2023-07-31,PROD-004,91,6539.797546004262
2023-08-01,PROD-004,75,3890.105256537829
2023-08-02,PROD-004,86,2857.0518946419174
2023-08-03,PROD-004,118,4556.797910468588
2023-08-04,PROD-004,120,12281.779433875587
2023-08-05,PROD-004,53,1954.1062370473735
2023-08-06,PROD-004,68,10072.031226755167
2023-08-07,PROD-004,104,8051.333202456375
2023-08-08,PROD-004,97,11785.9278650883
2023-08-09,PROD-004,95,10976.178797131932
2023-08-10,PROD-004,76,3156.667835855688
2023-08-11,PROD-004,85,3290.9761534160943
2023-08-12,PROD-004,70,8152.091992139986
2023-08-13,PROD-004,50,5350.6698324928375
2023-08-14,PROD-004,83,2306.6881717192173
2023-08-15,PROD-004,86,7224.640415258667
2023-08-16,PROD-004,70,6723.0719532852445
2023-08-17,PROD-004,91,12587.62755720652
2023-08-18,PROD-004,79,5063.395515321297
2023-08-19,PROD-004,53,4815.692210633267
2023-08-20,PROD-004,77,7665.809587631919
2023-08-21,PROD-004,83,3115.967190330985
2023-08-22,PROD-004,101,7424.595658331372
2023-08-23,PROD-004,79,5294.780084065864
2023-08-24,PROD-004,93,6220.951340660859
2023-08-25,PROD-004,92,8795.552626848637
2023-08-26,PROD-004,55,2554.868339689213
2023-08-27,PROD-004,77,2315.2475621211315
2023-08-28,PROD-004,71,9215.785252892838
2023-08-29,PROD-004,81,9087.383187296235
2023-08-30,PROD-004,67,7699.223645059031
2023-08-31,PROD-004,94,5019.580622897039
2023-09-01,PROD-004,103,9079.472438523228
2023-09-02,PROD-004,58,2889.0951925071085
2023-09-03,PROD-004,51,6945.779824236725
2023-09-04,PROD-004,82,3623.218408477589
2023-09-05,PROD-004,122,3797.0981811708166
2023-09-06,PROD-004,105,3620.13818562539
2023-09-07,PROD-004,121,9520.686737672824
2023-09-08,PROD-004,68,2106.333672978443
2023-09-09,PROD-004,66,3175.9786771509534
2023-09-10,PROD-004,46,6517.684479816762
2023-09-11,PROD-004,114,9493.158617708666
2023-09-12,PROD-004,68,6029.463790361408
2023-09-13,PROD-004,85,10033.26256047362
2023-09-14,PROD-004,67,4903.939223697179
2023-09-15,PROD-004,107,15782.3913716311
2023-09-16,PROD-004,43,2616.0396331696734
2023-09-17,PROD-004,73,2461.8675346677337
2023-09-18,PROD-004,102,9421.766945539506
2023-09-19,PROD-004,77,2374.1237756062665
2023-09-20,PROD-004,97,8380.586725276251
2023-09-21,PROD-004,66,8020.459545670434
2023-09-22,PROD-004,115,6715.8260075019625
2023-09-23,PROD-004,54,6862.632779101906
2023-09-24,PROD-004,55,6770.9471061316635
2023-09-25,PROD-004,104,3662.5959095067237
2023-09-26,PROD-004,115,10817.038394663246
2023-09-27,PROD-004,81,3252.240391662633
2023-09-28,PROD-004,100,11376.506818709306
2023-09-29,PROD-004,86,5403.962780791328
2023-09-30,PROD-004,51,3184.7290596696207
2023-10-01,PROD-004,55,7378.163239042464
2023-10-02,PROD-004,106,13173.297230014858
2023-10-03,PROD-004,73,9161.036673321554
2023-10-04,PROD-004,94,14013.11580070341
2023-10-05,PROD-004,83,5693.19087119888
2023-10-06,PROD-004,117,8644.898055315758
2023-10-07,PROD-004,56,6837.605640287065
2023-10-08,PROD-004,63,9202.183096202269
2023-10-09,PROD-004,107,3891.333808660857
2023-10-10,PROD-004,68,5885.124730890949
2023-10-11,PROD-004,67,6789.555664231391
2023-10-12,PROD-004,116,12206.161566440429
2023-10-13,PROD-004,112,7118.7467406711585
2023-10-14,PROD-004,41,1990.7198973751802
2023-10-15,PROD-004,59,7037.491892941329
2023-10-16,PROD-004,91,3487.515630361999
2023-10-17,PROD-004,90,10664.309633595014
2023-10-18,PROD-004,82,9194.420677812053
2023-10-19,PROD-004,104,11736.070276136861
2023-10-20,PROD-004,74,3310.112276104163
2023-10-21,PROD-004,67,8272.536018759014
2023-10-22,PROD-004,39,3980.9871193260155
2023-10-23,PROD-004,72,10332.38921991425
2023-10-24,PROD-004,101,3095.533855168887
2023-10-25,PROD-004,109,3007.696155978979
2023-10-26,PROD-004,63,7583.812164815987
2023-10-27,PROD-004,73,4063.9842458009457
2023-10-28,PROD-004,54,2305.3433169824953
2023-10-29,PROD-004,49,3413.1360131910833
2023-10-30,PROD-004,96,13934.049682472894
2023-10-31,PROD-004,96,7100.412223675979
2023-11-01,PROD-004,74,9763.031867369147
2023-11-02,PROD-004,86,4546.586085633
2023-11-03,PROD-004,78,2229.207747372006
2023-11-04,PROD-004,61,6441.9974990158125
2023-11-05,PROD-004,69,6564.283515779684
2023-11-06,PROD-004,62,1678.091574922979
2023-11-07,PROD-004,93,3123.002854022498
2023-11-08,PROD-004,69,6588.392196041559
2023-11-09,PROD-004,95,10021.522503805856
2023-11-10,PROD-004,72,2288.5264672013923
2023-11-11,PROD-004,62,2520.3002149936
2023-11-12,PROD-004,68,1752.9776948960482
2023-11-13,PROD-004,97,11764.471003234094
2023-11-14,PROD-004,91,2547.42358662556
2023-11-15,PROD-004,62,8954.133495136954
2023-11-16,PROD-004,83,8346.997384259756
2023-11-17,PROD-004,64,8203.61099052697
2023-11-18,PROD-004,47,4556.604381058598
2023-11-19,PROD-004,37,2067.555999167623
2023-11-20,PROD-004,90,4405.947734828437
2023-11-21,PROD-004,58,2607.7391775293745
2023-11-22,PROD-004,67,2361.2540527434667
2023-11-23,PROD-004,80,11073.343556382713
2023-11-24,PROD-004,58,2249.515186977774
2023-11-25,PROD-004,51,5515.8693023419655
2023-11-26,PROD-004,50,1992.2304765653096
2023-11-27,PROD-004,74,9748.845954965474
2023-11-28,PROD-004,97,12126.54850991666
2023-11-29,PROD-004,63,3472.720207868474
2023-11-30,PROD-004,80,9100.073874803646
2023-12-01,PROD-004,55,2600.0977161348524
2023-12-02,PROD-004,37,4304.737180475211
2023-12-03,PROD-004,53,6456.300526283195
2023-12-04,PROD-004,88,11968.015869046916
2023-12-05,PROD-004,54,3608.3898854277304
2023-12-06,PROD-004,83,4204.061017997727
2023-12-07,PROD-004,97,9991.059658738135
2023-12-08,PROD-004,69,5183.3554865464375
2023-12-09,PROD-004,36,4792.891374245372
2023-12-10,PROD-004,52,3827.9707333134606
2023-12-11,PROD-004,63,1667.8381164836064
2023-12-12,PROD-004,93,11604.769325540583
2023-12-13,PROD-004,53,4321.944490301879
2023-12-14,PROD-004,89,10713.293392599218
2023-12-15,PROD-004,95,11877.22941458905
2023-12-16,PROD-004,59,4468.642616426478
2023-12-17,PROD-004,56,2576.549423641249
2023-12-18,PROD-004,75,3657.4657820394123
2023-12-19,PROD-004,84,7180.234140812938
2023-12-20,PROD-004,57,3428.105113194393
2023-12-21,PROD-004,67,4049.8792199643276
2023-12-22,PROD-004,72,2328.233668240442
2023-12-23,PROD-004,52,2492.8250478020273
2023-12-24,PROD-004,47,4291.6129403968835
2023-12-25,PROD-004,64,6150.805107132374
2023-12-26,PROD-004,70,5181.195420635555
2023-12-27,PROD-004,60,4491.249822142479
2023-12-28,PROD-004,60,8780.100723818503
2023-12-29,PROD-004,88,6124.756432469203
2023-12-30,PROD-004,47,6399.793099704595
2023-12-31,PROD-004,49,3599.515491998811
2024-01-01,PROD-004,55,3132.906055585123
2024-01-02,PROD-004,70,3357.511137804104
2024-01-03,PROD-004,63,8204.550917340885
2024-01-04,PROD-004,71,9474.212289418867
2024-01-05,PROD-004,64,9096.93707099802
2024-01-06,PROD-004,48,1373.479719628991
2024-01-07,PROD-004,31,1078.812227870869
2024-01-08,PROD-004,69,3736.6971899546625
2024-01-09,PROD-004,47,3361.2077632242867
2024-01-10,PROD-004,52,5407.181980544953
2024-01-11,PROD-004,67,5770.979953268876
2024-01-12,PROD-004,59,8366.990013811459
2024-01-13,PROD-004,35,4155.299156512471
2024-01-14,PROD-004,49,6690.8758299318515
2024-01-15,PROD-004,53,5281.872290013248
2024-01-16,PROD-004,85,6377.502338010017
2024-01-17,PROD-004,74,10888.545040893374
2024-01-18,PROD-004,56,7158.532552690418
2024-01-19,PROD-004,50,3707.9371132234946
2024-01-20,PROD-004,41,5076.522877369265
2024-01-21,PROD-004,41,2644.9012526926454
2024-01-22,PROD-004,61,6183.21568973339
2024-01-23,PROD-004,53,7066.915873195288
2024-01-24,PROD-004,66,6643.43811233931
2024-01-25,PROD-004,77,6856.532218289594
2024-01-26,PROD-004,52,1536.3582926462798
2024-01-27,PROD-004,29,2696.9269321157267
2024-01-28,PROD-004,38,2785.2955079173007
2024-01-29,PROD-004,46,2026.6645004766897
2024-01-30,PROD-004,47,2737.1727644004436
2024-01-31,PROD-004,65,9530.164338427297
2024-02-01,PROD-004,68,8093.428186037733
2024-02-02,PROD-004,72,2872.511827156865
2024-02-03,PROD-004,45,4914.090617332851
2024-02-04,PROD-004,51,1798.1561880820102
2024-02-05,PROD-004,60,8177.631995716922
2024-02-06,PROD-004,46,2270.961103717112
2024-02-07,PROD-004,63,4097.365317152466
2024-02-08,PROD-004,56,4667.98973795099
2024-02-09,PROD-004,44,3680.471509298542
2024-02-10,PROD-004,32,2903.8005239928198
2024-02-11,PROD-004,51,7222.788903290706
2024-02-12,PROD-004,70,7198.0516853923245
2024-02-13,PROD-004,70,2289.9757636825107
2024-02-14,PROD-004,58,5180.398950176456
2024-02-15,PROD-004,58,7993.959556002853
2024-02-16,PROD-004,78,8128.500856920564
2024-02-17,PROD-004,28,2435.992718457539
2024-02-18,PROD-004,32,1411.8274805443198
2024-02-19,PROD-004,70,8536.887686388387
2024-02-20,PROD-004,53,4685.877094792364
2024-02-21,PROD-004,81,5744.218874722705
2024-02-22,PROD-004,55,5582.399130069311
2024-02-23,PROD-004,54,2991.1672274098864
2024-02-24,PROD-004,30,2258.7638220595127
2024-02-25,PROD-004,35,893.5388221401128
2024-02-26,PROD-004,58,3570.1381008799544
2024-02-27,PROD-004,75,7863.714614824105
2024-02-28,PROD-004,51,2823.566445558895
2024-02-29,PROD-004,63,3067.5187514263525
2024-03-01,PROD-004,75,4118.362191241885
2024-03-02,PROD-004,46,6031.860472418092
2024-03-03,PROD-004,49,4863.079062352363
2024-03-04,PROD-004,80,4022.778004762521
2024-03-05,PROD-004,71,8464.228856429718
2024-03-06,PROD-004,72,10330.73571478495
2024-03-07,PROD-004,50,5136.037082415074
2024-03-08,PROD-004,55,4018.2692287636905
2024-03-09,PROD-004,43,1320.7766673430667
2024-03-10,PROD-004,33,2313.5701859217993
2024-03-11,PROD-004,47,4801.122677274161
2024-03-12,PROD-004,56,3242.9660018047016
2024-03-13,PROD-004,71,6109.066467141285
2024-03-14,PROD-004,47,3689.076943082816
2024-03-15,PROD-004,74,8908.740460019164
2024-03-16,PROD-004,51,2646.6380943294666
2024-03-17,PROD-004,29,1252.6121212166086
2024-03-18,PROD-004,66,9843.060054542888
2024-03-19,PROD-004,70,7624.103963428345
2024-03-20,PROD-004,48,1902.0058631763043
2024-03-21,PROD-004,56,7905.679793236336
2024-03-22,PROD-004,49,4002.0024282926297
2024-03-23,PROD-004,47,1369.0780485538253
2024-03-24,PROD-004,51,4849.749369221938
2024-03-25,PROD-004,64,9258.498174215416
2024-03-26,PROD-004,72,6349.344951414057
2024-03-27,PROD-004,49,2852.394274418278
2024-03-28,PROD-004,81,6511.523785797245
2024-03-29,PROD-004,66,2691.7802158324553
2024-03-30,PROD-004,38,1810.3683945086193
2024-03-31,PROD-004,31,3584.6136391691834
2024-04-01,PROD-004,57,7363.356904518656
2024-04-02,PROD-004,85,6795.827535959787
2024-04-03,PROD-004,84,12005.630043106117
2024-04-04,PROD-004,53,3426.382734511428
2024-04-05,PROD-004,66,4883.65778845334
2024-04-06,PROD-004,42,4391.1967326899485
2024-04-07,PROD-004,37,4858.9557809307025
2024-04-08,PROD-004,79,7262.100609866489
2024-04-09,PROD-004,85,8613.442599408289
2024-04-10,PROD-004,54,6549.481609232249
2024-04-11,PROD-004,68,2493.06721805592
2024-04-12,PROD-004,68,3154.8022104418274
2024-04-13,PROD-004,36,4800.585946868264
2024-04-14,PROD-004,38,4336.859949060449
2024-04-15,PROD-004,55,6890.256848370972
2024-04-16,PROD-004,58,3809.477643267983
2024-04-17,PROD-004,54,1569.4786446953792
2024-04-18,PROD-004,48,4320.832048991505
2024-04-19,PROD-004,84,10358.522196588292
2024-04-20,PROD-004,48,4159.234415462191
2024-04-21,PROD-004,55,1556.3817888281415
2024-04-22,PROD-004,57,4677.084325171749
2024-04-23,PROD-004,82,5907.067299782142
2024-04-24,PROD-004,61,3228.323036192379
2024-04-25,PROD-004,91,6302.740968532868
2024-04-26,PROD-004,78,9776.88033529991
2024-04-27,PROD-004,42,5449.312114121611
2024-04-28,PROD-004,40,2085.3000014971353
2024-04-29,PROD-004,67,2416.4862888052207
2024-04-30,PROD-004,78,7856.146190904488
2024-05-01,PROD-004,90,9818.442083554033
2024-05-02,PROD-004,80,10009.14435557643
2024-05-03,PROD-004,56,8124.248011960293
2024-05-04,PROD-004,49,4519.210805250162
2024-05-05,PROD-004,47,6251.473403609785
2024-05-06,PROD-004,55,7970.1479882245085
2024-05-07,PROD-004,95,13006.20826617792
2024-05-08,PROD-004,69,3395.2113782534966
2024-05-09,PROD-004,91,11394.594352422206
2024-05-10,PROD-004,71,7959.605764344344
2024-05-11,PROD-004,35,1934.1770540544208
2024-05-12,PROD-004,54,4331.361651122978
2024-05-13,PROD-004,64,7008.956895070446
2024-05-14,PROD-004,87,4907.413098942605
2024-05-15,PROD-004,99,5580.501345771917
2024-05-16,PROD-004,91,4389.7530673121055
2024-05-17,PROD-004,87,8573.637318474814
2024-05-18,PROD-004,48,6337.4891247954065
2024-05-19,PROD-004,46,4139.255659358639
2024-05-20,PROD-004,97,8029.7243918123395
2024-05-21,PROD-004,82,4681.430454811821
2024-05-22,PROD-004,64,7499.4054859996695
2024-05-23,PROD-004,79,3726.6338663913575
2024-05-24,PROD-004,84,3140.6946261703993
2024-05-25,PROD-004,46,4875.90259115458
2024-05-26,PROD-004,48,6534.91768268793
2024-05-27,PROD-004,100,14175.9362177683
2024-05-28,PROD-004,93,12253.051902721882
2024-05-29,PROD-004,58,5701.972515121191
2024-05-30,PROD-004,68,4775.18919982611
2024-05-31,PROD-004,73,4107.362872146184
2024-06-01,PROD-004,44,6351.920979684688
2024-06-02,PROD-004,64,2435.059338363963
2024-06-03,PROD-004,80,4925.373456293597
2024-06-04,PROD-004,70,8899.580795430886
2024-06-05,PROD-004,97,5355.318475392692
2024-06-06,PROD-004,66,2590.8989562933507
2024-06-07,PROD-004,99,2708.7509174907022
2024-06-08,PROD-004,50,3249.3840803408552
2024-06-09,PROD-004,62,2796.366192724483
2024-06-10,PROD-004,81,5293.741965381385
2024-06-11,PROD-004,63,1854.4481108184798
2024-06-12,PROD-004,104,10147.736388103482
2024-06-13,PROD-004,104,14339.365896345176
2024-06-14,PROD-004,92,4794.478462067042
2024-06-15,PROD-004,46,5298.409957085578
2024-06-16,PROD-004,55,2774.6390473168212
2024-06-17,PROD-004,91,11094.198998912707
2024-06-18,PROD-004,86,8780.786782216986
2024-06-19,PROD-004,71,2625.447069019916
2024-06-20,PROD-004,81,9826.066794543203
2024-06-21,PROD-004,80,3573.7950058214465
2024-06-22,PROD-004,71,8262.1647342412
2024-06-23,PROD-004,69,7018.698908589342
2024-06-24,PROD-004,108,3567.2915396727353
2024-06-25,PROD-004,67,3857.2281700503077
2024-06-26,PROD-004,91,3479.019892462104
2024-06-27,PROD-004,74,5178.570297560677
2024-06-28,PROD-004,115,3691.6079817662553
2024-06-29,PROD-004,72,7734.4908277018885
2024-06-30,PROD-004,56,2572.8598999992882
2024-07-01,PROD-004,115,11400.892471248004
2024-07-02,PROD-004,90,4013.9759159492105
2024-07-03,PROD-004,116,13216.810546472536
2024-07-04,PROD-004,69,9034.974867644487
2024-07-05,PROD-004,77,8529.51980523911
2024-07-06,PROD-004,56,7863.804126242194
2024-07-07,PROD-004,50,3149.0428117202027
2024-07-08,PROD-004,115,3764.9162140358603
2024-07-09,PROD-004,104,5224.688590835511
2024-07-10,PROD-004,90,5727.949636248327
2024-07-11,PROD-004,80,8270.218455993745
2024-07-12,PROD-004,118,10639.835472629937
2024-07-13,PROD-004,67,9650.086457448744
2024-07-14,PROD-004,58,2809.438929906145
2024-07-15,PROD-004,101,14534.583488408123
2024-07-16,PROD-004,87,7285.76497375312
2024-07-17,PROD-004,80,8307.373376781297
2024-07-18,PROD-004,82,10447.623236022964
2024-07-19,PROD-004,82,10451.220771888047
2024-07-20,PROD-004,71,5085.879522320965
2024-07-21,PROD-004,55,7493.160167826232
2024-07-22,PROD-004,112,3226.7756909262553
2024-07-23,PROD-004,98,4463.890759762038
2024-07-24,PROD-004,72,6758.573005011781
2024-07-25,PROD-004,86,6155.390920121916
2024-07-26,PROD-004,109,6772.517733369507
2024-07-27,PROD-004,74,6431.593677027672
2024-07-28,PROD-004,46,1723.4039041784513
2024-07-29,PROD-004,81,4339.637238935832
2024-07-30,PROD-004,97,10889.324282432955
2024-07-31,PROD-004,115,10596.89708214839
2024-08-01,PROD-004,126,9284.843450730403
2024-08-02,PROD-004,73,7731.858152802084
2024-08-03,PROD-004,48,4496.104176088026
2024-08-04,PROD-004,62,3216.3609040755273
2024-08-05,PROD-004,83,6886.8444562558625
2024-08-06,PROD-004,113,15637.608944723785
2024-08-07,PROD-004,83,11009.750991295483
2024-08-08,PROD-004,113,12998.014651858588
2024-08-09,PROD-004,89,3277.337473526275
2024-08-10,PROD-004,69,1775.1450650814054
2024-08-11,PROD-004,67,8111.187502542564
2024-08-12,PROD-004,90,10488.68835793072
2024-08-13,PROD-004,115,5933.936669410952
2024-08-14,PROD-004,79,10497.851252585755
2024-08-15,PROD-004,100,8604.946923371728
2024-08-16,PROD-004,98,12881.844322027495
2024-08-17,PROD-004,57,2938.4966079554915
2024-08-18,PROD-004,65,5894.973150680912
2024-08-19,PROD-004,84,12428.032184381662
2024-08-20,PROD-004,81,5671.625480607917
2024-08-21,PROD-004,101,8970.993264058536
2024-08-22,PROD-004,79,3978.904048212774
2024-08-23,PROD-004,123,17677.671729618523
2024-08-24,PROD-004,69,8173.489964983188
2024-08-25,PROD-004,77,7635.224052821939
2024-08-26,PROD-004,83,2613.740130379051
2024-08-27,PROD-004,93,5589.353859440656
2024-08-28,PROD-004,116,14679.251698862217
2024-08-29,PROD-004,86,4809.806144715543
2024-08-30,PROD-004,99,8611.454730261752
2024-08-31,PROD-004,53,4119.529894241004
2024-09-01,PROD-004,48,1330.7928747521146
2024-09-02,PROD-004,112,15855.507257024612
2024-09-03,PROD-004,108,13899.70588925269
2024-09-04,PROD-004,115,7553.695090779134
2024-09-05,PROD-004,95,13054.762290836821
2024-09-06,PROD-004,106,12767.141163526025
2024-09-07,PROD-004,50,3265.8035908406005
2024-09-08,PROD-004,74,2910.0728211151686
2024-09-09,PROD-004,129,9456.759056683404
2024-09-10,PROD-004,122,8949.357010387044
2024-09-11,PROD-004,83,7763.1130668057385
2024-09-12,PROD-004,89,10188.367770428842
2024-09-13,PROD-004,128,18600.625147646402
2024-09-14,PROD-004,53,7137.634592450195
2024-09-15,PROD-004,51,6929.300697565599
2024-09-16,PROD-004,126,18645.68415244125
2024-09-17,PROD-004,82,3223.6504472880347
2024-09-18,PROD-004,69,2386.2947061268346
2024-09-19,PROD-004,92,2594.917130871705
2024-09-20,PROD-004,120,3504.823061005545
2024-09-21,PROD-004,73,7673.944709537869
2024-09-22,PROD-004,78,10532.311469565722
2024-09-23,PROD-004,70,3127.567308526918
2024-09-24,PROD-004,83,8975.943814681705
2024-09-25,PROD-004,107,7039.422809875026
2024-09-26,PROD-004,127,18569.782732741583
2024-09-27,PROD-004,72,8648.76123470049
2024-09-28,PROD-004,47,4643.4850146538665
2024-09-29,PROD-004,59,3982.4333421126844
2024-09-30,PROD-004,103,10278.355202659968
2024-10-01,PROD-004,95,4316.468033521888
2024-10-02,PROD-004,89,7672.307598345942
2024-10-03,PROD-004,107,15227.20217505333
2024-10-04,PROD-004,98,6978.2433817165675
2024-10-05,PROD-004,59,3578.1699098565714
2024-10-06,PROD-004,61,5804.4547690182835
2024-10-07,PROD-004,99,10852.062874008745
2024-10-08,PROD-004,85,4881.964338500713
2024-10-09,PROD-004,81,11372.374705957238
2024-10-10,PROD-004,90,3992.4857059943693
2024-10-11,PROD-004,105,10321.825711612526
2024-10-12,PROD-004,71,9349.814161169495
2024-10-13,PROD-004,67,2893.9925048729306
2024-10-14,PROD-004,107,12564.768897688327
2024-10-15,PROD-004,75,4576.563818956826
2024-10-16,PROD-004,97,4520.725230688299
2024-10-17,PROD-004,114,7214.59624535504
2024-10-18,PROD-004,94,8761.600391052954
2024-10-19,PROD-004,50,2258.9285948757984
2024-10-20,PROD-004,47,3656.2789797998134
2024-10-21,PROD-004,84,8637.357307748649
2024-10-22,PROD-004,87,10414.903500904436
2024-10-23,PROD-004,69,8810.969251403307
2024-10-24,PROD-004,113,13704.531307768184
2024-10-25,PROD-004,78,6284.148904819961
2024-10-26,PROD-004,63,6773.446647310211
2024-10-27,PROD-004,66,6726.960547505907
2024-10-28,PROD-004,86,6784.401189056856
2024-10-29,PROD-004,77,2540.225086873547
2024-10-30,PROD-004,112,12528.55342971144
2024-10-31,PROD-004,66,2988.7855777136156
2024-11-01,PROD-004,89,9046.946164499674
2024-11-02,PROD-004,69,5251.822905585291
2024-11-03,PROD-004,48,1514.2029810746458
2024-11-04,PROD-004,68,6038.996678937847
2024-11-05,PROD-004,105,9068.068130568672
2024-11-06,PROD-004,107,14905.05032818352
2024-11-07,PROD-004,95,4510.751883886112
2024-11-08,PROD-004,86,5155.645179031862
2024-11-09,PROD-004,54,3276.174937099598
2024-11-10,PROD-004,61,5837.250652342513
2024-11-11,PROD-004,74,9119.459892043675
2024-11-12,PROD-004,107,4233.504501458249
2024-11-13,PROD-004,73,7871.894654974692
2024-11-14,PROD-004,63,8747.555825817244
2024-11-15,PROD-004,63,8574.999087870874
2024-11-16,PROD-004,59,7535.57291958846
2024-11-17,PROD-004,54,6894.072425690122
2024-11-18,PROD-004,71,7052.632839622514
2024-11-19,PROD-004,62,3107.5445032817925
2024-11-20,PROD-004,99,10246.746866721309
2024-11-21,PROD-004,80,5555.407630722459
2024-11-22,PROD-004,99,12122.600934220178
2024-11-23,PROD-004,46,1583.6223835721585
2024-11-24,PROD-004,43,6230.589849088977
2024-11-25,PROD-004,106,9920.845044100828
2024-11-26,PROD-004,64,1661.6561009455222
2024-11-27,PROD-004,105,4418.292479517923
2024-11-28,PROD-004,79,3143.240874875989
2024-11-29,PROD-004,85,8306.453203283105
2024-11-30,PROD-004,65,5003.4286847299745
2024-12-01,PROD-004,66,3201.6985198327484
2024-12-02,PROD-004,66,1694.3130252479996
2024-12-03,PROD-004,76,7639.832373466666
2024-12-04,PROD-004,96,8028.913779948538
2024-12-05,PROD-004,93,4200.038316696207
2024-12-06,PROD-004,83,9596.470197401037
2024-12-07,PROD-004,48,6304.44516779775
2024-12-08,PROD-004,63,3454.676791483248
2024-12-09,PROD-004,75,6650.575595652992
2024-12-10,PROD-004,101,7328.187004485071
2024-12-11,PROD-004,85,9318.4949359249
2024-12-12,PROD-004,74,10322.416923510182
2024-12-13,PROD-004,77,4753.288070467417
2024-12-14,PROD-004,50,4916.759820994816
2024-12-15,PROD-004,54,4269.7297595943655
2024-12-16,PROD-004,80,2003.8308952202315
2024-12-17,PROD-004,100,6840.398179576516
2024-12-18,PROD-004,72,3315.891981613311
2024-12-19,PROD-004,77,5330.096936812033
2024-12-20,PROD-004,64,6114.094010432947
2024-12-21,PROD-004,36,1268.2451103552298
2024-12-22,PROD-004,47,4843.359015365464
2024-12-23,PROD-004,67,7258.987353584064
2024-12-24,PROD-004,55,5113.5588599388475
2024-12-25,PROD-004,87,11649.508107648968
2024-12-26,PROD-004,64,9570.772021010805
2024-12-27,PROD-004,96,7600.155982570676
2024-12-28,PROD-004,43,3491.827230003778
2024-12-29,PROD-004,50,5338.705055266923
2024-12-30,PROD-004,53,5726.440149727367
2024-12-31,PROD-004,61,3184.7600839634
2025-01-01,PROD-004,63,6196.621338938347
2025-01-02,PROD-004,85,7983.660195653292
2025-01-03,PROD-004,76,6258.33404922091
2025-01-04,PROD-004,56,3794.020522117468
2025-01-05,PROD-004,45,1989.4464160362616
2025-01-06,PROD-004,53,1794.262867871209
2025-01-07,PROD-004,83,2409.5335320435092
2025-01-08,PROD-004,69,4551.092235454446
2025-01-09,PROD-004,69,9013.575562433343
2025-01-10,PROD-004,63,5434.441675285541
2025-01-11,PROD-004,57,4574.998750395931
2025-01-12,PROD-004,45,1746.633367026278
2025-01-13,PROD-004,78,4549.244949831336
2025-01-14,PROD-004,55,2826.739045998843
2025-01-15,PROD-004,83,11875.549497459273
2025-01-16,PROD-004,62,4208.479969365142
2025-01-17,PROD-004,63,3987.2992895958655
2025-01-18,PROD-004,56,4379.363678023036
2025-01-19,PROD-004,46,3052.3535798245807
2025-01-20,PROD-004,49,5051.439045887398
2025-01-21,PROD-004,60,2593.0096571194154
2025-01-22,PROD-004,85,7122.541427714465
2025-01-23,PROD-004,49,2040.6890740210627
2025-01-24,PROD-004,74,9096.653597156806
2025-01-25,PROD-004,52,6018.699375304147
2025-01-26,PROD-004,52,1606.4185310596358
2025-01-27,PROD-004,69,2676.006889120163
2025-01-28,PROD-004,82,2779.6466567222406
2025-01-29,PROD-004,50,2719.4026268096827
2025-01-30,PROD-004,83,12363.180963723074
2025-01-31,PROD-004,50,5087.970573868669
2025-02-01,PROD-004,51,3700.7776777988147
2025-02-02,PROD-004,46,2794.4476509403153
2025-02-03,PROD-004,78,6671.869955962964
2025-02-04,PROD-004,68,4297.453542136859
2025-02-05,PROD-004,84,11226.96461876126
2025-02-06,PROD-004,54,7364.496997969168
2025-02-07,PROD-004,78,8861.671033676874
2025-02-08,PROD-004,37,4290.936080362193
2025-02-09,PROD-004,42,3079.4893421126285
2025-02-10,PROD-004,74,1878.0798368744104
2025-02-11,PROD-004,76,9900.441520928674
2025-02-12,PROD-004,69,4074.812443713189
2025-02-13,PROD-004,60,5673.8142609057195
2025-02-14,PROD-004,75,9093.42507072425
2025-02-15,PROD-004,43,5771.921330626879
2025-02-16,PROD-004,42,1423.7113876823923
2025-02-17,PROD-004,65,5609.051672746963
2025-02-18,PROD-004,67,8429.016820871826
2025-02-19,PROD-004,63,8117.939608949162
2025-02-20,PROD-004,59,8091.141819406915
2025-02-21,PROD-004,55,2334.8504428175384
2025-02-22,PROD-004,35,4603.8768050103745
2025-02-23,PROD-004,40,1015.9090933761463
2025-02-24,PROD-004,47,2082.6022612949673
2025-02-25,PROD-004,63,5884.513810777993
2025-02-26,PROD-004,73,3849.0275900145007
2025-02-27,PROD-004,47,2309.233902069576
2025-02-28,PROD-004,50,3809.7131019522985
2025-03-01,PROD-004,33,1429.162115621245
2025-03-02,PROD-004,44,1104.1788584087005
2025-03-03,PROD-004,50,4239.355537487756
2025-03-04,PROD-004,84,8042.636111085715
2025-03-05,PROD-004,47,2756.2678653467333
2025-03-06,PROD-004,47,5945.807077738099
2025-03-07,PROD-004,56,7382.713204396338
2025-03-08,PROD-004,29,2207.252463087739
2025-03-09,PROD-004,30,3049.78102630425
2025-03-10,PROD-004,65,6690.274059817227
2025-03-11,PROD-004,53,3456.8769727731133
2025-03-12,PROD-004,60,3625.9793825903894
2025-03-13,PROD-004,85,4090.9424118586126
2025-03-14,PROD-004,48,6917.728919910121
2025-03-15,PROD-004,45,3632.861780679739
2025-03-16,PROD-004,51,7032.5556115159725
2025-03-17,PROD-004,54,1892.3903100575276
2025-03-18,PROD-004,60,2499.3872552112457
2025-03-19,PROD-004,85,4989.600040944582
2025-03-20,PROD-004,79,7652.133768515941
2025-03-21,PROD-004,68,8762.410681002037
2025-03-22,PROD-004,40,2746.5896260913637
2025-03-23,PROD-004,36,4302.28688282513
2025-03-24,PROD-004,52,2695.7658549729517
2025-03-25,PROD-004,73,5116.20697211455
2025-03-26,PROD-004,81,9160.51543517139
2025-03-27,PROD-004,58,7305.934975250968
2025-03-28,PROD-004,61,2114.9601949291355
2025-03-29,PROD-004,42,2752.9140320002175
2025-03-30,PROD-004,42,3234.6856174069
2025-03-31,PROD-004,61,5786.900360375987
2025-04-01,PROD-004,86,12180.374122728455
2025-04-02,PROD-004,58,6090.51346793425
2025-04-03,PROD-004,69,4478.644844937281
2025-04-04,PROD-004,69,3336.812494732724
2025-04-05,PROD-004,34,3167.3898021758696
2025-04-06,PROD-004,36,4135.149640708183
2025-04-07,PROD-004,64,7365.026698752855
2025-04-08,PROD-004,58,8607.731573901172
2025-04-09,PROD-004,80,11244.880942387503
2025-04-10,PROD-004,67,6059.803116229894
2025-04-11,PROD-004,50,4665.546339704544
2025-04-12,PROD-004,34,4127.379774220233
2025-04-13,PROD-004,43,4801.522622749274
2025-04-14,PROD-004,83,10743.828287075445
2025-04-15,PROD-004,87,6109.32812463169
2025-04-16,PROD-004,88,3545.6953382170277
2025-04-17,PROD-004,59,4456.929104872223
2025-04-18,PROD-004,53,2304.352758985719
2025-04-19,PROD-004,49,6819.9533830487435
2025-04-20,PROD-004,46,1304.1748377531542
2025-04-21,PROD-004,67,9272.767177585607
2025-04-22,PROD-004,52,7527.855366560527
2025-04-23,PROD-004,57,6360.963107445947
2025-04-24,PROD-004,61,2386.4422089902114
2025-04-25,PROD-004,84,4705.314227983507
2025-04-26,PROD-004,52,6355.669653054124
2025-04-27,PROD-004,43,4884.712282948218
2025-04-28,PROD-004,87,7502.421066886967
2025-04-29,PROD-004,91,9758.912816272823
2025-04-30,PROD-004,59,1757.7606669592474
2025-05-01,PROD-004,76,6380.201563720354
2025-05-02,PROD-004,81,9803.811759813205
2025-05-03,PROD-004,50,4280.998023293979
2025-05-04,PROD-004,47,5483.668338091504
2025-05-05,PROD-004,56,3132.835249380808
2025-05-06,PROD-004,67,1732.2723552719488
2025-05-07,PROD-004,69,7262.027402168882
2025-05-08,PROD-004,85,12748.696234419964
2025-05-09,PROD-004,97,4905.820476688305
2025-05-10,PROD-004,52,4861.068980721211
2025-05-11,PROD-004,64,7747.766896301206
2025-05-12,PROD-004,89,10879.536274826938
2025-05-13,PROD-004,82,5505.708220052141
2025-05-14,PROD-004,93,2581.438460965328
2025-05-15,PROD-004,70,1852.3172651958216
2025-05-16,PROD-004,59,2247.673328651947
2025-05-17,PROD-004,64,8467.087210380105
2025-05-18,PROD-004,54,6802.694433461434
2025-05-19,PROD-004,77,9622.51470975102
2025-05-20,PROD-004,94,6944.28670764769
2025-05-21,PROD-004,73,8429.232221292299
2025-05-22,PROD-004,68,6611.672859462923
2025-05-23,PROD-004,95,9872.044663022385
2025-05-24,PROD-004,67,9606.051929809542
2025-05-25,PROD-004,43,5352.951733917977
2025-05-26,PROD-004,69,7165.37749776437
2025-05-27,PROD-004,92,7271.955282101266
2025-05-28,PROD-004,91,7489.11672586139
2025-05-29,PROD-004,76,4991.05284715874
2025-05-30,PROD-004,62,4487.532243429107
2025-05-31,PROD-004,46,6296.910722967935
2025-06-01,PROD-004,42,2831.6816897199733
2025-06-02,PROD-004,67,9477.105768889487
2025-06-03,PROD-004,66,6328.781116458185
2025-06-04,PROD-004,75,2323.8157147222896
2025-06-05,PROD-004,66,7031.280041153153
2025-06-06,PROD-004,77,6839.241598109596
2025-06-07,PROD-004,52,5815.821258651941
2025-06-08,PROD-004,73,5635.638865618902
2025-06-09,PROD-004,69,5926.03875237513
2025-06-10,PROD-004,81,10525.405865728777
2025-06-11,PROD-004,73,4827.187051794102
2025-06-12,PROD-004,102,11024.696210526694
2025-06-13,PROD-004,73,5917.859721651143
2025-06-14,PROD-004,44,3785.9824896380296
2025-06-15,PROD-004,53,4692.512734611084
2025-06-16,PROD-004,94,10947.441072309792
2025-06-17,PROD-004,89,7667.718500065996
2025-06-18,PROD-004,106,14351.124088372413
2025-06-19,PROD-004,82,3853.6463049308354
2025-06-20,PROD-004,97,12071.252853103155
2025-06-21,PROD-004,46,1875.7053712303627
2025-06-22,PROD-004,55,5773.461888388437
2025-06-23,PROD-004,83,8331.578456493433
2025-06-24,PROD-004,111,5638.101306714856
2025-06-25,PROD-004,79,8891.338362887973
2025-06-26,PROD-004,97,8766.689350629402
2025-06-27,PROD-004,76,10404.743418182923
2025-06-28,PROD-004,47,1931.858688920229
2025-06-29,PROD-004,48,4598.946743085618
2025-06-30,PROD-004,91,12219.79425493054
2025-07-01,PROD-004,91,10128.937727468714
2025-07-02,PROD-004,74,9096.625508178282
2025-07-03,PROD-004,121,15717.08913927561
2025-07-04,PROD-004,72,8077.324213392529
2025-07-05,PROD-004,53,4454.06181651142
2025-07-06,PROD-004,44,5324.946779228058
2025-07-07,PROD-004,76,8108.963558369455
2025-07-08,PROD-004,88,4981.061280463264
2025-07-09,PROD-004,108,8527.4856352393
2025-07-10,PROD-004,76,10586.383936160502
2025-07-11,PROD-004,93,3775.1668046241043
2025-07-12,PROD-004,53,4415.469258309766
2025-07-13,PROD-004,45,6694.718729189901
2025-07-14,PROD-004,97,9664.051726440252
2025-07-15,PROD-004,125,6124.371116578565
2025-07-16,PROD-004,71,6984.606054115554
2025-07-17,PROD-004,119,6483.121265828854
2025-07-18,PROD-004,87,6539.381390670524
2025-07-19,PROD-004,82,9854.69931686418
2025-07-20,PROD-004,76,11368.415800817476
2025-07-21,PROD-004,96,9037.176907814028
2025-07-22,PROD-004,74,3314.7217997481744
2025-07-23,PROD-004,113,14109.757010468451
2025-07-24,PROD-004,75,9071.271432901118
2025-07-25,PROD-004,118,4083.164686449626
2025-07-26,PROD-004,78,5037.63642296382
2025-07-27,PROD-004,56,5377.146849549665
2025-07-28,PROD-004,80,2166.6435253606046
2025-07-29,PROD-004,120,17373.918906044142
2025-07-30,PROD-004,102,14014.704679475532
2025-07-31,PROD-004,129,8168.434550956386
2025-08-01,PROD-004,104,9649.240108637148
2025-08-02,PROD-004,78,9384.785440062997
2025-08-03,PROD-004,57,7832.976810667445
2025-08-04,PROD-004,83,7563.874059761519
2025-08-05,PROD-004,85,3575.770121577732
2025-08-06,PROD-004,100,7436.755906054314
2025-08-07,PROD-004,89,11927.655944738457
2025-08-08,PROD-004,92,5244.341392119016
2025-08-09,PROD-004,68,6282.0741239054605
2025-08-10,PROD-004,57,4491.343233195817
2025-08-11,PROD-004,75,7470.729014433138
2025-08-12,PROD-004,108,8382.457673200548
2025-08-13,PROD-004,89,7188.990613724322
2025-08-14,PROD-004,113,11003.12084378357
2025-08-15,PROD-004,92,4380.673616276976
2025-08-16,PROD-004,61,6444.348026357606
2025-08-17,PROD-004,68,8810.0900803549
2025-08-18,PROD-004,112,11390.151781620052
2025-08-19,PROD-004,119,15719.839768854412
2025-08-20,PROD-004,93,13803.217233546633
2025-08-21,PROD-004,102,3678.438813171677
2025-08-22,PROD-004,124,8828.359835287643
2025-08-23,PROD-004,81,7535.364264907851
2025-08-24,PROD-004,52,5398.575905384299
2025-08-25,PROD-004,122,6515.6263405760465
2025-08-26,PROD-004,118,15412.497452932234
2025-08-27,PROD-004,123,5626.566150659422
2025-08-28,PROD-004,76,8702.586980112172
2025-08-29,PROD-004,76,4594.510124886549
2025-08-30,PROD-004,68,9537.272371634304
2025-08-31,PROD-004,82,8280.227001962865
2025-09-01,PROD-004,106,5294.478048102798
2025-09-02,PROD-004,124,13603.619434988792
2025-09-03,PROD-004,108,3137.9564837186335
2025-09-04,PROD-004,107,13525.560630424601
2025-09-05,PROD-004,131,7227.8659916060915
2025-09-06,PROD-004,51,3660.1523492280603
2025-09-07,PROD-004,56,4647.938741229605
2025-09-08,PROD-004,99,12480.709181113432
2025-09-09,PROD-004,104,4684.434815680468
2025-09-10,PROD-004,109,8473.72744360913
2025-09-11,PROD-004,106,6520.978239953796
2025-09-12,PROD-004,119,3648.4822087114467
2025-09-13,PROD-004,84,8570.208741400224
2025-09-14,PROD-004,53,3155.0611623739032
2025-09-15,PROD-004,89,12862.349463883502
2025-09-16,PROD-004,73,7794.843337703593
2025-09-17,PROD-004,86,9900.140158629058
2025-09-18,PROD-004,114,9803.917577313514
2025-09-19,PROD-004,120,14424.537466173637
2025-09-20,PROD-004,50,2408.5090284398343
2025-09-21,PROD-004,80,2123.8151066061423
2025-09-22,PROD-004,94,3972.2152910754758
2025-09-23,PROD-004,96,6977.407281778784
2025-09-24,PROD-004,84,9845.776565232598
2025-09-25,PROD-004,112,3241.9237310797344
2025-09-26,PROD-004,114,7757.329303489647
2025-09-27,PROD-004,76,8616.880178385865
2025-09-28,PROD-004,67,9245.30937946889
2025-09-29,PROD-004,104,5763.391331602368
2025-09-30,PROD-004,96,8812.883411560393
2025-10-01,PROD-004,130,4848.445921142504
2025-10-02,PROD-004,118,8989.921791540428
2025-10-03,PROD-004,84,5462.303792820042
2025-10-04,PROD-004,49,1898.7053495660402
2025-10-05,PROD-004,49,6063.173322529298
2025-10-06,PROD-004,96,8871.483452847007
2025-10-07,PROD-004,130,8528.617441225604
2025-10-08,PROD-004,107,7935.177617517718
2025-10-09,PROD-004,95,13370.14199119514
2025-10-10,PROD-004,101,3271.956374246418
2025-10-11,PROD-004,48,4882.207537991689
2025-10-12,PROD-004,76,8446.535168447388
2025-10-13,PROD-004,89,3278.6131496371763
2025-10-14,PROD-004,106,3388.1366801662125
2025-10-15,PROD-004,78,4512.673602292656
2025-10-16,PROD-004,74,5312.779168175101
2025-10-17,PROD-004,113,3619.278357397176
2025-10-18,PROD-004,45,4878.441576367357
2025-10-19,PROD-004,74,4151.57891658493
2025-10-20,PROD-004,117,17249.17576121387
2025-10-21,PROD-004,95,2923.6920517738145
2025-10-22,PROD-004,112,7280.331791941115
2025-10-23,PROD-004,124,10789.721648319828
2025-10-24,PROD-004,127,9774.41650581854
2025-10-25,PROD-004,44,4374.222316897359
2025-10-26,PROD-004,49,2217.813822438675
2025-10-27,PROD-004,104,9614.039342487245
2025-10-28,PROD-004,104,7915.00589333619
2025-10-29,PROD-004,124,13762.066165510201
2025-10-30,PROD-004,96,9100.342915934583
2025-10-31,PROD-004,95,10664.550405134421
2025-11-01,PROD-004,53,1339.9995830680218
2025-11-02,PROD-004,77,9991.149102616595
2025-11-03,PROD-004,118,13234.777153097517
2025-11-04,PROD-004,72,2609.97292456957
2025-11-05,PROD-004,108,5030.608364385849
2025-11-06,PROD-004,70,5966.959933065765
2025-11-07,PROD-004,96,12772.432740748365
2025-11-08,PROD-004,58,5897.791359311787
2025-11-09,PROD-004,64,6992.65341649573
2025-11-10,PROD-004,116,11010.925395250331
2025-11-11,PROD-004,69,1753.7118917612543
2025-11-12,PROD-004,82,5281.346094393908
2025-11-13,PROD-004,101,4696.693879054634
2025-11-14,PROD-004,94,9161.767547634332
2025-11-15,PROD-004,53,3211.502656799826
2025-11-16,PROD-004,56,6468.237447287661
2025-11-17,PROD-004,109,9027.770330588313
2025-11-18,PROD-004,105,11483.990784699683
2025-11-19,PROD-004,91,9132.720044010714
2025-11-20,PROD-004,116,10921.424474267962
2025-11-21,PROD-004,80,4880.145724100173
2025-11-22,PROD-004,66,2198.849932263427
2025-11-23,PROD-004,44,1621.557134295549
2025-11-24,PROD-004,93,8582.324083154985
2025-11-25,PROD-004,99,10386.336782980912
2025-11-26,PROD-004,77,10118.703525513078
2025-11-27,PROD-004,74,3078.8997342092143
2025-11-28,PROD-004,65,3725.243459838153
2025-11-29,PROD-004,45,5564.589223814241
2025-11-30,PROD-004,54,4039.123877436847
2025-12-01,PROD-004,61,4332.864395886049
2025-12-02,PROD-004,85,7340.05588375566
2025-12-03,PROD-004,107,7766.4235094571995
2025-12-04,PROD-004,74,3726.595857212396
2025-12-05,PROD-004,79,3398.4687700697086
2025-12-06,PROD-004,45,4995.995276186392
2025-12-07,PROD-004,66,9482.88305482674
2025-12-08,PROD-004,83,11246.566403431449
2025-12-09,PROD-004,97,6113.3587308183
2025-12-10,PROD-004,98,3637.3416647784643
2025-12-11,PROD-004,100,2571.934959821571
2025-12-12,PROD-004,86,7971.039679919817
2025-12-13,PROD-004,50,4282.4450885031365
2025-12-14,PROD-004,39,4537.208713870523
2025-12-15,PROD-004,76,8643.338113036065
2025-12-16,PROD-004,100,11915.464727725817
2025-12-17,PROD-004,85,6857.306650760275
2025-12-18,PROD-004,102,9601.310360280208
2025-12-19,PROD-004,57,7206.53247797757
2025-12-20,PROD-004,53,5831.2127876380855
2025-12-21,PROD-004,66,4414.113043997546
2025-12-22,PROD-004,98,7268.074978900201
2025-12-23,PROD-004,83,2827.3013614496467
2025-12-24,PROD-004,100,11478.401984818775
2025-12-25,PROD-004,95,3322.7896558304005
2025-12-26,PROD-004,91,9145.106320773217
2025-12-27,PROD-004,48,5806.026499266169
2025-12-28,PROD-004,37,2352.9081849622426
2025-12-29,PROD-004,68,3168.2471097694365
2025-12-30,PROD-004,62,8839.514998573126
2025-12-31,PROD-004,74,8277.5530667798
2026-01-01,PROD-004,94,4047.162001894699
2026-01-02,PROD-004,70,7201.007718492207
2026-01-03,PROD-004,57,3459.3510986700685
2026-01-04,PROD-004,35,5009.964933823216
2026-01-05,PROD-004,71,6946.714792217582
2026-01-06,PROD-004,80,8313.613943720531
2026-01-07,PROD-004,98,14013.801717055898
2026-01-08,PROD-004,69,6294.331581593608
2026-01-09,PROD-004,96,4945.289085138111
2026-01-10,PROD-004,35,2293.196968679942
2026-01-11,PROD-004,39,2372.1637646841587
2026-01-12,PROD-004,72,2369.0902879868604
2026-01-13,PROD-004,93,10136.511203265982
2026-01-14,PROD-004,69,10071.953364005842
2026-01-15,PROD-004,67,6812.383267698027
2026-01-16,PROD-004,81,10683.84577662337
2026-01-17,PROD-004,54,4849.839545149683
2026-01-18,PROD-004,45,6416.46479213403
2026-01-19,PROD-004,94,9810.019116788031
2026-01-20,PROD-004,53,1876.7728427443537
2026-01-21,PROD-004,71,4918.680481632722
2026-01-22,PROD-004,86,9744.980904412627
2026-01-23,PROD-004,94,9614.791997801902
2026-01-24,PROD-004,47,3789.639007664187
2026-01-25,PROD-004,32,2557.519624937805
2026-01-26,PROD-004,75,4260.40674765651
2026-01-27,PROD-004,78,2193.690212373216
2026-01-28,PROD-004,55,7561.021624168936
2026-01-29,PROD-004,61,5765.960758655348
2026-01-30,PROD-004,63,7279.711540185091
2026-01-31,PROD-004,51,4545.316956600322
2026-02-01,PROD-004,51,6676.162854785655
2026-02-02,PROD-004,51,2366.0969838525702
2026-02-03,PROD-004,90,8522.923105741775
2026-02-04,PROD-004,91,11047.465060861803
2026-02-05,PROD-004,57,6408.808636455406
2026-02-06,PROD-004,64,8956.55477842611
2026-02-07,PROD-004,37,4049.327603938694
2026-02-08,PROD-004,55,4894.962867893532
2026-02-09,PROD-004,59,8131.15377759233
2026-02-10,PROD-004,75,2371.2608960091384
2026-02-11,PROD-004,87,4484.043843439673
2026-02-12,PROD-004,70,7984.2629832304
2026-02-13,PROD-004,90,4335.460354211252
2021-02-14,PROD-005,38,4272.341584765363
2021-02-15,PROD-005,51,6228.849397321337
2021-02-16,PROD-005,61,3541.5756059383148
2021-02-17,PROD-005,45,2729.797036489625
2021-02-18,PROD-005,55,6467.496500582701
2021-02-19,PROD-005,68,4090.4928293277776
2021-02-20,PROD-005,26,751.3672804426559
2021-02-21,PROD-005,45,4124.005906846469
2021-02-22,PROD-005,63,3337.547911480133
2021-02-23,PROD-005,57,7141.371869512328
2021-02-24,PROD-005,63,4367.0588885565585
2021-02-25,PROD-005,67,5698.108206394978
2021-02-26,PROD-005,64,2018.5288209234175
2021-02-27,PROD-005,31,4291.394918829859
2021-02-28,PROD-005,46,4272.541754197186
2021-03-01,PROD-005,72,4721.272707776403
2021-03-02,PROD-005,59,5843.339521975511
2021-03-03,PROD-005,67,5375.64904346464
2021-03-04,PROD-005,43,3454.037113837978
2021-03-05,PROD-005,43,2995.3329074058643
2021-03-06,PROD-005,42,3499.1901247549067
2021-03-07,PROD-005,27,1500.4924242230609
2021-03-08,PROD-005,40,2346.2399794875255
2021-03-09,PROD-005,64,9249.42638158036
2021-03-10,PROD-005,43,5806.099559773656
2021-03-11,PROD-005,55,1390.240379905013
2021-03-12,PROD-005,75,4922.651514662316
2021-03-13,PROD-005,46,5091.975908001197
2021-03-14,PROD-005,34,1759.9959662186984
2021-03-15,PROD-005,75,7963.716634154058
2021-03-16,PROD-005,57,1691.6266689143488
2021-03-17,PROD-005,56,1925.2959202210727
2021-03-18,PROD-005,67,3445.7465839463553
2021-03-19,PROD-005,60,6308.507014493636
2021-03-20,PROD-005,40,5117.91069318365
2021-03-21,PROD-005,34,2486.637510074222
2021-03-22,PROD-005,75,3080.809425346518
2021-03-23,PROD-005,48,1783.195654428431
2021-03-24,PROD-005,74,7905.425437233845
2021-03-25,PROD-005,76,2697.7772274081817
2021-03-26,PROD-005,71,7192.938282860996
2021-03-27,PROD-005,40,4098.163514323594
2021-03-28,PROD-005,43,2207.855364598198
2021-03-29,PROD-005,60,3391.4200283976884
2021-03-30,PROD-005,70,10025.966348369519
2021-03-31,PROD-005,72,5769.51144332622
2021-04-01,PROD-005,53,3410.9814196537213
2021-04-02,PROD-005,56,5385.734914899895
2021-04-03,PROD-005,45,6139.972139813425
2021-04-04,PROD-005,29,899.3803265382749
2021-04-05,PROD-005,79,7748.168231769683
2021-04-06,PROD-005,47,3930.8241986433436
2021-04-07,PROD-005,70,5650.603955617178
2021-04-08,PROD-005,80,2682.6365011918047
2021-04-09,PROD-005,47,1199.9453326719445
2021-04-10,PROD-005,32,1996.7174571386904
2021-04-11,PROD-005,38,5496.5565446691835
2021-04-12,PROD-005,48,5826.028556228954
2021-04-13,PROD-005,77,10321.501300688058
2021-04-14,PROD-005,82,3482.4430714841765
2021-04-15,PROD-005,59,4212.492527741817
2021-04-16,PROD-005,76,5279.327175633102
2021-04-17,PROD-005,35,1418.7955052138132
2021-04-18,PROD-005,32,1897.5679289702946
2021-04-19,PROD-005,77,10470.452140064343
2021-04-20,PROD-005,58,5533.031460294126
2021-04-21,PROD-005,69,9405.229260561333
2021-04-22,PROD-005,54,4092.171307555714
2021-04-23,PROD-005,59,8773.223850208764
2021-04-24,PROD-005,52,3068.4732935395136
2021-04-25,PROD-005,44,2412.3694638594575
2021-04-26,PROD-005,76,9673.033913666635
2021-04-27,PROD-005,61,6889.74401804281
2021-04-28,PROD-005,62,2809.8801333987794
2021-04-29,PROD-005,55,7951.111872721642
2021-04-30,PROD-005,50,4010.7113529954318
2021-05-01,PROD-005,57,7923.829969320887
2021-05-02,PROD-005,48,3810.809314021994
2021-05-03,PROD-005,67,9186.458559620221
2021-05-04,PROD-005,61,2028.27523115385
2021-05-05,PROD-005,65,5328.678902368905
2021-05-06,PROD-005,54,5652.8239753891685
2021-05-07,PROD-005,76,3173.768774099606
2021-05-08,PROD-005,34,2725.472097479082
2021-05-09,PROD-005,36,2913.3236183254535
2021-05-10,PROD-005,65,4962.99971523826
2021-05-11,PROD-005,81,3555.9888211529405
2021-05-12,PROD-005,83,7066.473103740286
2021-05-13,PROD-005,76,9461.147086939362
2021-05-14,PROD-005,86,11322.04033629826
2021-05-15,PROD-005,35,1741.0170049735116
2021-05-16,PROD-005,33,952.1954405929592
2021-05-17,PROD-005,89,9963.822731794611
2021-05-18,PROD-005,53,4427.389556812427
2021-05-19,PROD-005,92,8158.30835822678
2021-05-20,PROD-005,88,7087.727996608852
2021-05-21,PROD-005,69,8609.129186338096
2021-05-22,PROD-005,59,5927.682700033115
2021-05-23,PROD-005,37,2166.539703690299
2021-05-24,PROD-005,79,5268.178516675403
2021-05-25,PROD-005,92,11101.776296595766
2021-05-26,PROD-005,88,8253.650011996455
2021-05-27,PROD-005,86,9112.419531572497
2021-05-28,PROD-005,75,10749.726544234047
2021-05-29,PROD-005,37,1503.1101596899264
2021-05-30,PROD-005,50,3941.7488472776076
2021-05-31,PROD-005,84,5803.252912865242
2021-06-01,PROD-005,85,5138.013048815638
2021-06-02,PROD-005,92,11846.1251168808
2021-06-03,PROD-005,57,6823.42283977215
2021-06-04,PROD-005,91,3284.708565550117
2021-06-05,PROD-005,36,1846.8200350484944
2021-06-06,PROD-005,44,1920.2196387289591
2021-06-07,PROD-005,71,8478.668579324889
2021-06-08,PROD-005,93,11969.034695687222
2021-06-09,PROD-005,74,3713.8980676015876
2021-06-10,PROD-005,77,2747.481945917064
2021-06-11,PROD-005,94,10008.5015839874
2021-06-12,PROD-005,52,2178.5832053944914
2021-06-13,PROD-005,51,2059.101102652416
2021-06-14,PROD-005,91,6423.101976017742
2021-06-15,PROD-005,86,7030.526704583955
2021-06-16,PROD-005,61,3407.6688359517334
2021-06-17,PROD-005,100,7928.925034622545
2021-06-18,PROD-005,87,4908.994221985525
2021-06-19,PROD-005,42,2026.037240232373
2021-06-20,PROD-005,59,4237.766503764909
2021-06-21,PROD-005,97,9916.700284658265
2021-06-22,PROD-005,95,9510.5537323648
2021-06-23,PROD-005,89,10788.961601262574
2021-06-24,PROD-005,76,10732.477013877207
2021-06-25,PROD-005,111,10622.408551054403
2021-06-26,PROD-005,67,6498.446864462126
2021-06-27,PROD-005,55,2957.971529142991
2021-06-28,PROD-005,103,3213.023339669922
2021-06-29,PROD-005,78,4607.835365368345
2021-06-30,PROD-005,101,14229.81410373095
2021-07-01,PROD-005,80,2295.5096045823557
2021-07-02,PROD-005,68,5153.397115364412
2021-07-03,PROD-005,59,3736.8157331792954
2021-07-04,PROD-005,44,5849.220528284452
2021-07-05,PROD-005,118,7719.4257223797285
2021-07-06,PROD-005,95,8623.750528376411
2021-07-07,PROD-005,111,5250.915761902923
2021-07-08,PROD-005,67,8831.003917766671
2021-07-09,PROD-005,68,9083.776058279991
2021-07-10,PROD-005,56,4753.008930901715
2021-07-11,PROD-005,65,3766.2155868241784
2021-07-12,PROD-005,119,10545.086005785448
2021-07-13,PROD-005,75,10209.575893293782
2021-07-14,PROD-005,82,12131.73809798199
2021-07-15,PROD-005,72,7576.351765419854
2021-07-16,PROD-005,92,7061.130407806139
2021-07-17,PROD-005,45,4721.1142543891865
2021-07-18,PROD-005,49,5572.290340998887
2021-07-19,PROD-005,76,6484.454218437492
2021-07-20,PROD-005,105,10304.184135792444
2021-07-21,PROD-005,122,11407.76861975601
2021-07-22,PROD-005,87,8585.050702452341
2021-07-23,PROD-005,75,9321.142420364746
2021-07-24,PROD-005,52,2145.6378388122894
2021-07-25,PROD-005,53,6120.873817948668
2021-07-26,PROD-005,84,2309.874992010771
2021-07-27,PROD-005,120,17807.318017846952
2021-07-28,PROD-005,79,3827.62084044365
2021-07-29,PROD-005,81,10990.203980112052
2021-07-30,PROD-005,122,5453.231277512411
2021-07-31,PROD-005,61,3535.0744830386575
2021-08-01,PROD-005,51,2931.5458635339633
2021-08-02,PROD-005,127,3513.7132627809146
2021-08-03,PROD-005,80,2402.2516265632325
2021-08-04,PROD-005,96,11092.793802922071
2021-08-05,PROD-005,75,8771.350223298647
2021-08-06,PROD-005,94,3962.668036252838
2021-08-07,PROD-005,71,2191.3515470345033
2021-08-08,PROD-005,71,7823.392843811211
2021-08-09,PROD-005,110,11503.964123862506
2021-08-10,PROD-005,82,10502.863616069075
2021-08-11,PROD-005,113,11836.787668822839
2021-08-12,PROD-005,119,9408.490372238128
2021-08-13,PROD-005,102,3961.60170737434
2021-08-14,PROD-005,50,3656.9566142635254
2021-08-15,PROD-005,49,3936.379593227666
2021-08-16,PROD-005,100,6540.354295236886
2021-08-17,PROD-005,122,10368.489679563338
2021-08-18,PROD-005,83,5951.002580115964
2021-08-19,PROD-005,85,6561.2745144386145
2021-08-20,PROD-005,96,4628.586267075217
2021-08-21,PROD-005,45,4062.7696786033375
2021-08-22,PROD-005,80,9102.977428748807
2021-08-23,PROD-005,96,7834.1310799443045
2021-08-24,PROD-005,113,11806.506190740349
2021-08-25,PROD-005,105,15160.117228462095
2021-08-26,PROD-005,117,16106.490998011845
2021-08-27,PROD-005,84,2847.9489582440583
2021-08-28,PROD-005,58,1471.6735650899732
2021-08-29,PROD-005,77,9587.943484124025
2021-08-30,PROD-005,114,4692.384004435485
2021-08-31,PROD-005,126,4680.041283799757
2021-09-01,PROD-005,105,13613.206720557078
2021-09-02,PROD-005,87,10777.426939468809
2021-09-03,PROD-005,123,15797.470146723419
2021-09-04,PROD-005,73,6121.633065582663
2021-09-05,PROD-005,60,3439.97200791908
2021-09-06,PROD-005,85,3800.2970026024514
2021-09-07,PROD-005,107,15383.748022708902
2021-09-08,PROD-005,113,12086.004161873894
2021-09-09,PROD-005,105,4407.1086455176555
2021-09-10,PROD-005,110,11642.240212216533
2021-09-11,PROD-005,68,9696.660213845491
2021-09-12,PROD-005,80,8954.824614765723
2021-09-13,PROD-005,72,6787.613941498581
2021-09-14,PROD-005,113,11759.341266819178
2021-09-15,PROD-005,108,15744.285702048257
2021-09-16,PROD-005,93,2900.200862265575
2021-09-17,PROD-005,110,3536.969693554516
2021-09-18,PROD-005,70,5413.574774356938
2021-09-19,PROD-005,71,8248.975936937797
2021-09-20,PROD-005,84,5869.0718182118335
2021-09-21,PROD-005,106,12264.784114575405
2021-09-22,PROD-005,102,15153.491378471363
2021-09-23,PROD-005,112,7044.8864420306045
2021-09-24,PROD-005,123,12872.343875747434
2021-09-25,PROD-005,79,7070.272152408667
2021-09-26,PROD-005,78,3827.4193825300777
2021-09-27,PROD-005,129,12736.827288394768
2021-09-28,PROD-005,124,10807.418737106884
2021-09-29,PROD-005,111,13229.276280621394
2021-09-30,PROD-005,100,11960.355507734535
2021-10-01,PROD-005,93,7929.2614111398925
2021-10-02,PROD-005,69,2280.6902897181644
2021-10-03,PROD-005,57,6452.080175859165
2021-10-04,PROD-005,78,5455.804798555306
2021-10-05,PROD-005,74,6756.9190227483
2021-10-06,PROD-005,99,9299.374866617345
2021-10-07,PROD-005,77,9888.48344117623
2021-10-08,PROD-005,104,8776.825862874948
2021-10-09,PROD-005,55,1521.640342703879
2021-10-10,PROD-005,67,7765.352926093875
2021-10-11,PROD-005,113,15605.635387282582
2021-10-12,PROD-005,87,2931.6644699712933
2021-10-13,PROD-005,72,4297.65613785891
2021-10-14,PROD-005,110,10946.514017381412
2021-10-15,PROD-005,74,10868.66749040105
2021-10-16,PROD-005,49,4711.82375771035
2021-10-17,PROD-005,73,3683.3283585843164
2021-10-18,PROD-005,79,3398.5490851071886
2021-10-19,PROD-005,74,6131.172757218081
2021-10-20,PROD-005,86,5629.980796664049
2021-10-21,PROD-005,70,8229.8505167799
2021-10-22,PROD-005,97,6518.659894087473
2021-10-23,PROD-005,49,5438.97312907255
2021-10-24,PROD-005,48,2954.045082761893
2021-10-25,PROD-005,108,13096.28136053052
2021-10-26,PROD-005,71,3164.60846590769
2021-10-27,PROD-005,97,9490.92305900014
2021-10-28,PROD-005,74,3109.371382483755
2021-10-29,PROD-005,89,4800.565299710105
2021-10-30,PROD-005,45,3673.695581858173
2021-10-31,PROD-005,71,8024.056341201168
2021-11-01,PROD-005,73,5756.195190049318
2021-11-02,PROD-005,82,6281.064558440554
2021-11-03,PROD-005,98,12234.5834417866
2021-11-04,PROD-005,108,9173.710460053173
2021-11-05,PROD-005,93,9262.250909314798
2021-11-06,PROD-005,70,3801.0192445712255
2021-11-07,PROD-005,48,7170.525946546528
2021-11-08,PROD-005,107,11556.121202338245
2021-11-09,PROD-005,115,7358.553679220176
2021-11-10,PROD-005,88,4385.032224491438
2021-11-11,PROD-005,107,6605.6670812259945
2021-11-12,PROD-005,75,6523.181590449118
2021-11-13,PROD-005,72,5364.012857070798
2021-11-14,PROD-005,47,6519.429291200874
2021-11-15,PROD-005,105,10043.598238892846
2021-11-16,PROD-005,69,4269.827498517296
2021-11-17,PROD-005,97,4399.206616753725
2021-11-18,PROD-005,81,3114.531802345088
2021-11-19,PROD-005,104,13196.073090401182
2021-11-20,PROD-005,62,7067.690763969996
2021-11-21,PROD-005,68,9697.121364681218
2021-11-22,PROD-005,100,8355.136783596254
2021-11-23,PROD-005,97,5622.1254289873605
2021-11-24,PROD-005,75,7784.797903985327
2021-11-25,PROD-005,79,11241.879283245042
2021-11-26,PROD-005,71,4487.740007047035
2021-11-27,PROD-005,53,2072.7160838401082
2021-11-28,PROD-005,42,4627.2463878247645
2021-11-29,PROD-005,98,13903.57487787549
2021-11-30,PROD-005,64,5909.309677019418
2021-12-01,PROD-005,95,4916.494607600557
2021-12-02,PROD-005,70,1930.6703361878199
2021-12-03,PROD-005,101,15044.781114835849
2021-12-04,PROD-005,60,2677.836777947742
2021-12-05,PROD-005,59,1611.3656361413805
2021-12-06,PROD-005,61,6805.866418402702
2021-12-07,PROD-005,60,2687.1960914781803
2021-12-08,PROD-005,60,5197.649068640277
2021-12-09,PROD-005,63,4652.538021129115
2021-12-10,PROD-005,82,5367.79097530612
2021-12-11,PROD-005,45,1575.758798079245
2021-12-12,PROD-005,52,3705.7493885389495
2021-12-13,PROD-005,81,3395.7751334107743
2021-12-14,PROD-005,84,8067.1052892014695
2021-12-15,PROD-005,84,4875.148532351753
2021-12-16,PROD-005,63,2419.7603975146117
2021-12-17,PROD-005,60,4361.555508528771
2021-12-18,PROD-005,46,5892.33217826524
2021-12-19,PROD-005,37,3563.8387659990617
2021-12-20,PROD-005,58,3206.019601795041
2021-12-21,PROD-005,87,8013.444450841441
2021-12-22,PROD-005,67,5078.529066772725
2021-12-23,PROD-005,60,1534.2309253323085
2021-12-24,PROD-005,88,4901.855511271967
2021-12-25,PROD-005,60,4302.264880690911
2021-12-26,PROD-005,43,4987.786825627442
2021-12-27,PROD-005,67,1952.6071584054764
2021-12-28,PROD-005,66,7425.215220187446
2021-12-29,PROD-005,59,6920.32092454122
2021-12-30,PROD-005,59,1878.7071529984742
2021-12-31,PROD-005,89,10465.824031656999
2022-01-01,PROD-005,44,1942.4513354838302
2022-01-02,PROD-005,32,2779.173220590057
2022-01-03,PROD-005,68,3062.4565738147035
2022-01-04,PROD-005,53,1477.6673283186085
2022-01-05,PROD-005,77,8406.473498337813
2022-01-06,PROD-005,78,4551.629332772944
2022-01-07,PROD-005,55,3678.219364107871
2022-01-08,PROD-005,40,5466.133975507544
2022-01-09,PROD-005,40,5926.628001715671
2022-01-10,PROD-005,51,4369.224255439498
2022-01-11,PROD-005,53,4535.703806705468
2022-01-12,PROD-005,80,2422.7971863998782
2022-01-13,PROD-005,80,2498.580334038334
2022-01-14,PROD-005,80,3706.4895018284346
2022-01-15,PROD-005,46,5743.976151186889
2022-01-16,PROD-005,39,3879.52346769605
2022-01-17,PROD-005,61,9120.394476385016
2022-01-18,PROD-005,71,5050.375008416187
2022-01-19,PROD-005,70,8990.80017717345
2022-01-20,PROD-005,49,4541.159783485596
2022-01-21,PROD-005,69,7678.256290719141
2022-01-22,PROD-005,42,3816.1929354747363
2022-01-23,PROD-005,35,1939.667743805481
2022-01-24,PROD-005,67,3600.045750723063
2022-01-25,PROD-005,48,3554.488276425798
2022-01-26,PROD-005,58,8327.047782580208
2022-01-27,PROD-005,52,6374.145351844416
2022-01-28,PROD-005,69,1760.0597666698634
2022-01-29,PROD-005,38,1090.0602962283951
2022-01-30,PROD-005,31,4211.861082076904
2022-01-31,PROD-005,58,8243.314963743418
2022-02-01,PROD-005,55,1878.052999634359
2022-02-02,PROD-005,68,5074.017432725862
2022-02-03,PROD-005,66,6376.014026333915
2022-02-04,PROD-005,76,3276.686251199272
2022-02-05,PROD-005,50,4884.704966819819
2022-02-06,PROD-005,38,2384.8097256710403
2022-02-07,PROD-005,72,3874.0892250713164
2022-02-08,PROD-005,66,5294.044830939226
2022-02-09,PROD-005,77,4804.042050441787
2022-02-10,PROD-005,75,6919.523312186185
2022-02-11,PROD-005,73,9069.825637745455
2022-02-12,PROD-005,48,1516.3826094082692
2022-02-13,PROD-005,40,3468.6870057827878
2022-02-14,PROD-005,66,4787.0737269425335
2022-02-15,PROD-005,81,5424.623086417422
2022-02-16,PROD-005,50,3304.553333612696
2022-02-17,PROD-005,54,2666.45456539501
2022-02-18,PROD-005,60,6603.18298742835
2022-02-19,PROD-005,39,4393.30105790382
2022-02-20,PROD-005,46,3994.9942833345735
2022-02-21,PROD-005,76,4628.195277063878
2022-02-22,PROD-005,58,6697.839460256409
2022-02-23,PROD-005,80,9270.905918941857
2022-02-24,PROD-005,52,7568.719134821158
2022-02-25,PROD-005,65,5108.813582954599
2022-02-26,PROD-005,33,2637.1699175448784
2022-02-27,PROD-005,36,3750.014430545372
2022-02-28,PROD-005,76,6406.420053013469
2022-03-01,PROD-005,60,7708.047838015615
2022-03-02,PROD-005,65,6287.404348509991
2022-03-03,PROD-005,44,3584.6448772319686
2022-03-04,PROD-005,48,4418.668290537941
2022-03-05,PROD-005,39,3161.3561814614927
2022-03-06,PROD-005,35,4962.364403041498
2022-03-07,PROD-005,76,9551.395901289261
2022-03-08,PROD-005,47,3982.0806822484324
2022-03-09,PROD-005,47,2373.807476492324
2022-03-10,PROD-005,80,6692.644633494651
2022-03-11,PROD-005,71,5023.492154143858
2022-03-12,PROD-005,39,5219.822415169741
2022-03-13,PROD-005,33,2996.485452835819
2022-03-14,PROD-005,50,4617.660441646326
2022-03-15,PROD-005,61,3935.3397188176928
2022-03-16,PROD-005,54,3936.1605678243386
2022-03-17,PROD-005,49,7056.50723990407
2022-03-18,PROD-005,64,4171.784764183551
2022-03-19,PROD-005,31,4521.345904667222
2022-03-20,PROD-005,53,4624.834335958164
2022-03-21,PROD-005,47,1322.490926905681
2022-03-22,PROD-005,80,3720.5905022182733
2022-03-23,PROD-005,85,9598.504116812554
2022-03-24,PROD-005,52,3192.3090746417247
2022-03-25,PROD-005,50,3406.6490757152396
2022-03-26,PROD-005,40,4817.149936524366
2022-03-27,PROD-005,38,4065.472909550555
2022-03-28,PROD-005,48,7102.2835780299
2022-03-29,PROD-005,60,5032.402035980331
2022-03-30,PROD-005,51,6226.888456612701
2022-03-31,PROD-005,83,10869.12941672826
2022-04-01,PROD-005,76,6859.500904850553
2022-04-02,PROD-005,44,2223.5096828881547
2022-04-03,PROD-005,35,3613.543490573609
2022-04-04,PROD-005,57,7182.582848995659
2022-04-05,PROD-005,80,8806.782471510203
2022-04-06,PROD-005,56,6822.169426050532
2022-04-07,PROD-005,84,4639.073120366985
2022-04-08,PROD-005,83,7061.157568595382
2022-04-09,PROD-005,33,2555.2394422968664
2022-04-10,PROD-005,44,2534.5749847218435
2022-04-11,PROD-005,87,10212.698385311567
2022-04-12,PROD-005,52,5572.37577628621
2022-04-13,PROD-005,82,10743.4896377911
2022-04-14,PROD-005,74,4721.5985377225925
2022-04-15,PROD-005,88,12952.847455648185
2022-04-16,PROD-005,47,1875.3529759968815
2022-04-17,PROD-005,57,6885.128509988865
2022-04-18,PROD-005,74,6734.585811130294
2022-04-19,PROD-005,57,3361.7764086297298
2022-04-20,PROD-005,67,5502.975387616828
2022-04-21,PROD-005,68,7288.302437351334
2022-04-22,PROD-005,70,9933.887801604336
2022-04-23,PROD-005,38,3926.4201482408057
2022-04-24,PROD-005,46,2211.071308138597
2022-04-25,PROD-005,63,5697.44284902863
2022-04-26,PROD-005,78,8606.410048484864
2022-04-27,PROD-005,77,9249.633348467627
2022-04-28,PROD-005,83,6561.4376523801875
2022-04-29,PROD-005,90,11021.80372454803
2022-04-30,PROD-005,39,5158.431323625157
2022-05-01,PROD-005,34,2183.4353999362697
2022-05-02,PROD-005,85,11067.420073977974
2022-05-03,PROD-005,83,6139.320516136075
2022-05-04,PROD-005,66,6723.233569233069
2022-05-05,PROD-005,81,10177.241683678956
2022-05-06,PROD-005,61,6016.3206748077055
2022-05-07,PROD-005,36,2239.742603294665
2022-05-08,PROD-005,36,4139.813688318355
2022-05-09,PROD-005,78,8649.741117366702
2022-05-10,PROD-005,75,5531.7420724402045
2022-05-11,PROD-005,55,2139.7126545785104
2022-05-12,PROD-005,59,2412.770401815698
2022-05-13,PROD-005,83,11287.059112399113
2022-05-14,PROD-005,57,1588.0108385277442
2022-05-15,PROD-005,56,3861.552119378926
2022-05-16,PROD-005,60,3110.2002952292023
2022-05-17,PROD-005,72,3724.5115194903224
2022-05-18,PROD-005,67,4150.450341180813
2022-05-19,PROD-005,85,2611.2319960918157
2022-05-20,PROD-005,94,7634.329092531821
2022-05-21,PROD-005,45,2326.3532293923336
2022-05-22,PROD-005,48,6760.091261607941
2022-05-23,PROD-005,88,7657.328696786246
2022-05-24,PROD-005,75,3995.1545214449993
2022-05-25,PROD-005,60,8187.780062425052
2022-05-26,PROD-005,83,6512.967310227297
2022-05-27,PROD-005,76,8032.8668988289355
2022-05-28,PROD-005,50,4090.7099379987912
2022-05-29,PROD-005,50,1608.4198083810218
2022-05-30,PROD-005,101,5195.828614658531
2022-05-31,PROD-005,103,14609.523588273527
2022-06-01,PROD-005,81,4823.682141922821
2022-06-02,PROD-005,109,4176.579607016563
2022-06-03,PROD-005,107,8020.263287410304
2022-06-04,PROD-005,44,6359.002214652909
2022-06-05,PROD-005,43,6292.512012444691
2022-06-06,PROD-005,81,8752.766939757297
2022-06-07,PROD-005,72,6174.487123422041
2022-06-08,PROD-005,115,15810.778386404481
2022-06-09,PROD-005,97,13461.042935950582
2022-06-10,PROD-005,104,14059.553840524477
2022-06-11,PROD-005,74,3086.075274025673
2022-06-12,PROD-005,71,4825.064792360139
2022-06-13,PROD-005,70,9041.818767139628
2022-06-14,PROD-005,93,5239.477096839475
2022-06-15,PROD-005,75,8247.788339841649
2022-06-16,PROD-005,81,8090.229014979412
2022-06-17,PROD-005,79,3908.5529573386043
2022-06-18,PROD-005,73,6495.373197000872
2022-06-19,PROD-005,53,7112.292124312064
2022-06-20,PROD-005,85,3839.901091649854
2022-06-21,PROD-005,70,7198.258019673632
2022-06-22,PROD-005,82,6407.305777037461
2022-06-23,PROD-005,79,3115.9915989374144
2022-06-24,PROD-005,97,7688.996948944241
2022-06-25,PROD-005,77,8306.40981871999
2022-06-26,PROD-005,48,2885.898664094477
2022-06-27,PROD-005,83,2406.261694943825
2022-06-28,PROD-005,81,2570.1926844774357
2022-06-29,PROD-005,77,2112.297889439712
2022-06-30,PROD-005,72,6586.450343773134
2022-07-01,PROD-005,126,14556.814648439717
2022-07-02,PROD-005,49,2164.5812994455173
2022-07-03,PROD-005,76,3238.774964381111
2022-07-04,PROD-005,106,4470.908859548784
2022-07-05,PROD-005,93,8518.987544276857
2022-07-06,PROD-005,90,6035.186075042705
2022-07-07,PROD-005,127,14415.972336639106
2022-07-08,PROD-005,99,11640.158534339982
2022-07-09,PROD-005,73,2978.6227529427742
2022-07-10,PROD-005,64,2608.0497686451845
2022-07-11,PROD-005,105,15083.313191541974
2022-07-12,PROD-005,80,10447.012960784905
2022-07-13,PROD-005,122,7155.924651081837
2022-07-14,PROD-005,102,11768.101896354065
2022-07-15,PROD-005,75,6976.409158255448
2022-07-16,PROD-005,67,7247.964202168511
2022-07-17,PROD-005,58,5956.904578006299
2022-07-18,PROD-005,100,10501.681246997374
2022-07-19,PROD-005,111,13934.93443231636
2022-07-20,PROD-005,109,9216.411058930931
2022-07-21,PROD-005,102,7933.543046466303
2022-07-22,PROD-005,88,10905.329923900923
2022-07-23,PROD-005,77,3261.735743924578
2022-07-24,PROD-005,72,4569.428817671437
2022-07-25,PROD-005,85,2277.7123321193135
2022-07-26,PROD-005,128,18695.07180457072
2022-07-27,PROD-005,120,10153.855303032145
2022-07-28,PROD-005,87,7797.111038054013
2022-07-29,PROD-005,104,6988.08928630194
2022-07-30,PROD-005,88,3639.8393054297744
2022-07-31,PROD-005,85,5724.499640097074
2022-08-01,PROD-005,84,11517.945261965697
2022-08-02,PROD-005,122,6776.547690855761
2022-08-03,PROD-005,95,7324.649291847717
2022-08-04,PROD-005,91,9544.382533196429
2022-08-05,PROD-005,135,8193.569945470621
2022-08-06,PROD-005,60,8365.816341897968
2022-08-07,PROD-005,89,6845.7792960425895
2022-08-08,PROD-005,94,8298.355224759041
2022-08-09,PROD-005,102,3182.6208049870543
2022-08-10,PROD-005,130,18223.600486507406
2022-08-11,PROD-005,82,8713.234916109384
2022-08-12,PROD-005,139,7102.91913975226
2022-08-13,PROD-005,60,2139.6074945676423
2022-08-14,PROD-005,79,11240.606136013557
2022-08-15,PROD-005,134,5689.555616742824
2022-08-16,PROD-005,139,15017.371072854925
2022-08-17,PROD-005,137,16596.20584236861
2022-08-18,PROD-005,111,14563.26393445374
2022-08-19,PROD-005,130,4844.069500641136
2022-08-20,PROD-005,84,7145.7755042703575
2022-08-21,PROD-005,86,12792.322553726532
2022-08-22,PROD-005,119,12409.948878570178
2022-08-23,PROD-005,126,15507.499458675038
2022-08-24,PROD-005,89,6314.749227963784
2022-08-25,PROD-005,102,9451.952841785731
2022-08-26,PROD-005,122,6637.992521861279
2022-08-27,PROD-005,83,8105.395141013674
2022-08-28,PROD-005,52,4756.4780918977185
2022-08-29,PROD-005,98,8673.24989483544
2022-08-30,PROD-005,119,11772.578370458024
2022-08-31,PROD-005,130,15947.78462927152
2022-09-01,PROD-005,141,13677.945037753816
2022-09-02,PROD-005,120,9072.267491301485
2022-09-03,PROD-005,49,4620.792962926214
2022-09-04,PROD-005,82,4573.940982198555
2022-09-05,PROD-005,118,11280.392034971497
2022-09-06,PROD-005,122,12006.470558745692
2022-09-07,PROD-005,88,5223.572682996688
2022-09-08,PROD-005,97,12366.312148383038
2022-09-09,PROD-005,107,7554.912005869415
2022-09-10,PROD-005,67,9459.793562923485
2022-09-11,PROD-005,56,7584.8003817216095
2022-09-12,PROD-005,119,14727.43824585423
2022-09-13,PROD-005,111,8706.089372005763
2022-09-14,PROD-005,122,13420.095202041937
2022-09-15,PROD-005,126,4911.541695456085
2022-09-16,PROD-005,143,14251.43679716151
2022-09-17,PROD-005,70,4491.444170427415
2022-09-18,PROD-005,75,10384.179887648754
2022-09-19,PROD-005,108,11562.271721498559
2022-09-20,PROD-005,135,11233.007809440393
2022-09-21,PROD-005,130,17908.839043791962
2022-09-22,PROD-005,108,9952.46046958282
2022-09-23,PROD-005,133,8408.96706586927
2022-09-24,PROD-005,50,2179.6349372539667
2022-09-25,PROD-005,55,1767.1408496637275
2022-09-26,PROD-005,88,3024.338906975599
2022-09-27,PROD-005,108,3743.8856280467785
2022-09-28,PROD-005,130,14106.40627953851
2022-09-29,PROD-005,84,6819.582916529194
2022-09-30,PROD-005,79,2491.45051988801
2022-10-01,PROD-005,80,2898.600908297063
2022-10-02,PROD-005,55,5629.277062055415
2022-10-03,PROD-005,124,6413.336993497345
2022-10-04,PROD-005,128,9305.417556921097
2022-10-05,PROD-005,129,6348.73704478379
2022-10-06,PROD-005,78,8379.348485280927
2022-10-07,PROD-005,102,7836.826088411238
2022-10-08,PROD-005,74,5907.625198864887
2022-10-09,PROD-005,71,6756.565631733524
2022-10-10,PROD-005,116,6398.084486644511
2022-10-11,PROD-005,122,9120.881995417674
2022-10-12,PROD-005,82,6629.349462705439
2022-10-13,PROD-005,75,4228.162269215517
2022-10-14,PROD-005,137,14528.595773294432
2022-10-15,PROD-005,67,4306.199137279506
2022-10-16,PROD-005,53,5360.945377102748
2022-10-17,PROD-005,81,5796.632952604613
2022-10-18,PROD-005,91,13629.960770584994
2022-10-19,PROD-005,121,12024.913701581198
2022-10-20,PROD-005,119,11573.7475342319
2022-10-21,PROD-005,131,16274.196771795638
2022-10-22,PROD-005,82,6002.691741209401
2022-10-23,PROD-005,72,8110.319358930179
2022-10-24,PROD-005,74,3010.929671931502
2022-10-25,PROD-005,89,10035.861771745791
2022-10-26,PROD-005,102,6985.936380082846
2022-10-27,PROD-005,94,4834.762155201159
2022-10-28,PROD-005,76,8023.431434289578
2022-10-29,PROD-005,55,6121.979423043677
2022-10-30,PROD-005,83,8385.114149387038
2022-10-31,PROD-005,120,11280.296588221518
2022-11-01,PROD-005,82,9741.081630553346
2022-11-02,PROD-005,86,5254.794269355538
2022-11-03,PROD-005,77,2707.64913141739
2022-11-04,PROD-005,127,14842.747536573022
2022-11-05,PROD-005,77,4238.8092044756995
2022-11-06,PROD-005,75,6670.27871432436
2022-11-07,PROD-005,102,11972.872364588637
2022-11-08,PROD-005,71,2226.617957455336
2022-11-09,PROD-005,108,10902.544703007701
2022-11-10,PROD-005,114,4745.80443753247
2022-11-11,PROD-005,124,9829.727650870747
2022-11-12,PROD-005,57,1736.7929523786815
2022-11-13,PROD-005,66,4825.524556964719
2022-11-14,PROD-005,83,7616.392610344587
2022-11-15,PROD-005,85,9638.49407466371
2022-11-16,PROD-005,101,12556.297830453797
2022-11-17,PROD-005,122,15158.948688943754
2022-11-18,PROD-005,67,3215.4827741335216
2022-11-19,PROD-005,54,4890.319125112827
2022-11-20,PROD-005,74,4693.981966533632
2022-11-21,PROD-005,74,7450.446116242852
2022-11-22,PROD-005,83,7000.263159218424
2022-11-23,PROD-005,100,5161.0736156670955
2022-11-24,PROD-005,102,14036.242210745491
2022-11-25,PROD-005,67,6595.581715445242
2022-11-26,PROD-005,75,6389.804729733207
2022-11-27,PROD-005,55,8031.501747155245
2022-11-28,PROD-005,69,3180.425232056245
2022-11-29,PROD-005,81,4631.861993921368
2022-11-30,PROD-005,104,11156.420558823425
2022-12-01,PROD-005,93,10314.750708186966
2022-12-02,PROD-005,113,15830.257386661671
2022-12-03,PROD-005,69,9741.499935217606
2022-12-04,PROD-005,67,2375.4888726665217
2022-12-05,PROD-005,64,5255.277502020454
2022-12-06,PROD-005,79,9058.79347567626
2022-12-07,PROD-005,108,11093.828644378978
2022-12-08,PROD-005,88,8929.031711453139
2022-12-09,PROD-005,64,6932.149621892099
2022-12-10,PROD-005,70,2232.5553494445276
2022-12-11,PROD-005,51,3197.6055903384918
2022-12-12,PROD-005,75,9420.586819057626
2022-12-13,PROD-005,61,5231.075359419917
2022-12-14,PROD-005,63,6719.09325723191
2022-12-15,PROD-005,89,2733.859571507675
2022-12-16,PROD-005,73,9595.81095313793
2022-12-17,PROD-005,52,6430.6465169024395
2022-12-18,PROD-005,47,5832.0915212901255
2022-12-19,PROD-005,81,3407.8037245494766
2022-12-20,PROD-005,64,3243.915644860929
2022-12-21,PROD-005,92,12548.719127683946
2022-12-22,PROD-005,64,3504.547659721443
2022-12-23,PROD-005,72,3133.3671952198224
2022-12-24,PROD-005,40,3328.180698259958
2022-12-25,PROD-005,53,5732.299569779947
2022-12-26,PROD-005,95,10945.694059518975
2022-12-27,PROD-005,74,8694.600358576996
2022-12-28,PROD-005,77,5053.799096558395
2022-12-29,PROD-005,92,2808.843081288959
2022-12-30,PROD-005,90,6397.1935511615575
2022-12-31,PROD-005,36,1625.9672573673283
2023-01-01,PROD-005,40,2508.4633044770762
2023-01-02,PROD-005,90,4111.1521047803435
2023-01-03,PROD-005,59,6283.75834581329
2023-01-04,PROD-005,54,4030.2792212562535
2023-01-05,PROD-005,73,10280.616800069354
2023-01-06,PROD-005,75,8919.981180239616
2023-01-07,PROD-005,58,2443.974672624674
2023-01-08,PROD-005,58,2218.8036843260998
2023-01-09,PROD-005,97,2881.491808333967
2023-01-10,PROD-005,83,11894.999881502572
2023-01-11,PROD-005,54,4713.8040422455
2023-01-12,PROD-005,69,9292.730663645472
2023-01-13,PROD-005,87,8331.760311947852
2023-01-14,PROD-005,56,7535.470776904645
2023-01-15,PROD-005,51,6184.541127395255
2023-01-16,PROD-005,68,5601.88529044049
2023-01-17,PROD-005,73,6645.811199803593
2023-01-18,PROD-005,67,5023.283459423197
2023-01-19,PROD-005,61,4522.639477545557
2023-01-20,PROD-005,56,6670.03960259974
2023-01-21,PROD-005,51,7612.985367961853
2023-01-22,PROD-005,47,3790.6254069752467
2023-01-23,PROD-005,87,4155.260280106903
2023-01-24,PROD-005,75,4094.405586165735
2023-01-25,PROD-005,85,5303.424772317807
2023-01-26,PROD-005,92,9471.429229540638
2023-01-27,PROD-005,59,6685.881316087195
2023-01-28,PROD-005,37,1939.2386577970387
2023-01-29,PROD-005,51,2358.4484069878213
2023-01-30,PROD-005,70,8769.936945434394
2023-01-31,PROD-005,77,4836.260341834583
2023-02-01,PROD-005,58,6452.8182841892485
2023-02-02,PROD-005,79,2331.825319124637
2023-02-03,PROD-005,65,7312.291228176797
2023-02-04,PROD-005,48,4729.028090400573
2023-02-05,PROD-005,48,5718.48857653921
2023-02-06,PROD-005,65,4733.910834797721
2023-02-07,PROD-005,73,6701.1777565487955
2023-02-08,PROD-005,60,4411.104708203107
2023-02-09,PROD-005,70,3821.7276366094798
2023-02-10,PROD-005,50,6913.415509565286
2023-02-11,PROD-005,54,4210.927025662282
2023-02-12,PROD-005,48,3460.9536440996008
2023-02-13,PROD-005,59,3115.0204484709047
2023-02-14,PROD-005,68,5326.511132099453
2023-02-15,PROD-005,76,3629.944625249007
2023-02-16,PROD-005,63,9117.503603266283
2023-02-17,PROD-005,89,6574.53840358913
2023-02-18,PROD-005,49,5673.594958442531
2023-02-19,PROD-005,37,4892.019747420741
2023-02-20,PROD-005,73,9400.957686894866
2023-02-21,PROD-005,52,3432.681749147338
2023-02-22,PROD-005,81,3743.6718730775474
2023-02-23,PROD-005,49,1871.4003305320266
2023-02-24,PROD-005,81,10709.333260534982
2023-02-25,PROD-005,42,5112.545915171847
2023-02-26,PROD-005,47,2073.4810789371045
2023-02-27,PROD-005,64,6487.796908750925
2023-02-28,PROD-005,51,6248.508345738393
2023-03-01,PROD-005,86,11605.039335333993
2023-03-02,PROD-005,53,2543.800477837216
2023-03-03,PROD-005,79,5288.052764092899
2023-03-04,PROD-005,41,3565.1610794135054
2023-03-05,PROD-005,37,4288.484871938379
2023-03-06,PROD-005,60,8791.263422427444
2023-03-07,PROD-005,49,2109.309517452148
2023-03-08,PROD-005,90,9560.382907429135
2023-03-09,PROD-005,68,9028.48232134311
2023-03-10,PROD-005,90,5250.03020138595
2023-03-11,PROD-005,53,6510.8723187285905
2023-03-12,PROD-005,51,4102.355818941126
2023-03-13,PROD-005,76,1973.6710076463357
2023-03-14,PROD-005,90,12723.141154322546
2023-03-15,PROD-005,59,4543.042537518517
2023-03-16,PROD-005,72,9254.520419598855
2023-03-17,PROD-005,72,3109.911072118577
2023-03-18,PROD-005,35,3988.8609032618906
2023-03-19,PROD-005,32,1852.6110546572754
2023-03-20,PROD-005,75,4533.754026946164
2023-03-21,PROD-005,89,6538.01381402874
2023-03-22,PROD-005,52,3062.1491777119586
2023-03-23,PROD-005,76,5587.724743201043
2023-03-24,PROD-005,79,11741.428898009532
2023-03-25,PROD-005,50,5362.19215652943
2023-03-26,PROD-005,38,4653.948370369968
2023-03-27,PROD-005,64,7318.190650920586
2023-03-28,PROD-005,84,3625.897351192999
2023-03-29,PROD-005,71,7553.876308206325
2023-03-30,PROD-005,77,8712.252552190486
2023-03-31,PROD-005,70,9542.06099329942
2023-04-01,PROD-005,60,4596.030376673002
2023-04-02,PROD-005,58,7799.497593166902
2023-04-03,PROD-005,78,3424.0789827677036
2023-04-04,PROD-005,60,6819.49224948211
2023-04-05,PROD-005,80,10641.712192672068
2023-04-06,PROD-005,54,2057.3126215913444
2023-04-07,PROD-005,68,6493.702402125642
2023-04-08,PROD-005,57,1533.1997984387701
2023-04-09,PROD-005,36,1007.7138197614763
2023-04-10,PROD-005,74,4263.695901017803
2023-04-11,PROD-005,97,3387.758115821849
2023-04-12,PROD-005,57,1518.0831728722392
2023-04-13,PROD-005,85,9329.695571181717
2023-04-14,PROD-005,55,6379.459590548343
2023-04-15,PROD-005,47,6183.804759599606
2023-04-16,PROD-005,62,3573.3750784331523
2023-04-17,PROD-005,96,9844.332432190356
2023-04-18,PROD-005,99,12587.675295665149
2023-04-19,PROD-005,85,9869.685936813852
2023-04-20,PROD-005,72,8762.217487495613
2023-04-21,PROD-005,76,3680.415290365345
2023-04-22,PROD-005,37,4136.776951934505
2023-04-23,PROD-005,47,3865.68420552148
2023-04-24,PROD-005,77,8347.47597568753
2023-04-25,PROD-005,78,2244.6370194360684
2023-04-26,PROD-005,97,13891.638427806432
2023-04-27,PROD-005,94,9514.308732693322
2023-04-28,PROD-005,104,10053.120350080993
2023-04-29,PROD-005,49,4165.934163670679
2023-04-30,PROD-005,46,5853.304427382325
2023-05-01,PROD-005,60,5247.103615806262
2023-05-02,PROD-005,72,10106.034328201788
2023-05-03,PROD-005,93,5896.190034435244
2023-05-04,PROD-005,73,3401.5254990542576
2023-05-05,PROD-005,105,10451.717736979084
2023-05-06,PROD-005,67,7838.112181493776
2023-05-07,PROD-005,56,3640.4737556455016
2023-05-08,PROD-005,75,3740.722078859083
2023-05-09,PROD-005,76,9789.549433294702
2023-05-10,PROD-005,70,4274.618325547471
2023-05-11,PROD-005,72,9301.59857107762
2023-05-12,PROD-005,79,2075.177101348253
2023-05-13,PROD-005,45,4672.937198858672
2023-05-14,PROD-005,67,8554.032094324519
2023-05-15,PROD-005,79,5157.315227445533
2023-05-16,PROD-005,97,11321.950887912319
2023-05-17,PROD-005,73,6146.468503949598
2023-05-18,PROD-005,79,11349.183645303063
2023-05-19,PROD-005,91,7574.00873386528
2023-05-20,PROD-005,67,3453.127453462368
2023-05-21,PROD-005,70,7340.699543180808
2023-05-22,PROD-005,76,5216.253436888266
2023-05-23,PROD-005,70,10431.5368411665
2023-05-24,PROD-005,98,11243.030498569402
2023-05-25,PROD-005,112,11515.556099744623
2023-05-26,PROD-005,118,6706.191857365774
2023-05-27,PROD-005,58,6056.396101370281
2023-05-28,PROD-005,70,2813.292900664393
2023-05-29,PROD-005,122,6344.564938122657
2023-05-30,PROD-005,73,10590.321752394757
2023-05-31,PROD-005,83,2130.6654108527478
2023-06-01,PROD-005,71,7327.857014689508
2023-06-02,PROD-005,107,4078.6129280601785
2023-06-03,PROD-005,49,4792.8416111445495
2023-06-04,PROD-005,56,7335.009119351112
2023-06-05,PROD-005,99,3860.7317614892418
2023-06-06,PROD-005,100,14509.167998551786
2023-06-07,PROD-005,88,5722.713363646639
2023-06-08,PROD-005,104,4883.064033197408
2023-06-09,PROD-005,72,9080.455892860266
2023-06-10,PROD-005,59,3347.3090487212503
2023-06-11,PROD-005,55,7550.052311957188
2023-06-12,PROD-005,84,8297.822557018948
2023-06-13,PROD-005,89,7450.564366182186
2023-06-14,PROD-005,95,12888.484747800174
2023-06-15,PROD-005,80,10567.92645135688
2023-06-16,PROD-005,118,4720.538971215392
2023-06-17,PROD-005,68,6064.26633562027
2023-06-18,PROD-005,61,4903.774577623902
2023-06-19,PROD-005,113,4482.923565520736
2023-06-20,PROD-005,85,11131.315052517255
2023-06-21,PROD-005,97,12440.993695396099
2023-06-22,PROD-005,113,9666.008212469125
2023-06-23,PROD-005,87,8124.273927318511
2023-06-24,PROD-005,48,1223.482891286722
2023-06-25,PROD-005,69,6547.710081737549
2023-06-26,PROD-005,110,14668.295281308472
2023-06-27,PROD-005,128,9580.992160441368
2023-06-28,PROD-005,132,12805.698662322544
2023-06-29,PROD-005,98,12425.891912419636
2023-06-30,PROD-005,97,10162.088657325128
2023-07-01,PROD-005,79,7058.5484044042405
2023-07-02,PROD-005,62,3712.3823568868943
2023-07-03,PROD-005,118,7997.462710346241
2023-07-04,PROD-005,132,16381.832613873554
2023-07-05,PROD-005,138,7593.735172545043
2023-07-06,PROD-005,130,12127.234891206204
2023-07-07,PROD-005,114,10768.991459186438
2023-07-08,PROD-005,57,5083.134261901567
2023-07-09,PROD-005,66,5230.430515143678
2023-07-10,PROD-005,141,20042.057100616224
2023-07-11,PROD-005,108,9242.43258951432
2023-07-12,PROD-005,84,12404.54148886018
2023-07-13,PROD-005,113,6593.687450106429
2023-07-14,PROD-005,128,18153.67087985634
2023-07-15,PROD-005,64,3563.695000484531
2023-07-16,PROD-005,54,2537.4249190084593
2023-07-17,PROD-005,113,8396.894673047987
2023-07-18,PROD-005,91,4052.5005881528177
2023-07-19,PROD-005,145,16020.451660130046
2023-07-20,PROD-005,97,6308.479620398907
2023-07-21,PROD-005,94,9528.080813834405
2023-07-22,PROD-005,80,5488.307208084415
2023-07-23,PROD-005,66,2758.1345011746166
2023-07-24,PROD-005,90,2277.188899330611
2023-07-25,PROD-005,134,13314.90155058113
2023-07-26,PROD-005,106,14581.926129610843
2023-07-27,PROD-005,120,15965.06112985812
2023-07-28,PROD-005,95,5732.092272487337
2023-07-29,PROD-005,69,2509.523881681761
2023-07-30,PROD-005,58,7282.930472357161
2023-07-31,PROD-005,102,6769.076664969297
2023-08-01,PROD-005,130,8999.015067245298
2023-08-02,PROD-005,124,12807.40479612506
2023-08-03,PROD-005,109,13430.813856618803
2023-08-04,PROD-005,116,9223.296044852068
2023-08-05,PROD-005,88,12848.351235689177
2023-08-06,PROD-005,55,7163.578123964528
2023-08-07,PROD-005,121,12457.706130359786
2023-08-08,PROD-005,143,7542.635225086307
2023-08-09,PROD-005,98,10663.999124143753
2023-08-10,PROD-005,119,16949.369061962745
2023-08-11,PROD-005,112,15062.030328021023
2023-08-12,PROD-005,58,3057.4197472253395
2023-08-13,PROD-005,53,6786.157036660384
2023-08-14,PROD-005,116,16471.078711998187
2023-08-15,PROD-005,90,10260.665147218206
2023-08-16,PROD-005,145,12904.485625984946
2023-08-17,PROD-005,123,6438.83966667662
2023-08-18,PROD-005,124,6379.722641127822
2023-08-19,PROD-005,67,3307.0877202290876
2023-08-20,PROD-005,84,6197.267924079599
2023-08-21,PROD-005,115,5341.874378918989
2023-08-22,PROD-005,93,12243.923665796596
2023-08-23,PROD-005,100,6810.5688511154485
2023-08-24,PROD-005,146,12070.552870276404
2023-08-25,PROD-005,95,6290.214846385035
2023-08-26,PROD-005,57,8058.434352368721
2023-08-27,PROD-005,75,5367.814978172836
2023-08-28,PROD-005,141,5327.470606907832
2023-08-29,PROD-005,107,9101.922065344605
2023-08-30,PROD-005,129,7329.729544431833
2023-08-31,PROD-005,128,16146.345774311189
2023-09-01,PROD-005,145,13515.974746743015
2023-09-02,PROD-005,95,4544.979659501085
2023-09-03,PROD-005,85,5914.725792074303
2023-09-04,PROD-005,142,16810.654593951414
2023-09-05,PROD-005,96,5008.9430541318925
2023-09-06,PROD-005,87,12726.545376211236
2023-09-07,PROD-005,100,5122.90080365773
2023-09-08,PROD-005,116,12811.263705657198
2023-09-09,PROD-005,97,9559.046148118561
2023-09-10,PROD-005,95,7738.794964831932
2023-09-11,PROD-005,119,15357.843460392322
2023-09-12,PROD-005,124,4886.368157200526
2023-09-13,PROD-005,111,9307.294526439657
2023-09-14,PROD-005,114,6353.964425360299
2023-09-15,PROD-005,114,3044.1575845322627
2023-09-16,PROD-005,64,7860.547278994675
2023-09-17,PROD-005,80,7061.516470137174
2023-09-18,PROD-005,104,10800.830899949304
2023-09-19,PROD-005,103,2584.5016397951213
2023-09-20,PROD-005,140,10783.862447369902
2023-09-21,PROD-005,132,8723.009730637934
2023-09-22,PROD-005,109,5261.89234125232
2023-09-23,PROD-005,97,8424.550658656224
2023-09-24,PROD-005,62,1821.7035408053655
2023-09-25,PROD-005,144,14871.921735812559
2023-09-26,PROD-005,146,13333.498705225678
2023-09-27,PROD-005,126,18333.534822116282
2023-09-28,PROD-005,89,3005.974543843686
2023-09-29,PROD-005,136,7498.056219834172
2023-09-30,PROD-005,94,12123.376810345182
2023-10-01,PROD-005,95,3518.9174034535363
2023-10-02,PROD-005,96,13318.986532960087
2023-10-03,PROD-005,101,3809.2990821880703
2023-10-04,PROD-005,126,3783.979659390021
2023-10-05,PROD-005,133,17115.76509133746
2023-10-06,PROD-005,109,8664.125609053794
2023-10-07,PROD-005,60,6778.920315400872
2023-10-08,PROD-005,81,9981.860042003973
2023-10-09,PROD-005,88,12067.48188842296
2023-10-10,PROD-005,105,9427.358832067961
2023-10-11,PROD-005,148,13256.695689696513
2023-10-12,PROD-005,125,13455.24868969862
2023-10-13,PROD-005,112,13540.067808719627
2023-10-14,PROD-005,87,12231.234973655297
2023-10-15,PROD-005,64,8227.897167949559
2023-10-16,PROD-005,143,13771.264986041653
2023-10-17,PROD-005,136,15773.207914874904
2023-10-18,PROD-005,146,13078.2726966923
2023-10-19,PROD-005,141,6228.656406738974
2023-10-20,PROD-005,121,17598.574001360932
2023-10-21,PROD-005,71,5932.836210691164
2023-10-22,PROD-005,87,6213.877033306153
2023-10-23,PROD-005,111,8620.772797697024
2023-10-24,PROD-005,116,9599.232941068867
2023-10-25,PROD-005,87,6765.406431489424
2023-10-26,PROD-005,134,16093.843464580264
2023-10-27,PROD-005,142,6316.335316169139
2023-10-28,PROD-005,65,8192.821729390516
2023-10-29,PROD-005,66,2419.3638404922717
2023-10-30,PROD-005,117,8014.864436447864
2023-10-31,PROD-005,100,10720.984342037937
2023-11-01,PROD-005,131,5572.363343221408
2023-11-02,PROD-005,114,9267.166154387056
2023-11-03,PROD-005,118,9221.201913150173
2023-11-04,PROD-005,61,4835.984138251915
2023-11-05,PROD-005,67,8638.65858490318
2023-11-06,PROD-005,84,8822.341542739789
2023-11-07,PROD-005,121,12332.333601743634
2023-11-08,PROD-005,95,9176.70509886737
2023-11-09,PROD-005,86,6488.587405863725
2023-11-10,PROD-005,106,2736.627297411787
2023-11-11,PROD-005,71,6453.330533971632
2023-11-12,PROD-005,68,7805.327023916723
2023-11-13,PROD-005,110,15387.71544139884
2023-11-14,PROD-005,74,5939.978071647035
2023-11-15,PROD-005,131,17396.865753398502
2023-11-16,PROD-005,73,10643.845061131464
2023-11-17,PROD-005,84,3586.037473333771
2023-11-18,PROD-005,69,1891.9549335851907
2023-11-19,PROD-005,75,6227.308187335805
2023-11-20,PROD-005,80,9733.048672978706
2023-11-21,PROD-005,75,2022.8991754880446
2023-11-22,PROD-005,76,5784.997324248165
2023-11-23,PROD-005,112,9847.099071216684
2023-11-24,PROD-005,70,7979.954553225265
2023-11-25,PROD-005,63,8003.9631040387985
2023-11-26,PROD-005,75,4544.276238651385
2023-11-27,PROD-005,80,3545.718233141656
2023-11-28,PROD-005,99,10900.963168855582
2023-11-29,PROD-005,95,9677.726916513377
2023-11-30,PROD-005,89,4110.510341295123
2023-12-01,PROD-005,104,11977.096223633062
2023-12-02,PROD-005,79,3404.7675931968874
2023-12-03,PROD-005,68,5359.458256028711
2023-12-04,PROD-005,95,3332.4146998344704
2023-12-05,PROD-005,67,6328.029310628674
2023-12-06,PROD-005,88,8172.702611058607
2023-12-07,PROD-005,98,9942.895667093819
2023-12-08,PROD-005,90,12892.044438710405
2023-12-09,PROD-005,48,2624.3791099375344
2023-12-10,PROD-005,51,1841.5974841755674
2023-12-11,PROD-005,70,5428.742989400049
2023-12-12,PROD-005,82,11257.072561036333
2023-12-13,PROD-005,107,6467.339901580063
2023-12-14,PROD-005,85,5565.203981245433
2023-12-15,PROD-005,115,15236.469340303755
2023-12-16,PROD-005,66,9105.402970380781
2023-12-17,PROD-005,59,6269.25843482623
2023-12-18,PROD-005,103,11051.422137317528
2023-12-19,PROD-005,66,9472.62457420508
2023-12-20,PROD-005,115,3932.4761191581156
2023-12-21,PROD-005,93,12671.825455311295
2023-12-22,PROD-005,115,15292.498008123215
2023-12-23,PROD-005,50,2637.974766636993
2023-12-24,PROD-005,49,2112.5609577341816
2023-12-25,PROD-005,64,6989.485554331683
2023-12-26,PROD-005,99,5120.76781329841
2023-12-27,PROD-005,107,14121.402314026409
2023-12-28,PROD-005,102,8761.127251116759
2023-12-29,PROD-005,75,3176.8097933265162
2023-12-30,PROD-005,56,5728.861894125483
2023-12-31,PROD-005,44,3657.1346751643146
2024-01-01,PROD-005,102,6937.041076438483
2024-01-02,PROD-005,104,11446.041212958275
2024-01-03,PROD-005,68,6756.353972249042
2024-01-04,PROD-005,60,8664.785662636037
2024-01-05,PROD-005,84,11865.392257607571
2024-01-06,PROD-005,68,2779.381687584938
2024-01-07,PROD-005,53,6035.2087719448855
2024-01-08,PROD-005,75,9906.99433806738
2024-01-09,PROD-005,92,10493.24572747378
2024-01-10,PROD-005,80,6356.9599780304925
2024-01-11,PROD-005,74,5518.623490042379
2024-01-12,PROD-005,74,7661.396914812631
2024-01-13,PROD-005,45,3142.5517269151333
2024-01-14,PROD-005,67,3738.6619277065374
2024-01-15,PROD-005,67,5692.576794799815
2024-01-16,PROD-005,65,5297.654139418687
2024-01-17,PROD-005,62,8065.539736867724
2024-01-18,PROD-005,102,10016.131127983039
2024-01-19,PROD-005,67,2836.491286795208
2024-01-20,PROD-005,59,6179.352468443189
2024-01-21,PROD-005,56,4433.061716056062
2024-01-22,PROD-005,97,10801.701413503886
2024-01-23,PROD-005,91,12359.803687111555
2024-01-24,PROD-005,81,6907.931269277752
2024-01-25,PROD-005,99,13492.973992909308
2024-01-26,PROD-005,86,7203.0853571478165
2024-01-27,PROD-005,56,6589.161746562349
2024-01-28,PROD-005,53,5611.21234950124
2024-01-29,PROD-005,77,7001.163770592672
2024-01-30,PROD-005,70,7650.321245940364
2024-01-31,PROD-005,82,7444.936375439934
2024-02-01,PROD-005,63,8151.729046237481
2024-02-02,PROD-005,78,7279.678157673965
2024-02-03,PROD-005,39,1834.404958149838
2024-02-04,PROD-005,43,1923.7504932060065
2024-02-05,PROD-005,73,9571.755446509806
2024-02-06,PROD-005,78,10674.965626068017
2024-02-07,PROD-005,89,8677.707694062121
2024-02-08,PROD-005,61,8366.34889818527
2024-02-09,PROD-005,74,7435.625425722448
2024-02-10,PROD-005,37,1947.9604914455706
2024-02-11,PROD-005,47,3974.013909449898
2024-02-12,PROD-005,54,2532.9578989620363
2024-02-13,PROD-005,55,2721.7456109922523
2024-02-14,PROD-005,91,10897.79468284631
2024-02-15,PROD-005,92,13793.970659971712
2024-02-16,PROD-005,65,1691.5382021136375
2024-02-17,PROD-005,48,5131.134948054629
2024-02-18,PROD-005,61,8974.018968713372
2024-02-19,PROD-005,75,10824.783174956354
2024-02-20,PROD-005,76,2536.0557563192306
2024-02-21,PROD-005,77,4493.3254612607125
2024-02-22,PROD-005,68,4713.27946999905
2024-02-23,PROD-005,57,2123.5314784091
2024-02-24,PROD-005,40,3566.018082379723
2024-02-25,PROD-005,35,2198.0096374898167
2024-02-26,PROD-005,63,2928.0003012677275
2024-02-27,PROD-005,87,8923.034143844057
2024-02-28,PROD-005,61,5892.351623064335
2024-02-29,PROD-005,67,5046.677965249604
2024-03-01,PROD-005,85,8649.288250161879
2024-03-02,PROD-005,52,6039.368923141642
2024-03-03,PROD-005,45,3456.404549256266
2024-03-04,PROD-005,53,7869.430258274222
2024-03-05,PROD-005,68,8437.453462632338
2024-03-06,PROD-005,64,6131.321423206611
2024-03-07,PROD-005,94,7270.519460055956
2024-03-08,PROD-005,63,4280.480444109405
2024-03-09,PROD-005,55,5132.584396838822
2024-03-10,PROD-005,53,6734.091163222474
2024-03-11,PROD-005,73,4533.435749733362
2024-03-12,PROD-005,67,9810.911830851865
2024-03-13,PROD-005,70,4138.4434969654085
2024-03-14,PROD-005,78,11504.657637104247
2024-03-15,PROD-005,97,8208.327195374624
2024-03-16,PROD-005,42,6055.893219256535
2024-03-17,PROD-005,44,4101.858452140318
2024-03-18,PROD-005,69,7686.073736774524
2024-03-19,PROD-005,69,2511.667936773503
2024-03-20,PROD-005,69,5893.3327793312965
2024-03-21,PROD-005,77,9770.281616858883
2024-03-22,PROD-005,72,7308.701600605444
2024-03-23,PROD-005,54,4244.419315001399
2024-03-24,PROD-005,59,6340.467345943675
2024-03-25,PROD-005,64,2103.7906902542118
2024-03-26,PROD-005,76,4882.1530191019365
2024-03-27,PROD-005,55,2938.792378063498
2024-03-28,PROD-005,85,10040.978012632213
2024-03-29,PROD-005,72,3283.132963012868
2024-03-30,PROD-005,57,8301.940765899297
2024-03-31,PROD-005,54,7603.686786291011
2024-04-01,PROD-005,102,11040.245796018226
2024-04-02,PROD-005,66,3800.628054305145
2024-04-03,PROD-005,78,10229.237171788498
2024-04-04,PROD-005,102,11324.381816714184
2024-04-05,PROD-005,77,2261.1836030035934
2024-04-06,PROD-005,54,1502.1794647068955
2024-04-07,PROD-005,46,5104.891455107739
2024-04-08,PROD-005,96,12942.963096487521
2024-04-09,PROD-005,82,7963.160970792858
2024-04-10,PROD-005,77,5149.257856925688
2024-04-11,PROD-005,89,12124.719410648691
2024-04-12,PROD-005,61,2261.289221068122
2024-04-13,PROD-005,52,6200.197553791418
2024-04-14,PROD-005,53,2456.6548334977856
2024-04-15,PROD-005,89,3042.9124800631257
2024-04-16,PROD-005,93,10164.555976195972
2024-04-17,PROD-005,63,3320.5693635800462
2024-04-18,PROD-005,88,3452.484638933102
2024-04-19,PROD-005,79,11339.136823995346
2024-04-20,PROD-005,68,8664.448207707861
2024-04-21,PROD-005,57,1814.5384091631818
2024-04-22,PROD-005,83,4800.066833737324
2024-04-23,PROD-005,73,3349.499625172819
2024-04-24,PROD-005,73,5643.515768535738
2024-04-25,PROD-005,100,10507.847268819998
2024-04-26,PROD-005,61,2093.0320578882993
2024-04-27,PROD-005,68,3543.6244266416393
2024-04-28,PROD-005,61,3387.1113905456414
2024-04-29,PROD-005,77,4382.237430275271
2024-04-30,PROD-005,89,9624.349250851752
2024-05-01,PROD-005,80,8841.999847798554
2024-05-02,PROD-005,92,3227.6287416408595
2024-05-03,PROD-005,80,3368.888143749295
2024-05-04,PROD-005,72,8166.522851584416
2024-05-05,PROD-005,71,8310.967397806398
2024-05-06,PROD-005,99,8809.335787232143
2024-05-07,PROD-005,73,5769.526932302959
2024-05-08,PROD-005,115,5795.519625477215
2024-05-09,PROD-005,120,7535.064734012219
2024-05-10,PROD-005,76,3682.596568936481
2024-05-11,PROD-005,43,2877.7890193733488
2024-05-12,PROD-005,70,6619.889955867311
2024-05-13,PROD-005,67,5052.469409033813
2024-05-14,PROD-005,94,12033.526198509493
2024-05-15,PROD-005,89,6084.087216103954
2024-05-16,PROD-005,82,9675.024385071994
2024-05-17,PROD-005,69,4751.284590450505
2024-05-18,PROD-005,69,5017.701028403563
2024-05-19,PROD-005,52,2898.212331477738
2024-05-20,PROD-005,77,5878.671202491225
2024-05-21,PROD-005,109,13685.421049543476
2024-05-22,PROD-005,82,10624.757277230177
2024-05-23,PROD-005,95,4980.615833413751
2024-05-24,PROD-005,84,9074.358320986203
2024-05-25,PROD-005,77,2307.783745494238
2024-05-26,PROD-005,63,7565.886257882613
2024-05-27,PROD-005,116,4441.6879211986425
2024-05-28,PROD-005,77,6428.854569244041
2024-05-29,PROD-005,105,8268.373057363966
2024-05-30,PROD-005,116,13155.460131553065
2024-05-31,PROD-005,75,10337.881630762306
2024-06-01,PROD-005,72,8065.239617228934
2024-06-02,PROD-005,56,3113.011910998368
2024-06-03,PROD-005,127,5673.387525389965
2024-06-04,PROD-005,115,4455.132459179953
2024-06-05,PROD-005,120,14335.138887505713
2024-06-06,PROD-005,90,12314.549840826046
2024-06-07,PROD-005,99,9109.765734292965
2024-06-08,PROD-005,52,1334.011476897982
2024-06-09,PROD-005,54,7746.425771027442
2024-06-10,PROD-005,134,17121.267875454832
2024-06-11,PROD-005,108,3664.7188133759355
2024-06-12,PROD-005,79,6907.53584757363
2024-06-13,PROD-005,116,17192.150657554215
2024-06-14,PROD-005,129,4994.55293469937
2024-06-15,PROD-005,51,1276.6962640717086
2024-06-16,PROD-005,53,1714.9676051980493
2024-06-17,PROD-005,99,4145.01379640225
2024-06-18,PROD-005,120,4554.903304941488
2024-06-19,PROD-005,112,12672.198345503703
2024-06-20,PROD-005,86,12579.299679371066
2024-06-21,PROD-005,106,4553.608754797905
2024-06-22,PROD-005,76,2203.6341686393675
2024-06-23,PROD-005,84,3420.9793743658984
2024-06-24,PROD-005,146,15233.284124451324
2024-06-25,PROD-005,100,14509.476014552905
2024-06-26,PROD-005,95,2483.5892096919674
2024-06-27,PROD-005,142,17110.51224306636
2024-06-28,PROD-005,86,3094.5792764748135
2024-06-29,PROD-005,71,2265.554761977266
2024-06-30,PROD-005,84,7899.345494864043
2024-07-01,PROD-005,102,11478.566541827817
2024-07-02,PROD-005,88,7445.198899720959
2024-07-03,PROD-005,104,2938.6192298877836
2024-07-04,PROD-005,115,12898.636488681275
2024-07-05,PROD-005,107,11108.898736045401
2024-07-06,PROD-005,63,2215.9029795397146
2024-07-07,PROD-005,97,11036.510326932677
2024-07-08,PROD-005,107,6839.752186999419
2024-07-09,PROD-005,131,10340.102745889712
2024-07-10,PROD-005,121,9240.980675765762
2024-07-11,PROD-005,97,6231.95882717597
2024-07-12,PROD-005,118,16173.47295476646
2024-07-13,PROD-005,58,1643.5379727387892
2024-07-14,PROD-005,76,8854.125042580363
2024-07-15,PROD-005,135,19821.696538066954
2024-07-16,PROD-005,133,14136.980025998795
2024-07-17,PROD-005,104,14768.446256397909
2024-07-18,PROD-005,145,5533.759532078444
2024-07-19,PROD-005,124,11661.38644014752
2024-07-20,PROD-005,60,5804.650949041304
2024-07-21,PROD-005,61,6680.233983347363
2024-07-22,PROD-005,96,2813.4998681363923
2024-07-23,PROD-005,157,15387.071969344315
2024-07-24,PROD-005,151,11854.922950543953
2024-07-25,PROD-005,130,8088.401344285318
2024-07-26,PROD-005,146,7576.360065607735
2024-07-27,PROD-005,103,11417.116535525867
2024-07-28,PROD-005,80,3629.250528026853
2024-07-29,PROD-005,110,12415.509118723172
2024-07-30,PROD-005,111,8342.066959342
2024-07-31,PROD-005,106,3639.5373639611375
2024-08-01,PROD-005,107,4845.434430029565
2024-08-02,PROD-005,139,12323.804348662063
2024-08-03,PROD-005,71,6810.228864577398
2024-08-04,PROD-005,103,12839.595903931877
2024-08-05,PROD-005,93,12334.427044781816
2024-08-06,PROD-005,149,19050.652866092434
2024-08-07,PROD-005,132,3308.224695898275
2024-08-08,PROD-005,163,7600.128474957358
2024-08-09,PROD-005,138,19450.620800852354
2024-08-10,PROD-005,81,9652.747217146776
2024-08-11,PROD-005,81,2160.9529381136936
2024-08-12,PROD-005,143,14587.432857122287
2024-08-13,PROD-005,128,14888.655607784665
2024-08-14,PROD-005,165,5641.748013996655
2024-08-15,PROD-005,114,3094.780970373778
2024-08-16,PROD-005,157,14002.907383918615
2024-08-17,PROD-005,89,8340.402770169527
2024-08-18,PROD-005,105,5335.019899162637
2024-08-19,PROD-005,93,6717.745814093489
2024-08-20,PROD-005,104,4539.478906348316
2024-08-21,PROD-005,150,3926.132571885896
2024-08-22,PROD-005,100,13384.126652616118
2024-08-23,PROD-005,107,4906.595390848823
2024-08-24,PROD-005,106,12274.362636569536
2024-08-25,PROD-005,70,8398.474795239974
2024-08-26,PROD-005,100,10758.357366187849
2024-08-27,PROD-005,159,4749.627986736806
2024-08-28,PROD-005,164,9376.686161085428
2024-08-29,PROD-005,115,6291.484233640877
2024-08-30,PROD-005,132,12698.70012889019
2024-08-31,PROD-005,63,1664.320145674889
2024-09-01,PROD-005,85,11839.547687750774
2024-09-02,PROD-005,128,11793.746678983169
2024-09-03,PROD-005,140,6923.710294006163
2024-09-04,PROD-005,124,12063.434565686892
2024-09-05,PROD-005,118,4729.435118266247
2024-09-06,PROD-005,150,13773.828671410609
2024-09-07,PROD-005,98,11327.430082222056
2024-09-08,PROD-005,89,8370.684473629684
2024-09-09,PROD-005,157,7691.152888031143
2024-09-10,PROD-005,166,9466.603680577682
2024-09-11,PROD-005,155,21450.2556917122
2024-09-12,PROD-005,133,18254.52974901702
2024-09-13,PROD-005,122,10350.861079737879
2024-09-14,PROD-005,80,7275.646353703633
2024-09-15,PROD-005,82,3268.802561930762
2024-09-16,PROD-005,141,12073.904042728143
2024-09-17,PROD-005,145,9799.937564109136
2024-09-18,PROD-005,90,5586.434557756178
2024-09-19,PROD-005,152,22040.74044343723
2024-09-20,PROD-005,108,9486.186190096561
2024-09-21,PROD-005,73,2085.4817816572227
2024-09-22,PROD-005,64,7933.728082461442
2024-09-23,PROD-005,126,10776.06975866834
2024-09-24,PROD-005,122,6171.4928737068085
2024-09-25,PROD-005,113,9588.17007129556
2024-09-26,PROD-005,110,8713.248597121103
2024-09-27,PROD-005,122,8557.611635039537
2024-09-28,PROD-005,69,5342.611587131913
2024-09-29,PROD-005,65,5172.6418371902755
2024-09-30,PROD-005,163,4899.178635944265
2024-10-01,PROD-005,128,14409.935480194443
2024-10-02,PROD-005,142,8577.781753642268
2024-10-03,PROD-005,140,8964.690266451002
2024-10-04,PROD-005,157,4079.8531508377005
2024-10-05,PROD-005,90,9183.873665339586
2024-10-06,PROD-005,99,9678.955946574148
2024-10-07,PROD-005,160,20277.878464942107
2024-10-08,PROD-005,107,15561.919648943976
2024-10-09,PROD-005,149,4700.345251720992
2024-10-10,PROD-005,150,16566.818023131113
2024-10-11,PROD-005,127,9949.456094594503
2024-10-12,PROD-005,101,3187.8019612561448
2024-10-13,PROD-005,83,3796.090669622471
2024-10-14,PROD-005,124,6473.250389715884
2024-10-15,PROD-005,143,7721.327355627387
2024-10-16,PROD-005,147,10039.018920434977
2024-10-17,PROD-005,141,14015.642333199581
2024-10-18,PROD-005,120,15136.085469625386
2024-10-19,PROD-005,96,10603.240077938875
2024-10-20,PROD-005,56,3514.7520139747135
2024-10-21,PROD-005,146,7278.811544982091
2024-10-22,PROD-005,100,13746.79478774263
2024-10-23,PROD-005,153,4595.7555105246865
2024-10-24,PROD-005,149,18709.174019113227
2024-10-25,PROD-005,153,3950.463479728027
2024-10-26,PROD-005,53,5737.911863622618
2024-10-27,PROD-005,73,9152.17067255207
2024-10-28,PROD-005,85,6593.589020973668
2024-10-29,PROD-005,104,8303.961965413444
2024-10-30,PROD-005,129,18057.800677900977
2024-10-31,PROD-005,111,11484.220534252847
2024-11-01,PROD-005,84,9311.567292291049
2024-11-02,PROD-005,88,8112.299851654589
2024-11-03,PROD-005,73,10575.488564219831
2024-11-04,PROD-005,130,11283.355579577617
2024-11-05,PROD-005,124,9928.205971199308
2024-11-06,PROD-005,123,9441.59747876729
2024-11-07,PROD-005,88,10577.249887404578
2024-11-08,PROD-005,118,14916.143255010118
2024-11-09,PROD-005,65,2708.026947888115
2024-11-10,PROD-005,77,2389.129135375835
2024-11-11,PROD-005,146,6121.1571551599945
2024-11-12,PROD-005,97,8483.985876316703
2024-11-13,PROD-005,121,15064.090245756313
2024-11-14,PROD-005,139,11359.86754993348
2024-11-15,PROD-005,100,9158.917560070231
2024-11-16,PROD-005,77,2779.5645435159936
2024-11-17,PROD-005,52,4416.137790854367
2024-11-18,PROD-005,111,12273.709113122337
2024-11-19,PROD-005,84,2188.6699823722674
2024-11-20,PROD-005,103,10271.00385025174
2024-11-21,PROD-005,116,5110.768604855397
2024-11-22,PROD-005,130,12537.712855970702
2024-11-23,PROD-005,59,8396.923124911253
2024-11-24,PROD-005,80,7612.106639979455
2024-11-25,PROD-005,132,10970.365955779384
2024-11-26,PROD-005,132,3798.4048475652894
2024-11-27,PROD-005,106,15858.12939534419
2024-11-28,PROD-005,125,8097.974437470136
2024-11-29,PROD-005,82,2705.381445332815
2024-11-30,PROD-005,73,9348.31675231332
2024-12-01,PROD-005,57,4157.303584955574
2024-12-02,PROD-005,112,4174.367784613346
2024-12-03,PROD-005,126,11215.919340754519
2024-12-04,PROD-005,80,10594.859240040689
2024-12-05,PROD-005,95,4389.178286051128
2024-12-06,PROD-005,103,11225.739924565216
2024-12-07,PROD-005,74,5706.455372166532
2024-12-08,PROD-005,65,7443.3688501059205
2024-12-09,PROD-005,112,12931.964077033774
2024-12-10,PROD-005,72,2097.5704534095757
2024-12-11,PROD-005,126,17732.11464315515
2024-12-12,PROD-005,122,16276.345361420243
2024-12-13,PROD-005,80,10134.453738940025
2024-12-14,PROD-005,66,9698.789564675055
2024-12-15,PROD-005,46,1452.318785857783
2024-12-16,PROD-005,100,3407.193181203819
2024-12-17,PROD-005,116,14499.724270274137
2024-12-18,PROD-005,82,8783.814839690041
2024-12-19,PROD-005,108,3681.60703638109
2024-12-20,PROD-005,76,2766.4071980845683
2024-12-21,PROD-005,55,3363.5614818998965
2024-12-22,PROD-005,74,9766.029439934826
2024-12-23,PROD-005,114,10265.31997945028
2024-12-24,PROD-005,83,10996.463333600446
2024-12-25,PROD-005,91,8327.705871032265
2024-12-26,PROD-005,75,9876.514621609169
2024-12-27,PROD-005,112,12407.057564243349
2024-12-28,PROD-005,50,5029.360131066064
2024-12-29,PROD-005,65,7972.524464182185
2024-12-30,PROD-005,65,3590.1432326667064
2024-12-31,PROD-005,110,4100.0155466646465
2025-01-01,PROD-005,102,5766.8593350434885
2025-01-02,PROD-005,77,8472.282895827004
2025-01-03,PROD-005,118,6154.084953875603
2025-01-04,PROD-005,69,9841.916899824651
2025-01-05,PROD-005,75,8612.253703498987
2025-01-06,PROD-005,93,10432.730773952602
2025-01-07,PROD-005,111,8800.08134845987
2025-01-08,PROD-005,114,5763.008439892546
2025-01-09,PROD-005,76,5182.789014808299
2025-01-10,PROD-005,98,10728.801415264219
2025-01-11,PROD-005,49,3714.539035401718
2025-01-12,PROD-005,44,4773.10731060881
2025-01-13,PROD-005,75,11240.48811484061
2025-01-14,PROD-005,92,2642.7615373292488
2025-01-15,PROD-005,75,3460.832921243124
2025-01-16,PROD-005,77,7621.356840452254
2025-01-17,PROD-005,82,10322.527158070541
2025-01-18,PROD-005,69,6042.014076553571
2025-01-19,PROD-005,59,1529.6563858962515
2025-01-20,PROD-005,67,8927.191662602077
2025-01-21,PROD-005,106,13131.287121097692
2025-01-22,PROD-005,108,9799.734009364856
2025-01-23,PROD-005,62,2059.4027718054726
2025-01-24,PROD-005,92,4913.919008293861
2025-01-25,PROD-005,69,2687.2287997885446
2025-01-26,PROD-005,60,3497.7125288284637
2025-01-27,PROD-005,60,8476.62020015794
2025-01-28,PROD-005,99,5150.8361343592105
2025-01-29,PROD-005,78,6059.373529410545
2025-01-30,PROD-005,104,14960.804820856212
2025-01-31,PROD-005,72,10364.42412956362
2025-02-01,PROD-005,42,5070.23810554213
2025-02-02,PROD-005,59,8325.926374174427
2025-02-03,PROD-005,90,8318.523615506305
2025-02-04,PROD-005,84,4266.059889257389
2025-02-05,PROD-005,62,2787.5982655814983
2025-02-06,PROD-005,96,10936.906246264409
2025-02-07,PROD-005,85,8315.509946039883
2025-02-08,PROD-005,40,4733.643965116106
2025-02-09,PROD-005,43,1660.4573190896251
2025-02-10,PROD-005,60,6566.840968568041
2025-02-11,PROD-005,69,6832.696933802529
2025-02-12,PROD-005,103,5770.512819829514
2025-02-13,PROD-005,89,9973.95548447227
2025-02-14,PROD-005,64,8829.72224399848
2025-02-15,PROD-005,55,8097.707490873137
2025-02-16,PROD-005,54,2591.0293664576116
2025-02-17,PROD-005,62,8134.020019786654
2025-02-18,PROD-005,64,8515.129210511883
2025-02-19,PROD-005,93,2944.4554790180446
2025-02-20,PROD-005,60,1957.8539321501396
2025-02-21,PROD-005,89,5116.741392397435
2025-02-22,PROD-005,39,2151.4663419850035
2025-02-23,PROD-005,45,6468.744732022053
2025-02-24,PROD-005,101,8435.628971162565
2025-02-25,PROD-005,86,10294.098393735865
2025-02-26,PROD-005,88,7606.602663578156
2025-02-27,PROD-005,62,6389.70391612576
2025-02-28,PROD-005,88,6746.264647064415
2025-03-01,PROD-005,49,2590.0889330693967
2025-03-02,PROD-005,43,5823.3181527248025
2025-03-03,PROD-005,89,4893.213891075357
2025-03-04,PROD-005,99,5405.610268703446
2025-03-05,PROD-005,96,5484.868718425455
2025-03-06,PROD-005,95,7030.615075643051
2025-03-07,PROD-005,60,6096.778380174311
2025-03-08,PROD-005,63,7422.762599547404
2025-03-09,PROD-005,39,1844.6953797398974
2025-03-10,PROD-005,68,9158.724326565565
2025-03-11,PROD-005,98,4502.077509692076
2025-03-12,PROD-005,97,12333.820608421882
2025-03-13,PROD-005,72,3899.2390217573966
2025-03-14,PROD-005,76,10461.59716364226
2025-03-15,PROD-005,57,7835.690778284751
2025-03-16,PROD-005,55,3357.2501448788867
2025-03-17,PROD-005,94,4377.07966214074
2025-03-18,PROD-005,77,9937.164348194327
2025-03-19,PROD-005,62,5778.273610402539
2025-03-20,PROD-005,76,4198.633146534683
2025-03-21,PROD-005,106,11542.939545822768
2025-03-22,PROD-005,57,8220.990564683041
2025-03-23,PROD-005,52,7669.147583845701
2025-03-24,PROD-005,59,6101.830472873479
2025-03-25,PROD-005,77,6043.395150434841
2025-03-26,PROD-005,64,7257.5269024058825
2025-03-27,PROD-005,66,4438.284263768931
2025-03-28,PROD-005,72,4101.096466774888
2025-03-29,PROD-005,38,3626.887933263224
2025-03-30,PROD-005,59,8362.823619935622
2025-03-31,PROD-005,65,4275.210412537474
2025-04-01,PROD-005,99,5562.0806451182325
2025-04-02,PROD-005,102,6697.833383980942
2025-04-03,PROD-005,107,8175.289456403391
2025-04-04,PROD-005,88,4035.394608109251
2025-04-05,PROD-005,67,4547.244792139071
2025-04-06,PROD-005,48,7151.513649844908
2025-04-07,PROD-005,98,9224.759354201347
2025-04-08,PROD-005,103,12921.143422961517
2025-04-09,PROD-005,108,15129.12286757384
2025-04-10,PROD-005,110,8704.388850888194
2025-04-11,PROD-005,79,4516.5990526873065
2025-04-12,PROD-005,69,5399.670499499292
2025-04-13,PROD-005,49,5305.6927732319955
2025-04-14,PROD-005,113,10726.586063668969
2025-04-15,PROD-005,83,8494.014554430236
2025-04-16,PROD-005,66,2550.0879749333585
2025-04-17,PROD-005,97,12069.167362379181
2025-04-18,PROD-005,90,11228.878156786495
2025-04-19,PROD-005,68,2434.598571198159
2025-04-20,PROD-005,57,5091.5521095374825
2025-04-21,PROD-005,68,5989.354080283633
2025-04-22,PROD-005,108,7338.654807585701
2025-04-23,PROD-005,113,4624.592140557526
2025-04-24,PROD-005,102,7853.1903654648695
2025-04-25,PROD-005,103,10002.109883752077
2025-04-26,PROD-005,66,9329.196452911847
2025-04-27,PROD-005,70,4794.223930269634
2025-04-28,PROD-005,113,8267.98647399164
2025-04-29,PROD-005,109,7770.792595575181
2025-04-30,PROD-005,85,3275.4720783636244
2025-05-01,PROD-005,105,9015.66872522327
2025-05-02,PROD-005,111,15139.453481870461
2025-05-03,PROD-005,54,7938.537823900391
2025-05-04,PROD-005,52,5607.964908752102
2025-05-05,PROD-005,110,15384.601828248688
2025-05-06,PROD-005,87,11124.890414786327
2025-05-07,PROD-005,105,14530.295038558032
2025-05-08,PROD-005,77,10408.033348988927
2025-05-09,PROD-005,117,3471.694520530372
2025-05-10,PROD-005,68,5713.25374642872
2025-05-11,PROD-005,76,11289.432763305036
2025-05-12,PROD-005,117,3593.13761064229
2025-05-13,PROD-005,92,12421.209962152976
2025-05-14,PROD-005,73,9767.027892201273
2025-05-15,PROD-005,119,7839.085825374607
2025-05-16,PROD-005,121,8576.374204769278
2025-05-17,PROD-005,79,2484.3901940295605
2025-05-18,PROD-005,69,4478.124563562517
2025-05-19,PROD-005,82,8652.283311181713
2025-05-20,PROD-005,103,9149.850362433961
2025-05-21,PROD-005,85,6414.62903915283
2025-05-22,PROD-005,117,5894.398904776847
2025-05-23,PROD-005,79,11071.95271012915
2025-05-24,PROD-005,70,4729.963999091828
2025-05-25,PROD-005,86,8825.272863504357
2025-05-26,PROD-005,112,16582.40435646893
2025-05-27,PROD-005,131,19329.688488171236
2025-05-28,PROD-005,94,11711.656811861361
2025-05-29,PROD-005,112,14006.063830882862
2025-05-30,PROD-005,109,13544.68121504665
2025-05-31,PROD-005,89,10624.826511170582
2025-06-01,PROD-005,87,11282.36244531436
2025-06-02,PROD-005,117,8372.811348814108
2025-06-03,PROD-005,126,13192.987555102107
2025-06-04,PROD-005,103,11458.283145137044
2025-06-05,PROD-005,120,9608.958413945154
2025-06-06,PROD-005,119,13191.21949066891
2025-06-07,PROD-005,86,2906.78777326932
2025-06-08,PROD-005,89,8485.707420361206
2025-06-09,PROD-005,124,14828.587690236718
2025-06-10,PROD-005,114,14819.084876840163
2025-06-11,PROD-005,132,14433.815957223947
2025-06-12,PROD-005,110,9187.534757102783
2025-06-13,PROD-005,111,13748.969114113495
2025-06-14,PROD-005,85,3934.8598495608435
2025-06-15,PROD-005,74,5843.73411252132
2025-06-16,PROD-005,105,10768.688386625412
2025-06-17,PROD-005,138,18493.74125722078
2025-06-18,PROD-005,117,11011.734197054717
2025-06-19,PROD-005,154,23010.778727861507
2025-06-20,PROD-005,110,9390.239467855748
2025-06-21,PROD-005,78,9162.20505987272
2025-06-22,PROD-005,86,7557.71620676014
2025-06-23,PROD-005,138,17982.442490017183
2025-06-24,PROD-005,149,5736.857445053602
2025-06-25,PROD-005,126,7890.891902394269
2025-06-26,PROD-005,141,9236.529228421476
2025-06-27,PROD-005,158,12421.759661972397
2025-06-28,PROD-005,63,9378.32789066157
2025-06-29,PROD-005,79,5266.867137884202
2025-06-30,PROD-005,118,7963.974293372925
2025-07-01,PROD-005,107,5437.64075267433
2025-07-02,PROD-005,148,11030.030899318079
2025-07-03,PROD-005,111,14819.357120550707
2025-07-04,PROD-005,132,10594.986971999773
2025-07-05,PROD-005,92,12170.994774403845
2025-07-06,PROD-005,92,4793.095265403454
2025-07-07,PROD-005,147,14877.058564758772
2025-07-08,PROD-005,90,5643.500472733997
2025-07-09,PROD-005,126,12451.011070997622
2025-07-10,PROD-005,113,7786.98884123858
2025-07-11,PROD-005,119,5332.728450046888
2025-07-12,PROD-005,59,3653.3886046642865
2025-07-13,PROD-005,93,11437.82660617738
2025-07-14,PROD-005,145,20338.35562019086
2025-07-15,PROD-005,113,12738.69806902581
2025-07-16,PROD-005,110,4335.868543109774
2025-07-17,PROD-005,98,5994.973403353404
2025-07-18,PROD-005,148,21274.291575089737
2025-07-19,PROD-005,77,8446.881139922487
2025-07-20,PROD-005,97,3564.281212829408
2025-07-21,PROD-005,132,19708.376627056605
2025-07-22,PROD-005,166,12045.626543250695
2025-07-23,PROD-005,127,12871.383984242877
2025-07-24,PROD-005,135,19213.814067266554
2025-07-25,PROD-005,163,5632.159836419808
2025-07-26,PROD-005,93,3923.824411325823
2025-07-27,PROD-005,82,5031.348295552352
2025-07-28,PROD-005,102,4841.902743527025
2025-07-29,PROD-005,131,6864.22301082327
2025-07-30,PROD-005,101,8252.633157744354
2025-07-31,PROD-005,103,2881.3233071236
2025-08-01,PROD-005,139,9908.036093780695
2025-08-02,PROD-005,79,11796.093963288879
2025-08-03,PROD-005,81,2393.175868912493
2025-08-04,PROD-005,173,20541.105322744905
2025-08-05,PROD-005,158,13783.059375895733
2025-08-06,PROD-005,116,15671.384474394643
2025-08-07,PROD-005,142,8550.824281273533
2025-08-08,PROD-005,166,18531.8650344615
2025-08-09,PROD-005,80,8147.843093819311
2025-08-10,PROD-005,78,10848.459170414688
2025-08-11,PROD-005,122,6362.724493217311
2025-08-12,PROD-005,112,13682.424171518742
2025-08-13,PROD-005,140,20484.75702239967
2025-08-14,PROD-005,147,15249.1466792186
2025-08-15,PROD-005,128,11193.828408135974
2025-08-16,PROD-005,113,15260.92336202866
2025-08-17,PROD-005,79,8276.274790222436
2025-08-18,PROD-005,114,15730.564941676177
2025-08-19,PROD-005,156,17405.773106732046
2025-08-20,PROD-005,114,13291.351652700168
2025-08-21,PROD-005,173,13560.152633739266
2025-08-22,PROD-005,133,17713.93262676786
2025-08-23,PROD-005,97,6434.1186443680635
2025-08-24,PROD-005,70,2388.7712576677404
2025-08-25,PROD-005,158,10833.65959598025
2025-08-26,PROD-005,149,14366.514342841672
2025-08-27,PROD-005,116,13933.93645841259
2025-08-28,PROD-005,175,8462.242049312972
2025-08-29,PROD-005,128,9880.790864100873
2025-08-30,PROD-005,81,9571.239096000709
2025-08-31,PROD-005,65,3952.599639669415
2025-09-01,PROD-005,175,14949.49662715314
2025-09-02,PROD-005,170,7300.404107186588
2025-09-03,PROD-005,157,4216.239061932047
2025-09-04,PROD-005,178,22312.789757929128
2025-09-05,PROD-005,121,3523.6798692246152
2025-09-06,PROD-005,115,6734.095791290604
2025-09-07,PROD-005,74,2344.193182524337
2025-09-08,PROD-005,140,9996.901584616991
2025-09-09,PROD-005,115,16893.818735526154
2025-09-10,PROD-005,167,15240.848919768792
2025-09-11,PROD-005,105,3283.388603637238
2025-09-12,PROD-005,113,16876.739817225163
2025-09-13,PROD-005,97,13126.495216057196
2025-09-14,PROD-005,71,7945.127530313357
2025-09-15,PROD-005,136,17722.697357806366
2025-09-16,PROD-005,127,4933.39669369199
2025-09-17,PROD-005,161,22079.312428221925
2025-09-18,PROD-005,118,14504.428693143265
2025-09-19,PROD-005,134,13446.000403362064
2025-09-20,PROD-005,65,3391.894124031883
2025-09-21,PROD-005,112,6919.645043102998
2025-09-22,PROD-005,129,10165.27154395697
2025-09-23,PROD-005,121,5130.761621929715
2025-09-24,PROD-005,144,17656.222076959475
2025-09-25,PROD-005,131,16407.003224585987
2025-09-26,PROD-005,122,6894.855529896995
2025-09-27,PROD-005,73,2851.8609279756024
2025-09-28,PROD-005,112,9620.585825282278
2025-09-29,PROD-005,114,12817.609892425542
2025-09-30,PROD-005,102,10590.551599944585
2025-10-01,PROD-005,113,15975.923037455337
2025-10-02,PROD-005,117,10578.894748513861
2025-10-03,PROD-005,146,19004.556738387873
2025-10-04,PROD-005,93,4586.386237314794
2025-10-05,PROD-005,90,7848.381298056652
2025-10-06,PROD-005,153,17833.71937822204
2025-10-07,PROD-005,121,7950.6171122072765
2025-10-08,PROD-005,133,4095.903400473866
2025-10-09,PROD-005,159,23068.638511903828
2025-10-10,PROD-005,141,9445.878380065637
2025-10-11,PROD-005,73,6308.543813823258
2025-10-12,PROD-005,80,8815.62418615815
2025-10-13,PROD-005,154,6241.261595510765
2025-10-14,PROD-005,154,19509.642122833753
2025-10-15,PROD-005,140,9753.235181585505
2025-10-16,PROD-005,101,5340.083522198313
2025-10-17,PROD-005,165,24323.337777955996
2025-10-18,PROD-005,93,4024.0931479532937
2025-10-19,PROD-005,85,10520.545925331407
2025-10-20,PROD-005,127,14386.376677538296
2025-10-21,PROD-005,122,17964.114756130035
2025-10-22,PROD-005,112,11371.026962327747
2025-10-23,PROD-005,153,5029.633073553153
2025-10-24,PROD-005,98,11221.800560986512
2025-10-25,PROD-005,71,8018.895751945901
2025-10-26,PROD-005,60,3106.6957658295296
2025-10-27,PROD-005,151,10674.579585706057
2025-10-28,PROD-005,109,7403.936510611887
2025-10-29,PROD-005,127,15133.300783679457
2025-10-30,PROD-005,121,9468.43421418967
2025-10-31,PROD-005,117,7782.728665028631
2025-11-01,PROD-005,70,2277.762308467557
2025-11-02,PROD-005,73,4855.169726122382
2025-11-03,PROD-005,111,5136.925764395548
2025-11-04,PROD-005,118,7823.706226016261
2025-11-05,PROD-005,100,9888.708274404165
2025-11-06,PROD-005,157,8453.819608621841
2025-11-07,PROD-005,96,5074.295333759839
2025-11-08,PROD-005,75,3680.489493999873
2025-11-09,PROD-005,57,4773.3921696468815
2025-11-10,PROD-005,113,11377.37572820553
2025-11-11,PROD-005,109,15777.122114606947
2025-11-12,PROD-005,125,10920.922758686853
2025-11-13,PROD-005,105,9832.306259311164
2025-11-14,PROD-005,126,14825.942053978777
2025-11-15,PROD-005,85,11876.827222706681
2025-11-16,PROD-005,56,6344.865433132119
2025-11-17,PROD-005,154,20711.372203533094
2025-11-18,PROD-005,121,15409.522244676895
2025-11-19,PROD-005,127,12721.88733083654
2025-11-20,PROD-005,139,4447.268207067461
2025-11-21,PROD-005,129,7828.1917719028415
2025-11-22,PROD-005,62,5140.496071233857
2025-11-23,PROD-005,53,6942.127706147398
2025-11-24,PROD-005,137,19900.34758546782
2025-11-25,PROD-005,129,16196.955395717026
2025-11-26,PROD-005,82,4344.75996135028
2025-11-27,PROD-005,130,18116.977401450535
2025-11-28,PROD-005,94,11918.407905555254
2025-11-29,PROD-005,64,1907.6605646014627
2025-11-30,PROD-005,62,2218.7085447412755
2025-12-01,PROD-005,110,7705.267206691813
2025-12-02,PROD-005,81,10540.152536597447
2025-12-03,PROD-005,137,8682.985586375817
2025-12-04,PROD-005,130,7337.906691023257
2025-12-05,PROD-005,86,8992.745005649105
2025-12-06,PROD-005,87,5578.92364498681
2025-12-07,PROD-005,81,4625.759967047743
2025-12-08,PROD-005,91,6143.229872103752
2025-12-09,PROD-005,116,15117.703349806998
2025-12-10,PROD-005,139,5227.405796782927
2025-12-11,PROD-005,99,13878.54079857797
2025-12-12,PROD-005,116,8566.419707709423
2025-12-13,PROD-005,67,8687.091421822919
2025-12-14,PROD-005,62,8983.599979076816
2025-12-15,PROD-005,132,12713.421405395244
2025-12-16,PROD-005,100,5805.5669593108405
2025-12-17,PROD-005,89,11543.275722619675
2025-12-18,PROD-005,101,5573.331728807558
2025-12-19,PROD-005,135,4628.002664921245
2025-12-20,PROD-005,74,2586.3927185781636
2025-12-21,PROD-005,56,4301.58527644991
2025-12-22,PROD-005,131,7106.427955829664
2025-12-23,PROD-005,108,3708.6195535781235
2025-12-24,PROD-005,89,9602.56923995801
2025-12-25,PROD-005,102,4988.359776491366
2025-12-26,PROD-005,123,18091.38273388268
2025-12-27,PROD-005,78,5083.943720574544
2025-12-28,PROD-005,68,2732.9701436089476
2025-12-29,PROD-005,113,11273.697508504894
2025-12-30,PROD-005,73,7498.979105325314
2025-12-31,PROD-005,94,5364.4826438719065
2026-01-01,PROD-005,83,8496.036592742776
2026-01-02,PROD-005,93,13166.025784164725
2026-01-03,PROD-005,70,2971.49677046468
2026-01-04,PROD-005,67,8735.95191721846
2026-01-05,PROD-005,113,5148.54808037551
2026-01-06,PROD-005,107,15744.777297099114
2026-01-07,PROD-005,110,3201.163452573929
2026-01-08,PROD-005,116,16482.955737562937
2026-01-09,PROD-005,106,5312.15222097139
2026-01-10,PROD-005,78,10449.271211200978
2026-01-11,PROD-005,47,3326.2155862045443
2026-01-12,PROD-005,117,9479.128070273515
2026-01-13,PROD-005,83,12278.865476617504
2026-01-14,PROD-005,115,4847.6789189316605
2026-01-15,PROD-005,75,7035.577117657607
2026-01-16,PROD-005,101,5169.947010990633
2026-01-17,PROD-005,42,2643.1722929153343
2026-01-18,PROD-005,46,3560.9099806099366
2026-01-19,PROD-005,98,10688.28925360357
2026-01-20,PROD-005,85,12263.34003352711
2026-01-21,PROD-005,73,3543.8787359504995
2026-01-22,PROD-005,115,16028.958552643924
2026-01-23,PROD-005,66,1982.3305819902766
2026-01-24,PROD-005,68,4932.748309833583
2026-01-25,PROD-005,71,9538.169137401721
2026-01-26,PROD-005,73,10842.988174816517
2026-01-27,PROD-005,96,5250.177706541534
2026-01-28,PROD-005,68,5820.650640923567
2026-01-29,PROD-005,113,12176.57340107576
2026-01-30,PROD-005,109,15298.567717663971
2026-01-31,PROD-005,55,3214.089196774554
2026-02-01,PROD-005,41,4116.308146726352
2026-02-02,PROD-005,82,10516.073752008186
2026-02-03,PROD-005,69,8979.409027578562
2026-02-04,PROD-005,71,3221.671505369497
2026-02-05,PROD-005,96,2958.02235060678
2026-02-06,PROD-005,74,2546.116322670815
2026-02-07,PROD-005,60,2281.9992576283444
2026-02-08,PROD-005,66,5717.175829784383
2026-02-09,PROD-005,83,11378.050342411587
2026-02-10,PROD-005,95,9190.120823464631
2026-02-11,PROD-005,61,3268.4300352899113
2026-02-12,PROD-005,112,8724.484567198715
2026-02-13,PROD-005,106,7711.519838915328
2021-02-14,PROD-006,39,4293.900228971016
2021-02-15,PROD-006,74,9683.24370866531
2021-02-16,PROD-006,76,2534.1304491119245
2021-02-17,PROD-006,59,8530.458143875097
2021-02-18,PROD-006,79,7682.235881493983
2021-02-19,PROD-006,64,4936.0558054603625
2021-02-20,PROD-006,30,3554.077607884808
2021-02-21,PROD-006,35,2334.261443557461
2021-02-22,PROD-006,71,5070.688173549836
2021-02-23,PROD-006,78,3930.3195212995174
2021-02-24,PROD-006,65,5579.195902131184
2021-02-25,PROD-006,47,4081.928258743077
2021-02-26,PROD-006,68,3546.6382768655462
2021-02-27,PROD-006,46,4276.496641274679
2021-02-28,PROD-006,44,3176.071171159692
2021-03-01,PROD-006,68,6900.812393201029
2021-03-02,PROD-006,53,7039.8144961644275
2021-03-03,PROD-006,78,4407.313963597008
2021-03-04,PROD-006,70,10255.286212565583
2021-03-05,PROD-006,54,5607.557379523746
2021-03-06,PROD-006,44,5406.220712228489
2021-03-07,PROD-006,39,2334.025171964278
2021-03-08,PROD-006,45,6735.725044941644
2021-03-09,PROD-006,76,8159.762701912725
2021-03-10,PROD-006,67,6965.85569067337
2021-03-11,PROD-006,74,6123.191715595663
2021-03-12,PROD-006,78,7872.855397694743
2021-03-13,PROD-006,40,5009.735743709943
2021-03-14,PROD-006,37,1299.4599917538512
2021-03-15,PROD-006,80,2365.0878980254747
2021-03-16,PROD-006,50,5285.284649602685
2021-03-17,PROD-006,64,2854.435414282293
2021-03-18,PROD-006,71,7227.204909040239
2021-03-19,PROD-006,70,10260.741807613333
2021-03-20,PROD-006,51,7194.500833187636
2021-03-21,PROD-006,35,2977.9583739661457
2021-03-22,PROD-006,55,3821.222389586778
2021-03-23,PROD-006,59,5150.150019728929
2021-03-24,PROD-006,51,5472.4439994891045
2021-03-25,PROD-006,59,5371.662951673407
2021-03-26,PROD-006,70,5595.816204195423
2021-03-27,PROD-006,54,2918.1636654248196
2021-03-28,PROD-006,47,3843.270944080424
2021-03-29,PROD-006,68,9592.259227601078
2021-03-30,PROD-006,69,4072.7165602736
2021-03-31,PROD-006,49,5311.692374664557
2021-04-01,PROD-006,60,5246.78381107239
2021-04-02,PROD-006,73,5376.826251485284
2021-04-03,PROD-006,36,3488.2961183480493
2021-04-04,PROD-006,55,7995.830122547999
2021-04-05,PROD-006,83,5815.891171603202
2021-04-06,PROD-006,83,12122.488007145248
2021-04-07,PROD-006,65,8650.639243534304
2021-04-08,PROD-006,59,5096.766168998216
2021-04-09,PROD-006,68,2421.4550281423526
2021-04-10,PROD-006,49,2889.766093718417
2021-04-11,PROD-006,58,4694.633172809063
2021-04-12,PROD-006,61,2861.153502816404
2021-04-13,PROD-006,90,11034.742171525184
2021-04-14,PROD-006,67,5109.7952983024725
2021-04-15,PROD-006,74,2901.6942070419714
2021-04-16,PROD-006,85,6545.620867649812
2021-04-17,PROD-006,55,5524.195226521032
2021-04-18,PROD-006,56,5866.888461598578
2021-04-19,PROD-006,73,5770.69214137186
2021-04-20,PROD-006,51,6756.8731763827855
2021-04-21,PROD-006,69,8058.891169996899
2021-04-22,PROD-006,57,7039.682575629179
2021-04-23,PROD-006,56,5292.704208833656
2021-04-24,PROD-006,44,2697.780538390871
2021-04-25,PROD-006,55,2225.742731320483
2021-04-26,PROD-006,58,4341.71023291641
2021-04-27,PROD-006,87,10645.252387306205
2021-04-28,PROD-006,92,6294.032985243941
2021-04-29,PROD-006,92,5087.878814212721
2021-04-30,PROD-006,58,6256.680476653048
2021-05-01,PROD-006,61,4433.612850507362
2021-05-02,PROD-006,53,4662.709474809501
2021-05-03,PROD-006,81,3043.4453201894225
2021-05-04,PROD-006,67,5640.736417083229
2021-05-05,PROD-006,69,9739.084713024293
2021-05-06,PROD-006,101,7071.538167110954
2021-05-07,PROD-006,99,10935.911168946463
2021-05-08,PROD-006,52,2676.5078366392618
2021-05-09,PROD-006,58,3096.5390715763037
2021-05-10,PROD-006,60,7322.857941446201
2021-05-11,PROD-006,70,8488.325667070361
2021-05-12,PROD-006,75,4817.818555309234
2021-05-13,PROD-006,96,3273.928500981978
2021-05-14,PROD-006,60,4278.426780770477
2021-05-15,PROD-006,41,5250.7665413203995
2021-05-16,PROD-006,48,5468.725920117464
2021-05-17,PROD-006,79,2161.6810274106233
2021-05-18,PROD-006,85,7943.720781183064
2021-05-19,PROD-006,73,9695.085193479257
2021-05-20,PROD-006,68,4923.109160442796
2021-05-21,PROD-006,69,9210.488556712586
2021-05-22,PROD-006,42,5344.59162766462
2021-05-23,PROD-006,69,8530.23201455784
2021-05-24,PROD-006,90,3873.514875088565
2021-05-25,PROD-006,83,5758.207815377275
2021-05-26,PROD-006,72,3649.267036529679
2021-05-27,PROD-006,72,10192.862177959716
2021-05-28,PROD-006,63,2990.7570100228427
2021-05-29,PROD-006,46,4179.591379673832
2021-05-30,PROD-006,50,1991.6735714355277
2021-05-31,PROD-006,100,2753.6002928053376
2021-06-01,PROD-006,93,7302.416327546266
2021-06-02,PROD-006,119,8691.632854559743
2021-06-03,PROD-006,91,9989.79900940578
2021-06-04,PROD-006,86,7049.37517422174
2021-06-05,PROD-006,52,5666.44881916996
2021-06-06,PROD-006,58,4858.4321804937545
2021-06-07,PROD-006,86,11613.384502071136
2021-06-08,PROD-006,68,3586.594485650399
2021-06-09,PROD-006,72,8272.035622541845
2021-06-10,PROD-006,73,7483.064678082127
2021-06-11,PROD-006,121,4371.709010680465
2021-06-12,PROD-006,49,5720.900585496054
2021-06-13,PROD-006,54,5638.410490303284
2021-06-14,PROD-006,116,7137.148529095841
2021-06-15,PROD-006,90,7194.454347067099
2021-06-16,PROD-006,79,9354.917878765013
2021-06-17,PROD-006,117,4027.588543738209
2021-06-18,PROD-006,81,10350.918441750538
2021-06-19,PROD-006,64,8911.364654517887
2021-06-20,PROD-006,82,11733.9826314858
2021-06-21,PROD-006,115,6191.598068160944
2021-06-22,PROD-006,103,7052.59415990249
2021-06-23,PROD-006,124,4213.493902212455
2021-06-24,PROD-006,114,16080.387329005604
2021-06-25,PROD-006,108,4367.748431874869
2021-06-26,PROD-006,65,2213.4852114233336
2021-06-27,PROD-006,64,3710.213282143299
2021-06-28,PROD-006,76,5061.492439892894
2021-06-29,PROD-006,109,4219.07893360161
2021-06-30,PROD-006,87,9351.867046237723
2021-07-01,PROD-006,132,10670.602090834303
2021-07-02,PROD-006,83,7122.9920955889165
2021-07-03,PROD-006,69,7332.481104736353
2021-07-04,PROD-006,66,3058.3483428218487
2021-07-05,PROD-006,75,3809.439146312318
2021-07-06,PROD-006,102,7829.90180875501
2021-07-07,PROD-006,76,2759.4742129818987
2021-07-08,PROD-006,138,11131.345505970301
2021-07-09,PROD-006,77,4185.35041305569
2021-07-10,PROD-006,49,7130.407635132766
2021-07-11,PROD-006,61,1564.52251833902
2021-07-12,PROD-006,84,11289.06742224391
2021-07-13,PROD-006,141,9819.835871213303
2021-07-14,PROD-006,128,7920.9571926148865
2021-07-15,PROD-006,109,7336.861910195162
2021-07-16,PROD-006,90,4251.129283566766
2021-07-17,PROD-006,77,4322.394939432541
2021-07-18,PROD-006,79,3979.854710259947
2021-07-19,PROD-006,82,8200.170661767534
2021-07-20,PROD-006,126,6507.249652503002
2021-07-21,PROD-006,94,8642.118389842788
2021-07-22,PROD-006,91,13063.913969601388
2021-07-23,PROD-006,99,8956.25405482899
2021-07-24,PROD-006,73,2460.876216156082
2021-07-25,PROD-006,92,5545.874201264499
2021-07-26,PROD-006,90,10811.016601588202
2021-07-27,PROD-006,100,6412.311077926415
2021-07-28,PROD-006,116,11254.244868509864
2021-07-29,PROD-006,128,10958.084884374333
2021-07-30,PROD-006,125,11012.717053631452
2021-07-31,PROD-006,60,5228.489257631582
2021-08-01,PROD-006,56,3317.493493515671
2021-08-02,PROD-006,108,11279.72220045871
2021-08-03,PROD-006,136,8802.199070369268
2021-08-04,PROD-006,120,13891.014104453168
2021-08-05,PROD-006,85,8114.197451556415
2021-08-06,PROD-006,98,6909.365765672537
2021-08-07,PROD-006,64,6179.714985186103
2021-08-08,PROD-006,80,4705.459940112773
2021-08-09,PROD-006,103,15187.75313120505
2021-08-10,PROD-006,98,10201.288552385244
2021-08-11,PROD-006,131,6843.889466214236
2021-08-12,PROD-006,127,3431.7846834607462
2021-08-13,PROD-006,150,14232.01580331095
2021-08-14,PROD-006,55,4880.75117314789
2021-08-15,PROD-006,90,13413.94428977084
2021-08-16,PROD-006,108,3316.1966232788836
2021-08-17,PROD-006,101,2985.5126309844068
2021-08-18,PROD-006,84,5867.158902821491
2021-08-19,PROD-006,98,13630.051273364614
2021-08-20,PROD-006,144,9860.077620265887
2021-08-21,PROD-006,77,2363.1760238993456
2021-08-22,PROD-006,58,6935.607564259372
2021-08-23,PROD-006,129,9220.562914566013
2021-08-24,PROD-006,152,12427.648562372715
2021-08-25,PROD-006,112,10330.312487452898
2021-08-26,PROD-006,129,8209.31976871865
2021-08-27,PROD-006,141,3989.1156620177967
2021-08-28,PROD-006,61,1663.696306177319
2021-08-29,PROD-006,95,8130.275421944502
2021-08-30,PROD-006,141,20022.4801762563
2021-08-31,PROD-006,136,8758.735323587414
2021-09-01,PROD-006,123,4470.8128347034935
2021-09-02,PROD-006,151,15651.766178385395
2021-09-03,PROD-006,98,11417.958476683601
2021-09-04,PROD-006,77,7501.570938680707
2021-09-05,PROD-006,96,13276.569265675545
2021-09-06,PROD-006,102,9583.054625831817
2021-09-07,PROD-006,92,11525.602628717841
2021-09-08,PROD-006,135,7438.791113705936
2021-09-09,PROD-006,109,5446.429456143323
2021-09-10,PROD-006,140,8874.175028013764
2021-09-11,PROD-006,63,3106.077115739835
2021-09-12,PROD-006,89,10177.794614870776
2021-09-13,PROD-006,104,11887.055218983573
2021-09-14,PROD-006,126,12159.9771494564
2021-09-15,PROD-006,89,9811.71950132097
2021-09-16,PROD-006,97,5193.7865861124965
2021-09-17,PROD-006,127,3868.0692363208595
2021-09-18,PROD-006,80,2256.798421028274
2021-09-19,PROD-006,94,3500.306127102294
2021-09-20,PROD-006,115,14117.305457787626
2021-09-21,PROD-006,103,12395.864590159157
2021-09-22,PROD-006,150,10570.513608272686
2021-09-23,PROD-006,128,18151.740560203805
2021-09-24,PROD-006,110,12065.862221010279
2021-09-25,PROD-006,94,7519.554392237333
2021-09-26,PROD-006,98,8896.436491094859
2021-09-27,PROD-006,150,20687.130095564524
2021-09-28,PROD-006,129,14508.761038436829
2021-09-29,PROD-006,121,14292.600197628492
2021-09-30,PROD-006,134,5949.339058235733
2021-10-01,PROD-006,152,18616.32054795107
2021-10-02,PROD-006,89,5717.1009317801445
2021-10-03,PROD-006,90,12086.507918551844
2021-10-04,PROD-006,111,5221.7654059724055
2021-10-05,PROD-006,134,6872.795341396509
2021-10-06,PROD-006,148,16319.021844804605
2021-10-07,PROD-006,108,15931.099185116112
2021-10-08,PROD-006,138,17685.077036024453
2021-10-09,PROD-006,55,1551.8664075756963
2021-10-10,PROD-006,89,7987.340758250867
2021-10-11,PROD-006,137,6050.050617803091
2021-10-12,PROD-006,125,10736.124231589645
2021-10-13,PROD-006,90,6677.8485251118145
2021-10-14,PROD-006,117,12006.467642946223
2021-10-15,PROD-006,104,14638.702209756713
2021-10-16,PROD-006,55,6804.406911135981
2021-10-17,PROD-006,92,7490.893236415384
2021-10-18,PROD-006,107,7284.917607729186
2021-10-19,PROD-006,144,9200.956398838824
2021-10-20,PROD-006,131,18849.826666974954
2021-10-21,PROD-006,125,14631.039150080185
2021-10-22,PROD-006,121,6443.84860179503
2021-10-23,PROD-006,73,2393.9983770723775
2021-10-24,PROD-006,90,12431.057924327395
2021-10-25,PROD-006,91,9729.376550498191
2021-10-26,PROD-006,114,15784.53483664266
2021-10-27,PROD-006,119,15591.29352501846
2021-10-28,PROD-006,135,15561.984367736479
2021-10-29,PROD-006,86,9810.648845769038
2021-10-30,PROD-006,68,6674.553215642177
2021-10-31,PROD-006,73,4236.218377922805
2021-11-01,PROD-006,136,19567.033569563908
2021-11-02,PROD-006,95,9593.762695615238
2021-11-03,PROD-006,110,6927.864744623724
2021-11-04,PROD-006,90,12574.605036740619
2021-11-05,PROD-006,103,13560.249121932407
2021-11-06,PROD-006,73,3647.124996657793
2021-11-07,PROD-006,63,2974.7403338212807
2021-11-08,PROD-006,103,15119.95264966073
2021-11-09,PROD-006,91,2637.3349174732207
2021-11-10,PROD-006,98,12581.5103114189
2021-11-11,PROD-006,118,8655.83970386884
2021-11-12,PROD-006,73,7993.107788221357
2021-11-13,PROD-006,62,7391.511334680121
2021-11-14,PROD-006,80,10385.778304743817
2021-11-15,PROD-006,132,7342.334353931036
2021-11-16,PROD-006,124,13200.371235687431
2021-11-17,PROD-006,127,15426.589734919431
2021-11-18,PROD-006,118,8733.729217880595
2021-11-19,PROD-006,127,12080.720600448098
2021-11-20,PROD-006,56,2905.3209807604644
2021-11-21,PROD-006,48,2148.5132369458374
2021-11-22,PROD-006,126,7627.2665088481635
2021-11-23,PROD-006,88,5210.178371081207
2021-11-24,PROD-006,80,9156.230061279824
2021-11-25,PROD-006,122,4780.839058561212
2021-11-26,PROD-006,111,14944.707246076801
2021-11-27,PROD-006,69,6628.055643800534
2021-11-28,PROD-006,43,1862.4242189365598
2021-11-29,PROD-006,107,10755.549359649447
2021-11-30,PROD-006,85,7922.842094759139
2021-12-01,PROD-006,85,6201.797695921675
2021-12-02,PROD-006,121,4623.38777817382
2021-12-03,PROD-006,108,16088.268989418451
2021-12-04,PROD-006,62,6075.121288490789
2021-12-05,PROD-006,67,8345.11325072688
2021-12-06,PROD-006,88,10592.748105974724
2021-12-07,PROD-006,99,14709.83027518377
2021-12-08,PROD-006,101,8392.334766621145
2021-12-09,PROD-006,77,6039.108674035723
2021-12-10,PROD-006,78,6517.612906943681
2021-12-11,PROD-006,60,5594.73031747128
2021-12-12,PROD-006,68,1755.7739966181566
2021-12-13,PROD-006,84,12469.120827406066
2021-12-14,PROD-006,83,8965.88802669985
2021-12-15,PROD-006,70,1812.2993311538191
2021-12-16,PROD-006,83,3409.380783009776
2021-12-17,PROD-006,72,8084.959009140488
2021-12-18,PROD-006,62,6609.332660594067
2021-12-19,PROD-006,42,3539.472007361377
2021-12-20,PROD-006,111,7253.053395297637
2021-12-21,PROD-006,107,5513.993434696035
2021-12-22,PROD-006,106,9252.559439575205
2021-12-23,PROD-006,102,15159.547299697766
2021-12-24,PROD-006,110,9605.69734810706
2021-12-25,PROD-006,55,6137.608242546084
2021-12-26,PROD-006,43,6119.169539644169
2021-12-27,PROD-006,76,4383.397701516788
2021-12-28,PROD-006,73,7710.142179387319
2021-12-29,PROD-006,99,7829.981952821522
2021-12-30,PROD-006,102,9149.644171723585
2021-12-31,PROD-006,66,4511.546775031503
2022-01-01,PROD-006,67,8375.314729313459
2022-01-02,PROD-006,54,2777.162641681969
2022-01-03,PROD-006,62,3427.124651418643
2022-01-04,PROD-006,94,4974.305911238357
2022-01-05,PROD-006,67,8391.972107836667
2022-01-06,PROD-006,78,5671.631584451651
2022-01-07,PROD-006,61,3482.1488552497804
2022-01-08,PROD-006,61,7598.022614342322
2022-01-09,PROD-006,65,2113.5927164924906
2022-01-10,PROD-006,81,3477.675924941854
2022-01-11,PROD-006,88,5789.25860330134
2022-01-12,PROD-006,75,9307.296260437988
2022-01-13,PROD-006,81,11238.646714148977
2022-01-14,PROD-006,93,6853.21307676083
2022-01-15,PROD-006,39,2571.842167838132
2022-01-16,PROD-006,59,7369.739763748842
2022-01-17,PROD-006,63,2924.3775019030163
2022-01-18,PROD-006,98,14006.130886440702
2022-01-19,PROD-006,65,2320.3018825127324
2022-01-20,PROD-006,95,9954.397760879636
2022-01-21,PROD-006,75,9178.37944101967
2022-01-22,PROD-006,41,2302.353892216534
2022-01-23,PROD-006,50,7292.905045280514
2022-01-24,PROD-006,79,4071.7142514148013
2022-01-25,PROD-006,82,2109.074323372638
2022-01-26,PROD-006,95,12383.042855369331
2022-01-27,PROD-006,84,10807.333843538287
2022-01-28,PROD-006,54,1803.0509453177622
2022-01-29,PROD-006,44,2187.8377913858117
2022-01-30,PROD-006,38,1223.1651534712996
2022-01-31,PROD-006,62,6058.679613803003
2022-02-01,PROD-006,87,9661.572455657353
2022-02-02,PROD-006,65,7334.961936186908
2022-02-03,PROD-006,76,7605.672873372432
2022-02-04,PROD-006,86,4399.475634221461
2022-02-05,PROD-006,40,1499.798824229023
2022-02-06,PROD-006,57,1815.8713141340972
2022-02-07,PROD-006,55,4818.560130829034
2022-02-08,PROD-006,65,9379.395917772204
2022-02-09,PROD-006,69,9030.62147281097
2022-02-10,PROD-006,90,4674.335994361771
2022-02-11,PROD-006,62,5992.874895231582
2022-02-12,PROD-006,36,4108.631775760883
2022-02-13,PROD-006,48,5541.25958689887
2022-02-14,PROD-006,66,4175.436149322763
2022-02-15,PROD-006,65,6466.222606599031
2022-02-16,PROD-006,92,3019.383113187452
2022-02-17,PROD-006,68,2312.5490252690543
2022-02-18,PROD-006,77,3009.89371265852
2022-02-19,PROD-006,51,2174.6999700103925
2022-02-20,PROD-006,55,5870.669813088545
2022-02-21,PROD-006,76,8627.98801477442
2022-02-22,PROD-006,89,5334.610376434779
2022-02-23,PROD-006,57,7025.138065097225
2022-02-24,PROD-006,76,3335.3497720494497
2022-02-25,PROD-006,56,3458.4476289695035
2022-02-26,PROD-006,43,2088.975607920065
2022-02-27,PROD-006,54,3227.5050294888933
2022-02-28,PROD-006,90,10193.096606852285
2022-03-01,PROD-006,75,10326.08456489888
2022-03-02,PROD-006,86,9276.36576300518
2022-03-03,PROD-006,79,4732.143989099562
2022-03-04,PROD-006,72,4796.22533959318
2022-03-05,PROD-006,49,7199.460506392676
2022-03-06,PROD-006,38,2818.769965796154
2022-03-07,PROD-006,71,7785.200595330651
2022-03-08,PROD-006,79,7968.35782900158
2022-03-09,PROD-006,86,11068.243518544401
2022-03-10,PROD-006,80,2616.591018002348
2022-03-11,PROD-006,91,4001.132613138067
2022-03-12,PROD-006,54,3083.2421528431687
2022-03-13,PROD-006,41,6015.393992873965
2022-03-14,PROD-006,73,9366.092151519377
2022-03-15,PROD-006,76,7058.170915505192
2022-03-16,PROD-006,93,4324.994632940061
2022-03-17,PROD-006,54,6465.729008409233
2022-03-18,PROD-006,90,9291.27822584662
2022-03-19,PROD-006,54,4825.5968471273845
2022-03-20,PROD-006,44,1361.2257181291347
2022-03-21,PROD-006,78,5901.15626181007
2022-03-22,PROD-006,67,5290.296600894097
2022-03-23,PROD-006,53,2216.94474551891
2022-03-24,PROD-006,58,6937.206206890403
2022-03-25,PROD-006,76,3140.7081512822588
2022-03-26,PROD-006,45,2021.0859108043917
2022-03-27,PROD-006,35,1287.2689506920985
2022-03-28,PROD-006,84,3109.426989293211
2022-03-29,PROD-006,62,8136.3134174766155
2022-03-30,PROD-006,87,8643.371534103177
2022-03-31,PROD-006,70,3867.3716480766534
2022-04-01,PROD-006,89,6499.043096264637
2022-04-02,PROD-006,60,4094.0764277479457
2022-04-03,PROD-006,44,1557.1780865338844
2022-04-04,PROD-006,101,6879.718828257567
2022-04-05,PROD-006,90,8929.48365999344
2022-04-06,PROD-006,78,6097.189441430933
2022-04-07,PROD-006,100,3268.7210219353774
2022-04-08,PROD-006,86,8739.032040950497
2022-04-09,PROD-006,38,3531.22911205813
2022-04-10,PROD-006,48,3980.136305788511
2022-04-11,PROD-006,94,10961.711043179808
2022-04-12,PROD-006,69,7355.054320069737
2022-04-13,PROD-006,83,4591.326667459823
2022-04-14,PROD-006,90,10447.286038483851
2022-04-15,PROD-006,61,3454.874103499001
2022-04-16,PROD-006,56,7752.1128946135395
2022-04-17,PROD-006,61,4846.910194905901
2022-04-18,PROD-006,68,8508.244990595695
2022-04-19,PROD-006,86,12349.33346274983
2022-04-20,PROD-006,72,6039.992253392931
2022-04-21,PROD-006,104,6587.562599729531
2022-04-22,PROD-006,91,6607.439373750549
2022-04-23,PROD-006,48,2200.707306456583
2022-04-24,PROD-006,47,2045.7368297723467
2022-04-25,PROD-006,84,7041.536420918985
2022-04-26,PROD-006,87,3950.6480584619403
2022-04-27,PROD-006,112,11893.069593240496
2022-04-28,PROD-006,81,9406.751497419362
2022-04-29,PROD-006,95,5220.575583129428
2022-04-30,PROD-006,45,1148.0252680939561
2022-05-01,PROD-006,69,6565.782117875986
2022-05-02,PROD-006,100,9435.33106794315
2022-05-03,PROD-006,95,2692.249899089892
2022-05-04,PROD-006,104,11943.34652445961
2022-05-05,PROD-006,86,10018.078912977826
2022-05-06,PROD-006,117,5265.776573407676
2022-05-07,PROD-006,63,9151.58457166475
2022-05-08,PROD-006,54,4359.521821903875
2022-05-09,PROD-006,99,7542.526696210097
2022-05-10,PROD-006,73,10321.959426707075
2022-05-11,PROD-006,67,8516.919266544854
2022-05-12,PROD-006,116,11112.458515962564
2022-05-13,PROD-006,92,5806.018329081607
2022-05-14,PROD-006,44,6523.568139132483
2022-05-15,PROD-006,58,4179.322246465451
2022-05-16,PROD-006,72,9890.104192540366
2022-05-17,PROD-006,95,4612.2559438182525
2022-05-18,PROD-006,100,14320.929074673919
2022-05-19,PROD-006,87,2597.3980054720487
2022-05-20,PROD-006,83,10782.98239786673
2022-05-21,PROD-006,73,4568.598702398386
2022-05-22,PROD-006,53,6660.273048812881
2022-05-23,PROD-006,74,2211.3147640691777
2022-05-24,PROD-006,99,7786.315182452073
2022-05-25,PROD-006,121,16941.83970925262
2022-05-26,PROD-006,123,11733.505173791222
2022-05-27,PROD-006,130,14204.123816058842
2022-05-28,PROD-006,81,7560.693324722488
2022-05-29,PROD-006,81,11255.94406752936
2022-05-30,PROD-006,105,15566.78238460799
2022-05-31,PROD-006,85,8654.418346661334
2022-06-01,PROD-006,88,6118.615892798486
2022-06-02,PROD-006,120,8916.606341622182
2022-06-03,PROD-006,121,16496.138983375244
2022-06-04,PROD-006,82,8338.52081367737
2022-06-05,PROD-006,57,7476.125395781422
2022-06-06,PROD-006,106,9563.593688707606
2022-06-07,PROD-006,98,13277.475221802419
2022-06-08,PROD-006,93,13428.09309850542
2022-06-09,PROD-006,90,7008.590793027672
2022-06-10,PROD-006,117,12544.667779506986
2022-06-11,PROD-006,49,2325.2692478165263
2022-06-12,PROD-006,89,11533.44370506681
2022-06-13,PROD-006,89,2592.402524018488
2022-06-14,PROD-006,117,12377.624006427217
2022-06-15,PROD-006,107,4080.476954918593
2022-06-16,PROD-006,98,6056.839001219462
2022-06-17,PROD-006,118,12263.950875847171
2022-06-18,PROD-006,57,4245.586391289322
2022-06-19,PROD-006,58,3967.3169517027145
2022-06-20,PROD-006,103,7843.831313861887
2022-06-21,PROD-006,136,12804.972896428148
2022-06-22,PROD-006,145,14209.568186872395
2022-06-23,PROD-006,101,11427.637418932092
2022-06-24,PROD-006,133,15637.778576008355
2022-06-25,PROD-006,58,6727.211873373264
2022-06-26,PROD-006,80,11574.154056330299
2022-06-27,PROD-006,107,15738.23570371478
2022-06-28,PROD-006,119,13127.927788721368
2022-06-29,PROD-006,95,6673.685433920711
2022-06-30,PROD-006,115,3320.57803660271
2022-07-01,PROD-006,102,11750.575140471145
2022-07-02,PROD-006,97,5868.5053965601255
2022-07-03,PROD-006,73,9034.904993527316
2022-07-04,PROD-006,144,11931.316112681248
2022-07-05,PROD-006,99,6522.171085159557
2022-07-06,PROD-006,109,13681.240971609406
2022-07-07,PROD-006,113,7885.62450734952
2022-07-08,PROD-006,89,4825.391541166954
2022-07-09,PROD-006,69,8870.705786843653
2022-07-10,PROD-006,69,6130.54036927599
2022-07-11,PROD-006,88,11382.990760564571
2022-07-12,PROD-006,146,20562.977307780417
2022-07-13,PROD-006,121,7181.198185477385
2022-07-14,PROD-006,103,13779.696548830027
2022-07-15,PROD-006,138,15200.099134184178
2022-07-16,PROD-006,86,6610.035065399013
2022-07-17,PROD-006,97,3682.2804515239395
2022-07-18,PROD-006,143,3634.644120068615
2022-07-19,PROD-006,118,3614.9808557040956
2022-07-20,PROD-006,163,4853.312609011054
2022-07-21,PROD-006,115,3119.8770353468854
2022-07-22,PROD-006,140,8004.690877599252
2022-07-23,PROD-006,83,2615.3241897471466
2022-07-24,PROD-006,101,7955.054215401627
2022-07-25,PROD-006,97,10315.630010779134
2022-07-26,PROD-006,110,5796.7646962480185
2022-07-27,PROD-006,121,4685.339212566248
2022-07-28,PROD-006,139,14354.081864167749
2022-07-29,PROD-006,140,16068.569580574833
2022-07-30,PROD-006,83,4071.4288187757256
2022-07-31,PROD-006,82,8970.943454676493
2022-08-01,PROD-006,153,4123.865276010863
2022-08-02,PROD-006,131,12215.97217403944
2022-08-03,PROD-006,93,2329.692088832827
2022-08-04,PROD-006,117,16579.023004936054
2022-08-05,PROD-006,109,15293.688454381514
2022-08-06,PROD-006,81,7258.513191486886
2022-08-07,PROD-006,83,9879.525255304243
2022-08-08,PROD-006,141,12609.723095542347
2022-08-09,PROD-006,100,4532.625804509952
2022-08-10,PROD-006,137,8510.732826475849
2022-08-11,PROD-006,146,15077.922877572266
2022-08-12,PROD-006,100,7959.243961856126
2022-08-13,PROD-006,97,3739.2882167789344
2022-08-14,PROD-006,80,8761.344535831666
2022-08-15,PROD-006,109,11409.15299959172
2022-08-16,PROD-006,150,21313.210067300504
2022-08-17,PROD-006,151,6042.20196515911
2022-08-18,PROD-006,135,5957.145241245253
2022-08-19,PROD-006,103,12634.273410365457
2022-08-20,PROD-006,104,8561.49780973167
2022-08-21,PROD-006,71,5830.071670078602
2022-08-22,PROD-006,133,17900.688680706644
2022-08-23,PROD-006,108,5882.959162506255
2022-08-24,PROD-006,147,12564.861780484298
2022-08-25,PROD-006,129,4614.008252012699
2022-08-26,PROD-006,126,11642.794694857641
2022-08-27,PROD-006,71,8225.754880340788
2022-08-28,PROD-006,84,12400.891260431923
2022-08-29,PROD-006,126,15871.39583371912
2022-08-30,PROD-006,166,16369.785702167394
2022-08-31,PROD-006,154,13936.111346140615
2022-09-01,PROD-006,99,4008.704250374225
2022-09-02,PROD-006,139,16349.911325583982
2022-09-03,PROD-006,70,4540.523592017364
2022-09-04,PROD-006,109,7177.945530403022
2022-09-05,PROD-006,113,12302.980726375139
2022-09-06,PROD-006,134,18291.93239715207
2022-09-07,PROD-006,150,21933.652884937037
2022-09-08,PROD-006,136,13621.257444121444
2022-09-09,PROD-006,164,22304.646512817704
2022-09-10,PROD-006,66,2662.4909399560597
2022-09-11,PROD-006,77,10117.568178349511
2022-09-12,PROD-006,160,12843.016147411463
2022-09-13,PROD-006,100,13533.679437452767
2022-09-14,PROD-006,151,5388.969826968903
2022-09-15,PROD-006,155,13207.817625922853
2022-09-16,PROD-006,134,14381.826334840767
2022-09-17,PROD-006,81,7328.467624058244
2022-09-18,PROD-006,83,4936.143800033603
2022-09-19,PROD-006,125,9073.766320835268
2022-09-20,PROD-006,100,11007.789432747355
2022-09-21,PROD-006,147,5445.063894789806
2022-09-22,PROD-006,147,7979.965538203393
2022-09-23,PROD-006,142,12839.511186017855
2022-09-24,PROD-006,90,2308.2798996669967
2022-09-25,PROD-006,90,4706.721649547812
2022-09-26,PROD-006,118,10677.847068776267
2022-09-27,PROD-006,151,7884.50807302352
2022-09-28,PROD-006,164,4623.23638357047
2022-09-29,PROD-006,144,16523.84289084519
2022-09-30,PROD-006,155,7742.975914628928
2022-10-01,PROD-006,101,13874.12545279575
2022-10-02,PROD-006,76,9680.636159212236
2022-10-03,PROD-006,100,12507.29156473349
2022-10-04,PROD-006,95,3767.0946870218936
2022-10-05,PROD-006,122,12230.696295089387
2022-10-06,PROD-006,106,12697.002926912217
2022-10-07,PROD-006,161,19250.241730831374
2022-10-08,PROD-006,79,2911.8039225888447
2022-10-09,PROD-006,97,10874.258852517958
2022-10-10,PROD-006,166,13790.604005398958
2022-10-11,PROD-006,126,8038.933626906394
2022-10-12,PROD-006,128,13918.121842904065
2022-10-13,PROD-006,138,12431.366377751256
2022-10-14,PROD-006,100,10559.713797228005
2022-10-15,PROD-006,87,8624.199893471487
2022-10-16,PROD-006,84,11685.507107602205
2022-10-17,PROD-006,163,16613.423084241367
2022-10-18,PROD-006,122,4934.161322728929
2022-10-19,PROD-006,105,8422.140450944544
2022-10-20,PROD-006,118,3585.1826443396776
2022-10-21,PROD-006,97,3961.5535733659854
2022-10-22,PROD-006,69,8874.14828839754
2022-10-23,PROD-006,83,7443.273940658484
2022-10-24,PROD-006,148,4328.651120703187
2022-10-25,PROD-006,100,13423.860561926562
2022-10-26,PROD-006,107,10977.563812965454
2022-10-27,PROD-006,135,12126.237251409328
2022-10-28,PROD-006,131,12149.005640850193
2022-10-29,PROD-006,91,13534.31135287888
2022-10-30,PROD-006,90,11747.499732952861
2022-10-31,PROD-006,102,9438.905744519903
2022-11-01,PROD-006,114,4835.299572097334
2022-11-02,PROD-006,145,6812.327625382233
2022-11-03,PROD-006,109,3981.2834939670206
2022-11-04,PROD-006,84,9371.914310358294
2022-11-05,PROD-006,55,2686.0837962841238
2022-11-06,PROD-006,56,2971.661538626531
2022-11-07,PROD-006,154,13975.460577542575
2022-11-08,PROD-006,136,13704.345752608775
2022-11-09,PROD-006,147,8949.421229902438
2022-11-10,PROD-006,107,7607.338538811987
2022-11-11,PROD-006,85,9279.527564374308
2022-11-12,PROD-006,54,4509.8963184434815
2022-11-13,PROD-006,84,10696.881494116109
2022-11-14,PROD-006,93,11773.042839002892
2022-11-15,PROD-006,108,11629.377638254431
2022-11-16,PROD-006,112,4190.408578414898
2022-11-17,PROD-006,117,4095.4542198545564
2022-11-18,PROD-006,142,4499.294532952661
2022-11-19,PROD-006,54,2616.817453096951
2022-11-20,PROD-006,92,6188.006880116025
2022-11-21,PROD-006,86,5067.6138360967925
2022-11-22,PROD-006,83,2304.955547389464
2022-11-23,PROD-006,93,5928.0665189870815
2022-11-24,PROD-006,142,18866.79595990288
2022-11-25,PROD-006,130,10985.033418029676
2022-11-26,PROD-006,58,2153.0459886139056
2022-11-27,PROD-006,56,8054.247579475877
2022-11-28,PROD-006,106,4438.664756865779
2022-11-29,PROD-006,114,8880.24661054329
2022-11-30,PROD-006,79,10875.571433100415
2022-12-01,PROD-006,92,9554.679521960312
2022-12-02,PROD-006,96,12626.445083865488
2022-12-03,PROD-006,85,2751.9934163802
2022-12-04,PROD-006,47,1649.8820716213565
2022-12-05,PROD-006,78,8951.96428709631
2022-12-06,PROD-006,79,10514.20400749954
2022-12-07,PROD-006,114,13685.043599531335
2022-12-08,PROD-006,132,13714.009115950681
2022-12-09,PROD-006,76,8638.748841313014
2022-12-10,PROD-006,70,5933.0684918910865
2022-12-11,PROD-006,59,6850.679046871054
2022-12-12,PROD-006,124,7914.413300228163
2022-12-13,PROD-006,98,14239.748612862157
2022-12-14,PROD-006,105,13173.690580967212
2022-12-15,PROD-006,94,4211.678675791922
2022-12-16,PROD-006,122,15644.984231757582
2022-12-17,PROD-006,67,7580.731560810065
2022-12-18,PROD-006,81,7676.114279344134
2022-12-19,PROD-006,114,10187.537849315795
2022-12-20,PROD-006,81,6534.00271089057
2022-12-21,PROD-006,122,17168.63809905704
2022-12-22,PROD-006,81,11436.972948919167
2022-12-23,PROD-006,96,5227.160724350401
2022-12-24,PROD-006,65,9498.211457683732
2022-12-25,PROD-006,58,7566.8145209981785
2022-12-26,PROD-006,78,7350.426023859224
2022-12-27,PROD-006,82,8752.885922300155
2022-12-28,PROD-006,72,8559.442130344733
2022-12-29,PROD-006,96,13341.361664419252
2022-12-30,PROD-006,119,16928.440970705546
2022-12-31,PROD-006,47,2097.1147896292914
2023-01-01,PROD-006,42,2484.075766122417
2023-01-02,PROD-006,89,11532.834104784495
2023-01-03,PROD-006,78,8422.404825400157
2023-01-04,PROD-006,71,2208.953872632487
2023-01-05,PROD-006,103,10744.170140704953
2023-01-06,PROD-006,87,5480.132401792587
2023-01-07,PROD-006,42,2762.700379624334
2023-01-08,PROD-006,44,1593.729073646907
2023-01-09,PROD-006,90,12515.632406371918
2023-01-10,PROD-006,87,5033.876631627064
2023-01-11,PROD-006,111,6275.499374768336
2023-01-12,PROD-006,108,12201.921684434374
2023-01-13,PROD-006,83,2827.76064692055
2023-01-14,PROD-006,61,2374.139879576226
2023-01-15,PROD-006,71,6005.80757193839
2023-01-16,PROD-006,97,6325.941075302029
2023-01-17,PROD-006,77,10489.025716377786
2023-01-18,PROD-006,76,7162.570341705574
2023-01-19,PROD-006,110,14556.46227062971
2023-01-20,PROD-006,110,15819.653405300924
2023-01-21,PROD-006,54,4119.755345883811
2023-01-22,PROD-006,55,5865.191285583684
2023-01-23,PROD-006,60,4360.179762272356
2023-01-24,PROD-006,61,4204.349643761719
2023-01-25,PROD-006,101,12691.59374080835
2023-01-26,PROD-006,97,10665.557482898903
2023-01-27,PROD-006,83,11899.600772999811
2023-01-28,PROD-006,40,5384.717136130479
2023-01-29,PROD-006,55,4024.167865489379
2023-01-30,PROD-006,63,5053.311776924421
2023-01-31,PROD-006,95,3522.7157699651457
2023-02-01,PROD-006,82,9949.858934722224
2023-02-02,PROD-006,87,7583.561672551757
2023-02-03,PROD-006,72,10538.91291489366
2023-02-04,PROD-006,36,2255.425805584554
2023-02-05,PROD-006,48,5042.639426276686
2023-02-06,PROD-006,80,11583.606967455542
2023-02-07,PROD-006,76,11394.619923855778
2023-02-08,PROD-006,101,13574.764480659145
2023-02-09,PROD-006,105,10368.276999466898
2023-02-10,PROD-006,87,11004.966661789746
2023-02-11,PROD-006,47,4711.083328748749
2023-02-12,PROD-006,41,3814.6867902235103
2023-02-13,PROD-006,99,5351.331035007755
2023-02-14,PROD-006,62,3702.1571873780485
2023-02-15,PROD-006,101,11786.740044676673
2023-02-16,PROD-006,71,10273.123160946696
2023-02-17,PROD-006,101,10172.490009530262
2023-02-18,PROD-006,65,8970.108562698262
2023-02-19,PROD-006,52,3213.6600581930034
2023-02-20,PROD-006,63,2677.7869624693694
2023-02-21,PROD-006,96,8793.330100191975
2023-02-22,PROD-006,73,5181.890941654851
2023-02-23,PROD-006,96,9803.221807064514
2023-02-24,PROD-006,73,4858.436734375989
2023-02-25,PROD-006,39,1458.6344764183543
2023-02-26,PROD-006,52,7311.711594067534
2023-02-27,PROD-006,104,11373.052746025498
2023-02-28,PROD-006,79,6546.503245377801
2023-03-01,PROD-006,96,11131.734264714796
2023-03-02,PROD-006,104,4608.394601168343
2023-03-03,PROD-006,101,11714.314063280888
2023-03-04,PROD-006,35,1164.7323092983786
2023-03-05,PROD-006,57,6920.5828239487
2023-03-06,PROD-006,68,6168.389416277348
2023-03-07,PROD-006,57,8273.034023744858
2023-03-08,PROD-006,76,7298.72687808384
2023-03-09,PROD-006,69,3206.6966449025063
2023-03-10,PROD-006,79,4915.0910930627015
2023-03-11,PROD-006,60,4986.324333982873
2023-03-12,PROD-006,56,3578.08718552822
2023-03-13,PROD-006,105,5803.2705551215595
2023-03-14,PROD-006,85,5715.266640453439
2023-03-15,PROD-006,74,2327.3119999468863
2023-03-16,PROD-006,65,3699.541984294981
2023-03-17,PROD-006,103,12003.520783641388
2023-03-18,PROD-006,51,4083.4063786541137
2023-03-19,PROD-006,41,5959.688357592484
2023-03-20,PROD-006,99,12905.21598474936
2023-03-21,PROD-006,97,2691.7451151984446
2023-03-22,PROD-006,64,3391.8809114588007
2023-03-23,PROD-006,65,2623.8713949138846
2023-03-24,PROD-006,105,6282.457321915591
2023-03-25,PROD-006,66,4918.639417591133
2023-03-26,PROD-006,69,3373.4742873290647
2023-03-27,PROD-006,95,8035.87665100407
2023-03-28,PROD-006,85,3383.537400407185
2023-03-29,PROD-006,103,3258.9838900033565
2023-03-30,PROD-006,82,2915.418655515176
2023-03-31,PROD-006,89,11884.019351387122
2023-04-01,PROD-006,59,3641.1374152483177
2023-04-02,PROD-006,49,5037.9945937355105
2023-04-03,PROD-006,88,12234.36687340832
2023-04-04,PROD-006,85,7392.956664254728
2023-04-05,PROD-006,71,8723.148775172613
2023-04-06,PROD-006,104,10460.285878609706
2023-04-07,PROD-006,76,3108.9905922225316
2023-04-08,PROD-006,55,2887.4960002869425
2023-04-09,PROD-006,64,8490.670778993612
2023-04-10,PROD-006,89,12755.934582014295
2023-04-11,PROD-006,77,3091.385294836012
2023-04-12,PROD-006,77,9983.820161218251
2023-04-13,PROD-006,77,8740.99241155919
2023-04-14,PROD-006,102,8659.750784277157
2023-04-15,PROD-006,64,9064.312864975547
2023-04-16,PROD-006,67,2179.8268686861884
2023-04-17,PROD-006,90,3862.764320944056
2023-04-18,PROD-006,74,3909.0156638256176
2023-04-19,PROD-006,94,8926.555016354117
2023-04-20,PROD-006,84,8322.38703341469
2023-04-21,PROD-006,114,5973.588971006567
2023-04-22,PROD-006,58,4147.971069211205
2023-04-23,PROD-006,53,3940.89484137021
2023-04-24,PROD-006,88,9792.045744815878
2023-04-25,PROD-006,95,3003.860772989421
2023-04-26,PROD-006,87,5835.893732466844
2023-04-27,PROD-006,123,17550.22220482793
2023-04-28,PROD-006,86,12748.818776909016
2023-04-29,PROD-006,80,2163.272132745369
2023-04-30,PROD-006,46,6367.777116344736
2023-05-01,PROD-006,113,5712.871992667063
2023-05-02,PROD-006,107,14107.568617339426
2023-05-03,PROD-006,88,5746.860488023691
2023-05-04,PROD-006,90,11557.170871331116
2023-05-05,PROD-006,125,11391.727018935238
2023-05-06,PROD-006,75,4764.695867197458
2023-05-07,PROD-006,63,3604.2781530064394
2023-05-08,PROD-006,122,6737.986597969324
2023-05-09,PROD-006,98,8103.250940102165
2023-05-10,PROD-006,80,11901.80174956036
2023-05-11,PROD-006,117,9472.925925824024
2023-05-12,PROD-006,92,13208.132302170585
2023-05-13,PROD-006,48,2445.787123749633
2023-05-14,PROD-006,55,4263.4892149504485
2023-05-15,PROD-006,114,2950.070165707009
2023-05-16,PROD-006,132,17080.2368807637
2023-05-17,PROD-006,119,5497.721173271316
2023-05-18,PROD-006,88,8684.90164884343
2023-05-19,PROD-006,116,10225.516711781893
2023-05-20,PROD-006,50,5521.435554274044
2023-05-21,PROD-006,49,2935.3005392070095
2023-05-22,PROD-006,112,5114.225274821962
2023-05-23,PROD-006,93,9774.624241286494
2023-05-24,PROD-006,79,6347.226650518439
2023-05-25,PROD-006,82,7940.538067100576
2023-05-26,PROD-006,144,3695.9163380330333
2023-05-27,PROD-006,86,10233.395099211708
2023-05-28,PROD-006,59,5843.4695234617875
2023-05-29,PROD-006,140,5808.650602641088
2023-05-30,PROD-006,105,11060.457502100988
2023-05-31,PROD-006,100,6663.025838600444
2023-06-01,PROD-006,122,10821.138124932666
2023-06-02,PROD-006,92,3610.6692676938706
2023-06-03,PROD-006,74,4330.140002119464
2023-06-04,PROD-006,80,4904.652350231311
2023-06-05,PROD-006,88,11643.529349714201
2023-06-06,PROD-006,149,20585.30133011692
2023-06-07,PROD-006,127,11316.605954597628
2023-06-08,PROD-006,154,18200.067937273256
2023-06-09,PROD-006,147,18878.355653602506
2023-06-10,PROD-006,74,2050.8788038843113
2023-06-11,PROD-006,82,11375.511342110689
2023-06-12,PROD-006,106,11935.42986073168
2023-06-13,PROD-006,126,8044.247355001051
2023-06-14,PROD-006,89,7106.391747748
2023-06-15,PROD-006,148,20962.62252797126
2023-06-16,PROD-006,116,8660.530603356221
2023-06-17,PROD-006,80,9911.470279622867
2023-06-18,PROD-006,75,7548.615569384898
2023-06-19,PROD-006,158,9843.694056204266
2023-06-20,PROD-006,155,20141.671203817354
2023-06-21,PROD-006,142,9123.896814887725
2023-06-22,PROD-006,92,4415.013591142005
2023-06-23,PROD-006,103,2787.5386892838796
2023-06-24,PROD-006,97,11161.058003658596
2023-06-25,PROD-006,65,2731.9857342884256
2023-06-26,PROD-006,161,9900.94879873936
2023-06-27,PROD-006,105,10430.380708955146
2023-06-28,PROD-006,124,6727.1851857099955
2023-06-29,PROD-006,136,19475.653278610956
2023-06-30,PROD-006,142,17634.305866179857
2023-07-01,PROD-006,94,5877.931983109761
2023-07-02,PROD-006,74,10721.742568136291
2023-07-03,PROD-006,127,5939.480035087496
2023-07-04,PROD-006,94,9075.925406180495
2023-07-05,PROD-006,117,17044.39009947137
2023-07-06,PROD-006,156,8252.296614795026
2023-07-07,PROD-006,110,6978.941556687543
2023-07-08,PROD-006,63,5664.197371966321
2023-07-09,PROD-006,105,11555.826724785535
2023-07-10,PROD-006,158,21723.30651780767
2023-07-11,PROD-006,177,18865.112291537946
2023-07-12,PROD-006,171,13132.610318049417
2023-07-13,PROD-006,156,12823.249429349515
2023-07-14,PROD-006,170,6592.619555445527
2023-07-15,PROD-006,95,9342.210845868996
2023-07-16,PROD-006,74,9552.689896200929
2023-07-17,PROD-006,144,5548.409283832488
2023-07-18,PROD-006,152,18130.85754005692
2023-07-19,PROD-006,170,22336.149329997897
2023-07-20,PROD-006,181,23083.973214957783
2023-07-21,PROD-006,129,8160.581924822369
2023-07-22,PROD-006,79,3405.67534484946
2023-07-23,PROD-006,98,8934.823513388725
2023-07-24,PROD-006,111,5076.048051968386
2023-07-25,PROD-006,146,19198.029287730715
2023-07-26,PROD-006,142,20244.891418888204
2023-07-27,PROD-006,107,11376.087605941331
2023-07-28,PROD-006,152,14061.459915387519
2023-07-29,PROD-006,96,6038.530041628919
2023-07-30,PROD-006,77,7333.95407482525
2023-07-31,PROD-006,173,10773.013101167096
2023-08-01,PROD-006,127,17695.44513420577
2023-08-02,PROD-006,122,7583.121392220419
2023-08-03,PROD-006,134,16212.745538300118
2023-08-04,PROD-006,178,22517.85260776198
2023-08-05,PROD-006,114,11279.109444285841
2023-08-06,PROD-006,103,6415.767182898216
2023-08-07,PROD-006,140,19956.559861789236
2023-08-08,PROD-006,148,5295.893059310541
2023-08-09,PROD-006,159,15312.956472267033
2023-08-10,PROD-006,174,19764.2067195686
2023-08-11,PROD-006,167,9077.222505344653
2023-08-12,PROD-006,75,3879.609848136488
2023-08-13,PROD-006,92,7097.895580935064
2023-08-14,PROD-006,138,8180.735587972468
2023-08-15,PROD-006,114,6742.913988210606
2023-08-16,PROD-006,177,13824.247489475138
2023-08-17,PROD-006,181,24334.777209288826
2023-08-18,PROD-006,155,6813.412536770207
2023-08-19,PROD-006,80,10042.742495836843
2023-08-20,PROD-006,86,5744.869228631804
2023-08-21,PROD-006,159,17230.457535960464
2023-08-22,PROD-006,183,8748.901068684765
2023-08-23,PROD-006,193,13872.699977320517
2023-08-24,PROD-006,130,9417.573036142487
2023-08-25,PROD-006,156,23150.391998032468
2023-08-26,PROD-006,68,6872.159370774771
2023-08-27,PROD-006,122,15997.784964117267
2023-08-28,PROD-006,111,15700.65786660032
2023-08-29,PROD-006,132,14778.953206182137
2023-08-30,PROD-006,157,12376.733973636297
2023-08-31,PROD-006,174,8529.358264425191
2023-09-01,PROD-006,167,8270.029991987505
2023-09-02,PROD-006,79,2096.128249521971
2023-09-03,PROD-006,82,6023.191215497461
2023-09-04,PROD-006,153,16027.682305135648
2023-09-05,PROD-006,140,10960.137566363825
2023-09-06,PROD-006,116,10763.413678927503
2023-09-07,PROD-006,143,18921.01293705992
2023-09-08,PROD-006,116,13014.940420188195
2023-09-09,PROD-006,69,1988.4134650396998
2023-09-10,PROD-006,69,8030.832502713744
2023-09-11,PROD-006,104,7275.200214987906
2023-09-12,PROD-006,145,10283.640645891748
2023-09-13,PROD-006,191,27797.488903287194
2023-09-14,PROD-006,115,5538.370774266075
2023-09-15,PROD-006,105,3843.231514541396
2023-09-16,PROD-006,118,8027.54857544884
2023-09-17,PROD-006,70,6237.371030590491
2023-09-18,PROD-006,165,9645.878364388263
2023-09-19,PROD-006,191,8078.085821714346
2023-09-20,PROD-006,179,25142.063820163894
2023-09-21,PROD-006,188,23945.545870766095
2023-09-22,PROD-006,137,8715.046331897533
2023-09-23,PROD-006,120,14472.065053468716
2023-09-24,PROD-006,72,6592.2337775582355
2023-09-25,PROD-006,173,25742.59242105148
2023-09-26,PROD-006,185,23329.021374167274
2023-09-27,PROD-006,182,18302.111277781612
2023-09-28,PROD-006,172,18437.129647140828
2023-09-29,PROD-006,156,7919.419237451336
2023-09-30,PROD-006,99,14212.125239824678
2023-10-01,PROD-006,92,4997.30902125431
2023-10-02,PROD-006,119,3100.0961574738476
2023-10-03,PROD-006,142,13534.95194132881
2023-10-04,PROD-006,108,13986.044009099434
2023-10-05,PROD-006,165,17258.0263370635
2023-10-06,PROD-006,126,3564.558130388399
2023-10-07,PROD-006,116,7313.0010957685545
2023-10-08,PROD-006,68,9350.273811432262
2023-10-09,PROD-006,117,12443.59070708562
2023-10-10,PROD-006,157,14957.034839409409
2023-10-11,PROD-006,177,12983.987534427279
2023-10-12,PROD-006,161,11016.215169262114
2023-10-13,PROD-006,110,12875.41951557793
2023-10-14,PROD-006,108,4453.358637917697
2023-10-15,PROD-006,88,4525.956666589206
2023-10-16,PROD-006,125,14445.383415130482
2023-10-17,PROD-006,102,6441.801512618482
2023-10-18,PROD-006,152,12138.023620062027
2023-10-19,PROD-006,144,7291.906176375569
2023-10-20,PROD-006,175,9554.393820922762
2023-10-21,PROD-006,112,5247.043239295606
2023-10-22,PROD-006,70,9953.519024072983
2023-10-23,PROD-006,128,11590.522606500113
2023-10-24,PROD-006,133,6820.665296053493
2023-10-25,PROD-006,110,12324.148626483819
2023-10-26,PROD-006,99,12793.813959332008
2023-10-27,PROD-006,162,13030.590189517332
2023-10-28,PROD-006,101,2880.557337380775
2023-10-29,PROD-006,66,1915.1382213125992
2023-10-30,PROD-006,137,11176.31990590646
2023-10-31,PROD-006,97,11052.95614219318
2023-11-01,PROD-006,119,15599.055910678206
2023-11-02,PROD-006,130,9220.049777326076
2023-11-03,PROD-006,157,11802.325037347917
2023-11-04,PROD-006,84,9476.663367025541
2023-11-05,PROD-006,71,7936.743381071404
2023-11-06,PROD-006,169,13731.963411759296
2023-11-07,PROD-006,101,3764.2217436585156
2023-11-08,PROD-006,108,7254.336938328425
2023-11-09,PROD-006,168,21385.78029708403
2023-11-10,PROD-006,128,3749.338821732082
2023-11-11,PROD-006,90,2587.5010031246625
2023-11-12,PROD-006,79,5329.62618141463
2023-11-13,PROD-006,113,12944.759697726056
2023-11-14,PROD-006,127,13118.454214728516
2023-11-15,PROD-006,105,3074.354081513286
2023-11-16,PROD-006,123,9807.701924462397
2023-11-17,PROD-006,162,8401.156638040999
2023-11-18,PROD-006,69,8077.634291167506
2023-11-19,PROD-006,91,3623.4477278815316
2023-11-20,PROD-006,116,7583.039330501064
2023-11-21,PROD-006,98,3799.2990667728723
2023-11-22,PROD-006,105,12909.720531732557
2023-11-23,PROD-006,94,10817.566603602147
2023-11-24,PROD-006,94,2700.1376893250113
2023-11-25,PROD-006,73,4328.884432831572
2023-11-26,PROD-006,65,9585.788426622757
2023-11-27,PROD-006,143,13104.734992436695
2023-11-28,PROD-006,98,13063.78265832463
2023-11-29,PROD-006,110,4866.060277515955
2023-11-30,PROD-006,132,12401.70100613739
2023-12-01,PROD-006,89,12265.24803232099
2023-12-02,PROD-006,83,5502.82306186248
2023-12-03,PROD-006,78,3165.190262631166
2023-12-04,PROD-006,86,4868.407928860056
2023-12-05,PROD-006,138,19605.849541934236
2023-12-06,PROD-006,125,5434.723517146212
2023-12-07,PROD-006,129,18164.624731219177
2023-12-08,PROD-006,127,6539.688256373925
2023-12-09,PROD-006,53,6535.255698929389
2023-12-10,PROD-006,69,3690.546633840285
2023-12-11,PROD-006,110,4152.0782106800825
2023-12-12,PROD-006,140,16822.706890414116
2023-12-13,PROD-006,144,13248.949962536837
2023-12-14,PROD-006,96,2943.8011068210044
2023-12-15,PROD-006,126,4678.801077378176
2023-12-16,PROD-006,59,5634.043841987124
2023-12-17,PROD-006,82,9614.58345594068
2023-12-18,PROD-006,76,5353.826005191029
2023-12-19,PROD-006,83,11580.851144727123
2023-12-20,PROD-006,90,9701.352122148628
2023-12-21,PROD-006,93,3702.127300739613
2023-12-22,PROD-006,111,11333.029770592564
2023-12-23,PROD-006,78,6817.544427220393
2023-12-24,PROD-006,83,11972.653496664965
2023-12-25,PROD-006,84,9005.452043947453
2023-12-26,PROD-006,79,4796.532090457767
2023-12-27,PROD-006,134,13469.123697458497
2023-12-28,PROD-006,122,4249.897106099977
2023-12-29,PROD-006,90,9745.707549086923
2023-12-30,PROD-006,70,2041.8952063511676
2023-12-31,PROD-006,76,5821.616615557001
2024-01-01,PROD-006,113,5793.734357856847
2024-01-02,PROD-006,125,12508.946834447079
2024-01-03,PROD-006,117,3920.948714525197
2024-01-04,PROD-006,123,16988.22704370501
2024-01-05,PROD-006,114,10019.333737630579
2024-01-06,PROD-006,60,5868.777366920769
2024-01-07,PROD-006,73,7888.513250203715
2024-01-08,PROD-006,118,16516.730774994216
2024-01-09,PROD-006,98,2829.875980309389
2024-01-10,PROD-006,110,3737.6510835212443
2024-01-11,PROD-006,121,7046.30424899525
2024-01-12,PROD-006,120,4638.1658069236455
2024-01-13,PROD-006,79,8189.163225143506
2024-01-14,PROD-006,74,6894.056054240237
2024-01-15,PROD-006,121,3792.2549868391357
2024-01-16,PROD-006,118,17469.469995755884
2024-01-17,PROD-006,70,10148.28249411026
2024-01-18,PROD-006,111,3945.1858745394306
2024-01-19,PROD-006,122,15197.830794488089
2024-01-20,PROD-006,76,7589.560505597892
2024-01-21,PROD-006,70,3779.665220336875
2024-01-22,PROD-006,93,4512.071749355518
2024-01-23,PROD-006,66,5403.8210984033485
2024-01-24,PROD-006,89,12018.040576354098
2024-01-25,PROD-006,76,9381.128828667714
2024-01-26,PROD-006,84,3271.597994182531
2024-01-27,PROD-006,48,1889.2466742977585
2024-01-28,PROD-006,69,8674.74675108209
2024-01-29,PROD-006,87,7838.739813717793
2024-01-30,PROD-006,84,9646.771881876917
2024-01-31,PROD-006,102,9973.457120078738
2024-02-01,PROD-006,85,6560.405899802622
2024-02-02,PROD-006,114,14377.727487437054
2024-02-03,PROD-006,64,7325.337514201177
2024-02-04,PROD-006,62,4449.556616934203
2024-02-05,PROD-006,107,6785.0378668794165
2024-02-06,PROD-006,70,9518.489550678432
2024-02-07,PROD-006,73,9887.695865833331
2024-02-08,PROD-006,115,12612.04523849656
2024-02-09,PROD-006,67,4086.4697684343723
2024-02-10,PROD-006,49,6398.428050695342
2024-02-11,PROD-006,49,3802.5401129274414
2024-02-12,PROD-006,74,3933.015879642019
2024-02-13,PROD-006,63,4549.20738160291
2024-02-14,PROD-006,100,9679.126746420217
2024-02-15,PROD-006,90,5530.208976261233
2024-02-16,PROD-006,114,8993.349076926477
2024-02-17,PROD-006,58,5310.924930209779
2024-02-18,PROD-006,52,1316.2522200727478
2024-02-19,PROD-006,89,8466.372385779774
2024-02-20,PROD-006,71,7374.56166938974
2024-02-21,PROD-006,90,6229.006421874534
2024-02-22,PROD-006,68,2260.7064330403227
2024-02-23,PROD-006,73,6523.343955764567
2024-02-24,PROD-006,45,2290.1604720645355
2024-02-25,PROD-006,69,8428.760821590977
2024-02-26,PROD-006,85,2690.3572959227636
2024-02-27,PROD-006,97,3581.2610151482886
2024-02-28,PROD-006,77,8317.693396286786
2024-02-29,PROD-006,63,3893.5968133062906
2024-03-01,PROD-006,96,5342.396301356284
2024-03-02,PROD-006,60,4003.900761285364
2024-03-03,PROD-006,41,2766.360699995929
2024-03-04,PROD-006,104,13947.484631258287
2024-03-05,PROD-006,90,13298.356060608947
2024-03-06,PROD-006,71,5630.731933673887
2024-03-07,PROD-006,102,6579.811275799143
2024-03-08,PROD-006,62,1937.6103142010918
2024-03-09,PROD-006,57,5171.185506999437
2024-03-10,PROD-006,60,2101.565569587883
2024-03-11,PROD-006,84,8614.005581664667
2024-03-12,PROD-006,104,7574.805212462926
2024-03-13,PROD-006,70,3839.6662768989827
2024-03-14,PROD-006,76,10422.011142784506
2024-03-15,PROD-006,99,6929.764697992082
2024-03-16,PROD-006,51,4768.329791183004
2024-03-17,PROD-006,68,8384.00921940815
2024-03-18,PROD-006,63,7954.771836680849
2024-03-19,PROD-006,89,4232.403738881994
2024-03-20,PROD-006,64,5815.223623046355
2024-03-21,PROD-006,112,9259.029678495459
2024-03-22,PROD-006,116,13635.565410877207
2024-03-23,PROD-006,64,3911.8417731307063
2024-03-24,PROD-006,61,5938.968660947762
2024-03-25,PROD-006,81,6062.348979303403
2024-03-26,PROD-006,118,14919.02642761421
2024-03-27,PROD-006,102,14226.489577889155
2024-03-28,PROD-006,65,4146.967084762988
2024-03-29,PROD-006,67,6127.043477474596
2024-03-30,PROD-006,75,9547.382623192609
2024-03-31,PROD-006,61,2226.709256354234
2024-04-01,PROD-006,68,1760.0894623229829
2024-04-02,PROD-006,107,10178.491694013954
2024-04-03,PROD-006,75,6657.651943271046
2024-04-04,PROD-006,71,10219.421921078005
2024-04-05,PROD-006,88,11770.294254249884
2024-04-06,PROD-006,46,1168.5491435590081
2024-04-07,PROD-006,62,7426.213789639719
2024-04-08,PROD-006,84,11795.050921839962
2024-04-09,PROD-006,116,17323.9544847352
2024-04-10,PROD-006,106,10032.137604336385
2024-04-11,PROD-006,101,10371.104488598847
2024-04-12,PROD-006,123,9373.16580182461
2024-04-13,PROD-006,79,7782.019911431934
2024-04-14,PROD-006,66,5421.081977295956
2024-04-15,PROD-006,123,12923.17172225675
2024-04-16,PROD-006,113,5252.590013476227
2024-04-17,PROD-006,85,4710.072321617482
2024-04-18,PROD-006,73,8232.264057744624
2024-04-19,PROD-006,117,17209.6853212209
2024-04-20,PROD-006,47,4305.876172665235
2024-04-21,PROD-006,50,1898.1722029730513
2024-04-22,PROD-006,106,2879.336847674263
2024-04-23,PROD-006,91,4080.164259652535
2024-04-24,PROD-006,87,3842.9702609826386
2024-04-25,PROD-006,129,15219.873552178116
2024-04-26,PROD-006,91,12986.410614638553
2024-04-27,PROD-006,81,2898.6789817522144
2024-04-28,PROD-006,67,8253.310168855058
2024-04-29,PROD-006,93,6247.977960103296
2024-04-30,PROD-006,86,11333.331487343034
2024-05-01,PROD-006,77,6552.917374746961
2024-05-02,PROD-006,112,6178.972165787799
2024-05-03,PROD-006,114,6371.9441339595805
2024-05-04,PROD-006,87,7644.332347937861
2024-05-05,PROD-006,77,11205.440840552214
2024-05-06,PROD-006,115,3946.093080277668
2024-05-07,PROD-006,90,5506.022081256011
2024-05-08,PROD-006,128,8974.983619826213
2024-05-09,PROD-006,96,9895.581516179705
2024-05-10,PROD-006,147,3951.1765746945675
2024-05-11,PROD-006,87,9904.160102865657
2024-05-12,PROD-006,62,1691.3737322997827
2024-05-13,PROD-006,101,14383.856200808174
2024-05-14,PROD-006,140,13035.011475285368
2024-05-15,PROD-006,82,2768.0576442210586
2024-05-16,PROD-006,101,9505.178751689778
2024-05-17,PROD-006,127,8747.640075301719
2024-05-18,PROD-006,63,1789.9432295856445
2024-05-19,PROD-006,62,2670.0128958489754
2024-05-20,PROD-006,122,12226.429997696741
2024-05-21,PROD-006,107,5588.142194890733
2024-05-22,PROD-006,98,7554.431573727334
2024-05-23,PROD-006,152,17732.126827661363
2024-05-24,PROD-006,88,6830.331356321323
2024-05-25,PROD-006,80,2474.397353455327
2024-05-26,PROD-006,60,5801.081188899311
2024-05-27,PROD-006,157,15907.900707129664
2024-05-28,PROD-006,96,11171.546325536485
2024-05-29,PROD-006,153,22848.29322130902
2024-05-30,PROD-006,126,12940.08451948404
2024-05-31,PROD-006,152,19724.6426118949
2024-06-01,PROD-006,101,14501.878896989272
2024-06-02,PROD-006,83,11661.780318632998
2024-06-03,PROD-006,110,4466.677793958951
2024-06-04,PROD-006,144,17852.776081577882
2024-06-05,PROD-006,114,10836.219879381275
2024-06-06,PROD-006,113,4131.579435970555
2024-06-07,PROD-006,113,15402.90355680012
2024-06-08,PROD-006,102,11312.82474804418
2024-06-09,PROD-006,103,11745.843059124227
2024-06-10,PROD-006,164,9134.739327990883
2024-06-11,PROD-006,145,3886.2828342126277
2024-06-12,PROD-006,146,19798.674033304567
2024-06-13,PROD-006,144,21118.46329198735
2024-06-14,PROD-006,141,15035.353766159178
2024-06-15,PROD-006,108,4977.444531491332
2024-06-16,PROD-006,72,3756.0685468630913
2024-06-17,PROD-006,100,3277.019914589529
2024-06-18,PROD-006,154,15690.32288739134
2024-06-19,PROD-006,170,17014.351831315955
2024-06-20,PROD-006,143,5284.62689846923
2024-06-21,PROD-006,149,16589.5716033885
2024-06-22,PROD-006,75,4070.74676094399
2024-06-23,PROD-006,84,4270.52076487298
2024-06-24,PROD-006,121,5297.823559479591
2024-06-25,PROD-006,145,8544.1060917998
2024-06-26,PROD-006,174,16037.786153214904
2024-06-27,PROD-006,140,7626.43974275364
2024-06-28,PROD-006,105,10302.036077681296
2024-06-29,PROD-006,64,6542.635613748315
2024-06-30,PROD-006,66,7949.3579661882295
2024-07-01,PROD-006,152,20530.696305322657
2024-07-02,PROD-006,190,16680.79188029123
2024-07-03,PROD-006,116,15053.869804693573
2024-07-04,PROD-006,175,19427.971400003207
2024-07-05,PROD-006,108,4287.592142555757
2024-07-06,PROD-006,111,12208.547783782718
2024-07-07,PROD-006,86,5052.395098271695
2024-07-08,PROD-006,116,11360.912380919719
2024-07-09,PROD-006,125,7348.878024592521
2024-07-10,PROD-006,134,12734.584191094391
2024-07-11,PROD-006,145,5466.738405473861
2024-07-12,PROD-006,190,17096.16970997598
2024-07-13,PROD-006,109,15951.792283321869
2024-07-14,PROD-006,71,5118.793928455652
2024-07-15,PROD-006,147,5648.7313462730035
2024-07-16,PROD-006,114,5609.890997692481
2024-07-17,PROD-006,158,22733.68124598914
2024-07-18,PROD-006,153,9451.738208990359
2024-07-19,PROD-006,137,10009.49439132971
2024-07-20,PROD-006,103,11664.162390087853
2024-07-21,PROD-006,88,10461.169369571919
2024-07-22,PROD-006,152,8109.297925490324
2024-07-23,PROD-006,178,19949.57511881187
2024-07-24,PROD-006,189,24188.562615878713
2024-07-25,PROD-006,135,16088.889529793805
2024-07-26,PROD-006,110,11537.543984442687
2024-07-27,PROD-006,122,8592.666618183534
2024-07-28,PROD-006,77,4454.667932201445
2024-07-29,PROD-006,201,13035.693278389977
2024-07-30,PROD-006,188,12959.668229594256
2024-07-31,PROD-006,117,6713.909593309681
2024-08-01,PROD-006,177,7572.5165721118465
2024-08-02,PROD-006,190,10828.395549562634
2024-08-03,PROD-006,76,4627.259007899918
2024-08-04,PROD-006,91,5025.664944427294
2024-08-05,PROD-006,172,14833.420247902162
2024-08-06,PROD-006,159,14560.805684460754
2024-08-07,PROD-006,164,5411.480557506324
2024-08-08,PROD-006,164,9584.221754082868
2024-08-09,PROD-006,158,7824.112920298837
2024-08-10,PROD-006,94,12567.797470989486
2024-08-11,PROD-006,128,14763.258536564626
2024-08-12,PROD-006,177,9818.114077323542
2024-08-13,PROD-006,208,20166.03058422485
2024-08-14,PROD-006,169,9717.547600866541
2024-08-15,PROD-006,141,13988.518337970616
2024-08-16,PROD-006,151,13366.70727042596
2024-08-17,PROD-006,78,8737.838329829838
2024-08-18,PROD-006,90,12731.644273759402
2024-08-19,PROD-006,131,18800.50715513251
2024-08-20,PROD-006,176,24483.383439167177
2024-08-21,PROD-006,167,22046.487470416076
2024-08-22,PROD-006,153,9750.200357721254
2024-08-23,PROD-006,157,20989.51581109651
2024-08-24,PROD-006,132,3450.275981133653
2024-08-25,PROD-006,85,4088.580251248085
2024-08-26,PROD-006,152,12197.20653717545
2024-08-27,PROD-006,203,9215.58516899139
2024-08-28,PROD-006,127,11217.238198242576
2024-08-29,PROD-006,177,20384.96631679133
2024-08-30,PROD-006,152,8474.252244972868
2024-08-31,PROD-006,95,9526.126150385246
2024-09-01,PROD-006,81,5493.6227400418675
2024-09-02,PROD-006,138,12220.347184073116
2024-09-03,PROD-006,161,15595.93126456849
2024-09-04,PROD-006,141,13815.840586551649
2024-09-05,PROD-006,209,23594.65207368694
2024-09-06,PROD-006,206,15009.384690694196
2024-09-07,PROD-006,133,9723.325833847442
2024-09-08,PROD-006,74,2893.16256579954
2024-09-09,PROD-006,195,8945.590960906891
2024-09-10,PROD-006,135,9064.201929111732
2024-09-11,PROD-006,175,19143.0314678553
2024-09-12,PROD-006,165,4155.5743581543165
2024-09-13,PROD-006,188,19760.61468333122
2024-09-14,PROD-006,87,12933.901336849322
2024-09-15,PROD-006,112,12332.126976593878
2024-09-16,PROD-006,153,19114.43140025909
2024-09-17,PROD-006,183,14034.820192790332
2024-09-18,PROD-006,158,17380.80486754872
2024-09-19,PROD-006,150,12868.541255652835
2024-09-20,PROD-006,166,12463.920988918144
2024-09-21,PROD-006,111,8597.511680185567
2024-09-22,PROD-006,97,14376.772928451854
2024-09-23,PROD-006,200,25853.780931154608
2024-09-24,PROD-006,187,7865.620292842823
2024-09-25,PROD-006,123,11152.75480714793
2024-09-26,PROD-006,113,6358.4289135447825
2024-09-27,PROD-006,197,11800.63357452022
2024-09-28,PROD-006,113,6383.876879390528
2024-09-29,PROD-006,108,6522.93682512102
2024-09-30,PROD-006,184,19846.362398026657
2024-10-01,PROD-006,148,18156.823976644333
2024-10-02,PROD-006,115,12310.742365833274
2024-10-03,PROD-006,136,3736.0467986977114
2024-10-04,PROD-006,137,15156.755105603033
2024-10-05,PROD-006,93,2856.08466986366
2024-10-06,PROD-006,92,8941.547829401143
2024-10-07,PROD-006,116,8794.78916311393
2024-10-08,PROD-006,159,8278.522567140131
2024-10-09,PROD-006,186,18655.10744668862
2024-10-10,PROD-006,161,18715.893980278393
2024-10-11,PROD-006,150,21199.931923763284
2024-10-12,PROD-006,105,7631.359463996619
2024-10-13,PROD-006,117,9954.863505283174
2024-10-14,PROD-006,189,9523.351913657667
2024-10-15,PROD-006,162,15083.960565795423
2024-10-16,PROD-006,148,20493.520519501035
2024-10-17,PROD-006,123,13405.433805368326
2024-10-18,PROD-006,141,10462.898928994531
2024-10-19,PROD-006,101,14144.947574111631
2024-10-20,PROD-006,78,4813.018053582816
2024-10-21,PROD-006,119,5805.0310402755085
2024-10-22,PROD-006,126,9773.416771607783
2024-10-23,PROD-006,124,4919.672345721872
2024-10-24,PROD-006,194,17512.86030733021
2024-10-25,PROD-006,175,7393.104895896962
2024-10-26,PROD-006,115,15033.902243050497
2024-10-27,PROD-006,78,5109.039604902825
2024-10-28,PROD-006,133,19206.25302837755
2024-10-29,PROD-006,121,9632.072245933055
2024-10-30,PROD-006,155,7892.857553986006
2024-10-31,PROD-006,168,4232.903972349094
2024-11-01,PROD-006,185,16209.508260857476
2024-11-02,PROD-006,116,8651.03938926788
2024-11-03,PROD-006,91,13223.113388101036
2024-11-04,PROD-006,178,14892.751256958818
2024-11-05,PROD-006,149,13672.501334819275
2024-11-06,PROD-006,111,10416.514738479846
2024-11-07,PROD-006,134,9252.082672981685
2024-11-08,PROD-006,157,6420.84365883625
2024-11-09,PROD-006,71,2390.670894752711
2024-11-10,PROD-006,72,5492.067044709263
2024-11-11,PROD-006,170,10126.649636629707
2024-11-12,PROD-006,158,8899.899606592126
2024-11-13,PROD-006,117,8327.74723147608
2024-11-14,PROD-006,178,4487.027304249273
2024-11-15,PROD-006,147,5633.657080583739
2024-11-16,PROD-006,63,6683.130127437709
2024-11-17,PROD-006,98,14562.559323329568
2024-11-18,PROD-006,172,20656.034359060905
2024-11-19,PROD-006,175,5753.095046553955
2024-11-20,PROD-006,143,10573.636267347854
2024-11-21,PROD-006,165,24220.951863289498
2024-11-22,PROD-006,148,10391.049352834814
2024-11-23,PROD-006,103,13788.960976083212
2024-11-24,PROD-006,87,9190.220289592131
2024-11-25,PROD-006,127,14020.759420808849
2024-11-26,PROD-006,100,6567.082782591714
2024-11-27,PROD-006,118,4552.037558811073
2024-11-28,PROD-006,153,10323.926483313146
2024-11-29,PROD-006,158,18093.854607824596
2024-11-30,PROD-006,88,10681.792823305885
2024-12-01,PROD-006,57,1577.62889643002
2024-12-02,PROD-006,154,10499.915532389607
2024-12-03,PROD-006,147,3736.7360566727125
2024-12-04,PROD-006,104,7570.1070823398895
2024-12-05,PROD-006,139,17852.01036833561
2024-12-06,PROD-006,107,5891.670270234601
2024-12-07,PROD-006,93,4317.2384059207
2024-12-08,PROD-006,79,4380.52772718745
2024-12-09,PROD-006,122,11975.795975900355
2024-12-10,PROD-006,91,7672.647557901672
2024-12-11,PROD-006,152,6903.344503337426
2024-12-12,PROD-006,124,11812.662301058892
2024-12-13,PROD-006,121,14496.090926097419
2024-12-14,PROD-006,65,9499.224132671168
2024-12-15,PROD-006,90,11075.727334781945
2024-12-16,PROD-006,93,3207.4679114633113
2024-12-17,PROD-006,106,5317.782181244098
2024-12-18,PROD-006,118,11695.631605281995
2024-12-19,PROD-006,133,6077.183400290535
2024-12-20,PROD-006,91,13104.815455604943
2024-12-21,PROD-006,73,6387.999194965168
2024-12-22,PROD-006,58,7135.2613404008225
2024-12-23,PROD-006,88,5493.88443327965
2024-12-24,PROD-006,95,9272.291088534586
2024-12-25,PROD-006,91,5083.620568436877
2024-12-26,PROD-006,114,14482.020543796041
2024-12-27,PROD-006,99,4523.5892342110365
2024-12-28,PROD-006,53,5662.416668755515
2024-12-29,PROD-006,79,10683.029072897561
2024-12-30,PROD-006,141,6122.550393398471
2024-12-31,PROD-006,109,8093.839951431574
2025-01-01,PROD-006,83,8802.002072029714
2025-01-02,PROD-006,128,5195.581218838863
2025-01-03,PROD-006,126,17141.391524338665
2025-01-04,PROD-006,80,3914.6605063413067
2025-01-05,PROD-006,63,8410.19929558282
2025-01-06,PROD-006,105,12039.88000654593
2025-01-07,PROD-006,83,7135.507648698446
2025-01-08,PROD-006,135,18090.55673520692
2025-01-09,PROD-006,95,8260.421953762441
2025-01-10,PROD-006,95,4604.6287162282315
2025-01-11,PROD-006,87,5057.944595033427
2025-01-12,PROD-006,81,8049.635341257146
2025-01-13,PROD-006,127,16726.438649378102
2025-01-14,PROD-006,106,8178.450770328116
2025-01-15,PROD-006,86,5028.207963935603
2025-01-16,PROD-006,103,8511.963093111432
2025-01-17,PROD-006,80,5131.4921074533195
2025-01-18,PROD-006,65,3022.5502321146487
2025-01-19,PROD-006,76,5215.584678259375
2025-01-20,PROD-006,106,6389.193481572037
2025-01-21,PROD-006,82,3968.649690658443
2025-01-22,PROD-006,101,14735.623286892986
2025-01-23,PROD-006,126,12008.505015641396
2025-01-24,PROD-006,103,13715.025989611233
2025-01-25,PROD-006,58,3098.4459091336366
2025-01-26,PROD-006,74,10460.955601705702
2025-01-27,PROD-006,122,11483.312512474824
2025-01-28,PROD-006,114,12996.100159705613
2025-01-29,PROD-006,82,4740.325636190493
2025-01-30,PROD-006,87,11006.165350391473
2025-01-31,PROD-006,82,6642.640574481953
2025-02-01,PROD-006,75,9653.131655593654
2025-02-02,PROD-006,74,5070.640364848907
2025-02-03,PROD-006,127,17345.4574424455
2025-02-04,PROD-006,89,2438.5540538227287
2025-02-05,PROD-006,98,3934.9793257637693
2025-02-06,PROD-006,112,11590.936709774218
2025-02-07,PROD-006,118,3929.0580800966773
2025-02-08,PROD-006,78,2624.8046781892454
2025-02-09,PROD-006,60,8787.336084218325
2025-02-10,PROD-006,97,12277.865958895143
2025-02-11,PROD-006,68,3512.7334281278286
2025-02-12,PROD-006,108,9007.303661170157
2025-02-13,PROD-006,88,12280.348227442497
2025-02-14,PROD-006,108,10936.451078713366
2025-02-15,PROD-006,46,6408.219832539591
2025-02-16,PROD-006,50,3810.9753013070717
2025-02-17,PROD-006,90,12656.802679394903
2025-02-18,PROD-006,79,9364.986766482718
2025-02-19,PROD-006,69,1866.613941066363
2025-02-20,PROD-006,100,2684.192831374169
2025-02-21,PROD-006,78,2384.699071806921
2025-02-22,PROD-006,63,2220.04374932418
2025-02-23,PROD-006,50,2853.8587025762386
2025-02-24,PROD-006,116,6930.593998211031
2025-02-25,PROD-006,91,10617.593444500375
2025-02-26,PROD-006,120,10380.87846662556
2025-02-27,PROD-006,123,9126.82063987517
2025-02-28,PROD-006,96,12067.150891872245
2025-03-01,PROD-006,63,9025.196690290122
2025-03-02,PROD-006,73,4629.374974393883
2025-03-03,PROD-006,113,13752.386196129824
2025-03-04,PROD-006,94,10503.092748648713
2025-03-05,PROD-006,105,13016.325479370536
2025-03-06,PROD-006,105,13938.165506138097
2025-03-07,PROD-006,75,7361.68011387799
2025-03-08,PROD-006,53,3540.296314995471
2025-03-09,PROD-006,77,6854.7810297420565
2025-03-10,PROD-006,83,2186.3542057802697
2025-03-11,PROD-006,83,2423.5257265176824
2025-03-12,PROD-006,88,6293.245399863206
2025-03-13,PROD-006,108,10001.36766244412
2025-03-14,PROD-006,71,2029.743013857358
2025-03-15,PROD-006,64,7981.1838980531875
2025-03-16,PROD-006,52,3243.0753435052015
2025-03-17,PROD-006,99,14338.81563255005
2025-03-18,PROD-006,117,3601.9225874121
2025-03-19,PROD-006,128,6114.4791234056875
2025-03-20,PROD-006,80,7214.112994392775
2025-03-21,PROD-006,82,5704.491973687113
2025-03-22,PROD-006,61,7894.282058442833
2025-03-23,PROD-006,52,7225.463334857919
2025-03-24,PROD-006,130,8826.317525813269
2025-03-25,PROD-006,76,4404.470772268173
2025-03-26,PROD-006,110,9313.25878670438
2025-03-27,PROD-006,93,4246.105472091029
2025-03-28,PROD-006,121,15651.995126214624
2025-03-29,PROD-006,60,7336.367632631173
2025-03-30,PROD-006,83,7352.58765986363
2025-03-31,PROD-006,82,10011.531525053953
2025-04-01,PROD-006,125,18312.01658230192
2025-04-02,PROD-006,114,4624.641625694996
2025-04-03,PROD-006,83,11344.4179359741
2025-04-04,PROD-006,113,9588.831430978313
2025-04-05,PROD-006,71,9831.08323006512
2025-04-06,PROD-006,82,2796.3319008663548
2025-04-07,PROD-006,131,7946.818711325002
2025-04-08,PROD-006,108,12449.569642959905
2025-04-09,PROD-006,92,12590.499033342374
2025-04-10,PROD-006,123,10753.851602537772
2025-04-11,PROD-006,80,11845.181659859441
2025-04-12,PROD-006,67,6513.09785628905
2025-04-13,PROD-006,56,8082.307278020518
2025-04-14,PROD-006,141,10012.699933671456
2025-04-15,PROD-006,134,12188.121158535516
2025-04-16,PROD-006,135,11952.574766378368
2025-04-17,PROD-006,129,17528.08504484701
2025-04-18,PROD-006,111,5745.009333557867
2025-04-19,PROD-006,80,2293.2646535909134
2025-04-20,PROD-006,69,9291.289301550776
2025-04-21,PROD-006,88,9934.986372849897
2025-04-22,PROD-006,94,9586.229090137227
2025-04-23,PROD-006,107,5467.015625344406
2025-04-24,PROD-006,90,12066.175730168052
2025-04-25,PROD-006,137,18798.810270132577
2025-04-26,PROD-006,83,7935.348287707612
2025-04-27,PROD-006,90,3876.42554254774
2025-04-28,PROD-006,137,14927.928827272532
2025-04-29,PROD-006,131,8649.38486858372
2025-04-30,PROD-006,129,18187.669377072376
2025-05-01,PROD-006,130,14993.836758070842
2025-05-02,PROD-006,138,5818.93836341759
2025-05-03,PROD-006,64,2419.374966132403
2025-05-04,PROD-006,83,9472.857817081785
2025-05-05,PROD-006,108,13469.535931190225
2025-05-06,PROD-006,97,14474.193319450795
2025-05-07,PROD-006,103,4982.447814859413
2025-05-08,PROD-006,142,10728.641978376103
2025-05-09,PROD-006,100,4053.571818952534
2025-05-10,PROD-006,86,4864.378316077603
2025-05-11,PROD-006,58,6222.125619706674
2025-05-12,PROD-006,127,17972.309460915545
2025-05-13,PROD-006,97,13216.330927224277
2025-05-14,PROD-006,90,4004.952271835996
2025-05-15,PROD-006,154,17627.61615145479
2025-05-16,PROD-006,141,9761.044909999247
2025-05-17,PROD-006,83,4640.8699295411325
2025-05-18,PROD-006,93,12730.198689679239
2025-05-19,PROD-006,94,6726.17961580532
2025-05-20,PROD-006,163,22826.589757900503
2025-05-21,PROD-006,130,16338.715641108976
2025-05-22,PROD-006,126,12138.555351455203
2025-05-23,PROD-006,136,15423.296533883655
2025-05-24,PROD-006,83,5509.207905455203
2025-05-25,PROD-006,81,5339.38258850876
2025-05-26,PROD-006,114,15727.46657307119
2025-05-27,PROD-006,137,3544.105260117435
2025-05-28,PROD-006,95,7184.9463773762145
2025-05-29,PROD-006,139,12468.223530880961
2025-05-30,PROD-006,127,14881.674798182448
2025-05-31,PROD-006,83,8815.947782670994
2025-06-01,PROD-006,62,2162.4544233334987
2025-06-02,PROD-006,125,8993.192173978163
2025-06-03,PROD-006,162,21238.8671895672
2025-06-04,PROD-006,118,15039.259742367338
2025-06-05,PROD-006,128,4113.070660373864
2025-06-06,PROD-006,166,15631.709740383561
2025-06-07,PROD-006,116,15815.70950524271
2025-06-08,PROD-006,109,8016.749448669908
2025-06-09,PROD-006,104,5826.526837633134
2025-06-10,PROD-006,175,17891.64945684868
2025-06-11,PROD-006,187,13051.420149612713
2025-06-12,PROD-006,111,6420.352529905079
2025-06-13,PROD-006,167,12857.578578678518
2025-06-14,PROD-006,111,10621.382715103779
2025-06-15,PROD-006,93,13787.22493822083
2025-06-16,PROD-006,166,12251.171076697414
2025-06-17,PROD-006,134,18112.552403819765
2025-06-18,PROD-006,119,11480.461538967586
2025-06-19,PROD-006,161,7626.6825714179195
2025-06-20,PROD-006,186,9187.777598525001
2025-06-21,PROD-006,112,13976.064455730131
2025-06-22,PROD-006,99,6472.363655647529
2025-06-23,PROD-006,149,16356.344841772681
2025-06-24,PROD-006,183,15837.63123928205
2025-06-25,PROD-006,188,25426.574352525757
2025-06-26,PROD-006,114,7355.449574354866
2025-06-27,PROD-006,110,4208.742412470145
2025-06-28,PROD-006,117,11878.143501568547
2025-06-29,PROD-006,78,11514.610430748035
2025-06-30,PROD-006,189,11998.21325550022
2025-07-01,PROD-006,149,12961.792923559518
2025-07-02,PROD-006,192,27391.054532554463
2025-07-03,PROD-006,206,29717.088057044024
2025-07-04,PROD-006,154,6710.228674309576
2025-07-05,PROD-006,85,4610.808156350558
2025-07-06,PROD-006,95,3021.6881070896698
2025-07-07,PROD-006,117,13531.08937932648
2025-07-08,PROD-006,120,17181.010295526732
2025-07-09,PROD-006,209,26919.31300357674
2025-07-10,PROD-006,163,13785.434684218697
2025-07-11,PROD-006,114,13975.557889493743
2025-07-12,PROD-006,107,9087.779033746368
2025-07-13,PROD-006,113,6618.8788441116585
2025-07-14,PROD-006,170,22407.897520416118
2025-07-15,PROD-006,128,17258.848112378928
2025-07-16,PROD-006,162,13322.280854311835
2025-07-17,PROD-006,175,14445.132592412252
2025-07-18,PROD-006,156,4125.681476376003
2025-07-19,PROD-006,94,13252.434709311114
2025-07-20,PROD-006,110,4711.248911738111
2025-07-21,PROD-006,187,11362.691184120975
2025-07-22,PROD-006,150,11500.675839227477
2025-07-23,PROD-006,190,14259.959974604702
2025-07-24,PROD-006,183,20252.163644336244
2025-07-25,PROD-006,142,5773.602716969408
2025-07-26,PROD-006,131,8210.137839126426
2025-07-27,PROD-006,135,16786.272022983027
2025-07-28,PROD-006,137,9016.23238380217
2025-07-29,PROD-006,145,21724.343744989532
2025-07-30,PROD-006,203,23124.860426022977
2025-07-31,PROD-006,155,15612.046471004429
2025-08-01,PROD-006,216,27963.986508685695
2025-08-02,PROD-006,126,10938.525621953793
2025-08-03,PROD-006,130,11289.918428903775
2025-08-04,PROD-006,151,9746.239828498727
2025-08-05,PROD-006,199,19280.679663381885
2025-08-06,PROD-006,172,24788.73109527996
2025-08-07,PROD-006,134,6402.990521456164
2025-08-08,PROD-006,127,4084.6008886149484
2025-08-09,PROD-006,93,12861.585802745683
2025-08-10,PROD-006,82,6067.298970139949
2025-08-11,PROD-006,200,29969.838089800156
2025-08-12,PROD-006,149,18973.71096844317
2025-08-13,PROD-006,160,13014.359314249741
2025-08-14,PROD-006,222,25162.89121781761
2025-08-15,PROD-006,180,26332.696181150277
2025-08-16,PROD-006,127,11427.025161403604
2025-08-17,PROD-006,126,5146.202457583762
2025-08-18,PROD-006,229,31554.52336538798
2025-08-19,PROD-006,168,11306.795327835875
2025-08-20,PROD-006,128,16873.122599585535
2025-08-21,PROD-006,155,8362.401346623861
2025-08-22,PROD-006,165,15741.754937695676
2025-08-23,PROD-006,109,14393.339846733741
2025-08-24,PROD-006,97,8473.93722682422
2025-08-25,PROD-006,159,16146.747915646289
2025-08-26,PROD-006,187,16652.06316545589
2025-08-27,PROD-006,156,7917.16912663225
2025-08-28,PROD-006,141,7827.342170973557
2025-08-29,PROD-006,132,6227.1253869984075
2025-08-30,PROD-006,104,10293.450579645636
2025-08-31,PROD-006,81,2362.6581947139603
2025-09-01,PROD-006,125,8852.2033097247
2025-09-02,PROD-006,148,5738.334878161797
2025-09-03,PROD-006,172,22872.856269791853
2025-09-04,PROD-006,199,15341.179895715637
2025-09-05,PROD-006,158,13056.887984543922
2025-09-06,PROD-006,100,14904.823201715533
2025-09-07,PROD-006,145,20766.23856148936
2025-09-08,PROD-006,161,15166.492560999912
2025-09-09,PROD-006,157,22317.133930677337
2025-09-10,PROD-006,214,18543.169278631445
2025-09-11,PROD-006,147,3731.900081705807
2025-09-12,PROD-006,131,4962.532426690438
2025-09-13,PROD-006,126,16575.9887613626
2025-09-14,PROD-006,119,9597.05419970571
2025-09-15,PROD-006,165,9979.89245681922
2025-09-16,PROD-006,179,14170.761987813692
2025-09-17,PROD-006,218,21710.02046680966
2025-09-18,PROD-006,198,24176.50645266133
2025-09-19,PROD-006,160,14223.782470486018
2025-09-20,PROD-006,138,5289.395716626352
2025-09-21,PROD-006,131,16017.44801530839
2025-09-22,PROD-006,224,7727.196992613532
2025-09-23,PROD-006,216,17790.835031025883
2025-09-24,PROD-006,163,7695.180364560084
2025-09-25,PROD-006,227,17650.03311099074
2025-09-26,PROD-006,209,7296.474834345713
2025-09-27,PROD-006,111,16502.670603082453
2025-09-28,PROD-006,91,4153.704862683763
2025-09-29,PROD-006,192,8576.248968994845
2025-09-30,PROD-006,216,18387.666543676783
2025-10-01,PROD-006,161,17561.117992406464
2025-10-02,PROD-006,194,5743.161866690805
2025-10-03,PROD-006,212,26810.634374340258
2025-10-04,PROD-006,87,8357.766050252161
2025-10-05,PROD-006,131,9810.364361353759
2025-10-06,PROD-006,133,18122.85159170235
2025-10-07,PROD-006,210,16923.900183004374
2025-10-08,PROD-006,168,20465.316050579208
2025-10-09,PROD-006,194,9637.689105571197
2025-10-10,PROD-006,177,7225.361857756365
2025-10-11,PROD-006,120,13423.735391876535
2025-10-12,PROD-006,114,14601.611592715195
2025-10-13,PROD-006,187,13607.583265558818
2025-10-14,PROD-006,216,22338.65937710346
2025-10-15,PROD-006,180,5542.661604659735
2025-10-16,PROD-006,204,18653.817986271075
2025-10-17,PROD-006,139,11210.815523766754
2025-10-18,PROD-006,125,5442.207447225726
2025-10-19,PROD-006,124,8035.874586191143
2025-10-20,PROD-006,210,29832.982410740275
2025-10-21,PROD-006,189,13462.147288321996
2025-10-22,PROD-006,161,24084.419973285534
2025-10-23,PROD-006,160,20602.80600150985
2025-10-24,PROD-006,143,3870.0766510016983
2025-10-25,PROD-006,101,3784.1188574390894
2025-10-26,PROD-006,112,4872.277279501511
2025-10-27,PROD-006,204,26946.74350213051
2025-10-28,PROD-006,149,20663.511148998277
2025-10-29,PROD-006,143,17300.48272614863
2025-10-30,PROD-006,158,10674.512977471175
2025-10-31,PROD-006,141,19705.847923378395
2025-11-01,PROD-006,96,8948.563811673068
2025-11-02,PROD-006,127,6581.065290384068
2025-11-03,PROD-006,161,14002.026563050307
2025-11-04,PROD-006,166,14349.18964251201
2025-11-05,PROD-006,154,18617.514430621235
2025-11-06,PROD-006,154,15886.722624841559
2025-11-07,PROD-006,131,8592.731421062495
2025-11-08,PROD-006,119,15600.905962176146
2025-11-09,PROD-006,74,7658.779188382608
2025-11-10,PROD-006,182,16309.444178559907
2025-11-11,PROD-006,192,8945.850861265113
2025-11-12,PROD-006,155,15934.396351077872
2025-11-13,PROD-006,121,6997.854059595563
2025-11-14,PROD-006,150,18630.59040984581
2025-11-15,PROD-006,119,9536.40643530022
2025-11-16,PROD-006,102,12541.73669314525
2025-11-17,PROD-006,134,10556.407470858305
2025-11-18,PROD-006,177,20480.507073804147
2025-11-19,PROD-006,111,12699.022715273608
2025-11-20,PROD-006,118,16712.128865918035
2025-11-21,PROD-006,135,9110.514155962965
2025-11-22,PROD-006,104,4348.642837781162
2025-11-23,PROD-006,69,3540.555897745119
2025-11-24,PROD-006,112,9088.198144486581
2025-11-25,PROD-006,166,18555.791026805404
2025-11-26,PROD-006,104,11659.624649242138
2025-11-27,PROD-006,123,10421.597861468877
2025-11-28,PROD-006,140,8986.16921625451
2025-11-29,PROD-006,81,9885.549379927845
2025-11-30,PROD-006,73,3675.4055853506534
2025-12-01,PROD-006,131,18461.342565295796
2025-12-02,PROD-006,108,8780.029766033305
2025-12-03,PROD-006,135,19067.149547827074
2025-12-04,PROD-006,152,18855.244827811523
2025-12-05,PROD-006,113,13899.894534550802
2025-12-06,PROD-006,104,14290.194884337281
2025-12-07,PROD-006,85,12444.27369316796
2025-12-08,PROD-006,130,6615.9358314684305
2025-12-09,PROD-006,152,18413.51324594209
2025-12-10,PROD-006,102,4970.137323883664
2025-12-11,PROD-006,165,12976.286783030406
2025-12-12,PROD-006,94,8420.057180076883
2025-12-13,PROD-006,83,8815.60997714011
2025-12-14,PROD-006,65,4584.487050715271
2025-12-15,PROD-006,141,10493.42513243629
2025-12-16,PROD-006,129,3750.548306946209
2025-12-17,PROD-006,156,22005.63606955275
2025-12-18,PROD-006,147,14816.586027956688
2025-12-19,PROD-006,166,17168.303341211405
2025-12-20,PROD-006,98,9039.722576507764
2025-12-21,PROD-006,78,6847.061558366328
2025-12-22,PROD-006,97,12310.480128268438
2025-12-23,PROD-006,143,18573.99088467548
2025-12-24,PROD-006,139,11175.381599595341
2025-12-25,PROD-006,109,15268.829757152038
2025-12-26,PROD-006,132,15820.055450368698
2025-12-27,PROD-006,74,2831.729936521513
2025-12-28,PROD-006,92,12537.797495363919
2025-12-29,PROD-006,145,5479.28750826539
2025-12-30,PROD-006,87,11437.826421689417
2025-12-31,PROD-006,109,13762.083907775714
2026-01-01,PROD-006,154,18053.148621023945
2026-01-02,PROD-006,151,4776.572386581869
2026-01-03,PROD-006,89,12157.645823440296
2026-01-04,PROD-006,80,7961.34093948929
2026-01-05,PROD-006,89,10204.043389826236
2026-01-06,PROD-006,110,9457.260219380112
2026-01-07,PROD-006,130,17168.920882992294
2026-01-08,PROD-006,126,17488.734356343102
2026-01-09,PROD-006,92,5173.832709018394
2026-01-10,PROD-006,64,8856.115429802996
2026-01-11,PROD-006,66,7632.61927425928
2026-01-12,PROD-006,105,6767.896526152349
2026-01-13,PROD-006,101,11344.624385696712
2026-01-14,PROD-006,107,11970.057198004453
2026-01-15,PROD-006,115,8836.045380966092
2026-01-16,PROD-006,140,13110.924521805455
2026-01-17,PROD-006,81,2670.7236506644263
2026-01-18,PROD-006,72,7746.806516299102
2026-01-19,PROD-006,83,5572.605153851746
2026-01-20,PROD-006,80,3555.792114182933
2026-01-21,PROD-006,99,5353.81314390329
2026-01-22,PROD-006,125,7537.18255434323
2026-01-23,PROD-006,79,6114.8608281994275
2026-01-24,PROD-006,67,8479.464709175754
2026-01-25,PROD-006,57,4763.6974404020975
2026-01-26,PROD-006,97,11013.1657259302
2026-01-27,PROD-006,86,10358.910687925822
2026-01-28,PROD-006,116,9554.447611816295
2026-01-29,PROD-006,118,11421.657557537592
2026-01-30,PROD-006,97,3717.3153030745466
2026-01-31,PROD-006,74,5098.711085366197
2026-02-01,PROD-006,48,5165.994222764054
2026-02-02,PROD-006,93,13703.306165253034
2026-02-03,PROD-006,82,6576.969140527686
2026-02-04,PROD-006,97,9661.739328894986
2026-02-05,PROD-006,108,14298.638821875295
2026-02-06,PROD-006,79,8909.47726614437
2026-02-07,PROD-006,65,1958.4237801553766
2026-02-08,PROD-006,48,6601.190021606355
2026-02-09,PROD-006,130,17454.636553399338
2026-02-10,PROD-006,121,10000.415085928864
2026-02-11,PROD-006,130,7145.298238203867
2026-02-12,PROD-006,82,2869.8572442331747
2026-02-13,PROD-006,81,6099.751834607127
2021-02-14,PROD-007,32,1627.4640127883415
2021-02-15,PROD-007,58,2480.2286296126863
2021-02-16,PROD-007,55,4521.265953059209
2021-02-17,PROD-007,67,6351.109205278443
2021-02-18,PROD-007,72,5751.9831284995425
2021-02-19,PROD-007,68,6960.7943417339875
2021-02-20,PROD-007,39,2948.1229704186635
2021-02-21,PROD-007,42,5800.425883109018
2021-02-22,PROD-007,48,5723.195674781751
2021-02-23,PROD-007,61,5113.395545160662
2021-02-24,PROD-007,48,3557.9796436665156
2021-02-25,PROD-007,73,7450.589979027195
2021-02-26,PROD-007,88,3353.107630105378
2021-02-27,PROD-007,55,4143.311092479035
2021-02-28,PROD-007,40,3621.46556923123
2021-03-01,PROD-007,66,7814.637241567614
2021-03-02,PROD-007,67,6035.33650306721
2021-03-03,PROD-007,60,2027.6602377010372
2021-03-04,PROD-007,54,4583.235957171917
2021-03-05,PROD-007,73,3628.056259858069
2021-03-06,PROD-007,53,2489.752102356004
2021-03-07,PROD-007,35,2130.0915771206405
2021-03-08,PROD-007,50,4547.256407252506
2021-03-09,PROD-007,63,6611.775967772401
2021-03-10,PROD-007,84,8741.961210468917
2021-03-11,PROD-007,84,10578.222432092598
2021-03-12,PROD-007,74,7397.526283737028
2021-03-13,PROD-007,33,1030.0644848493248
2021-03-14,PROD-007,32,1939.42857088823
2021-03-15,PROD-007,82,8501.106863638764
2021-03-16,PROD-007,79,7724.6107573597
2021-03-17,PROD-007,90,9470.106760502476
2021-03-18,PROD-007,61,8322.34717576548
2021-03-19,PROD-007,58,8585.99426688509
2021-03-20,PROD-007,39,1368.9389711110741
2021-03-21,PROD-007,33,3493.376126348221
2021-03-22,PROD-007,90,5056.303657021715
2021-03-23,PROD-007,75,7326.629241362344
2021-03-24,PROD-007,74,10505.554253187174
2021-03-25,PROD-007,66,8751.158155174595
2021-03-26,PROD-007,81,12122.22557456951
2021-03-27,PROD-007,48,1396.8465520206732
2021-03-28,PROD-007,40,4826.377352690672
2021-03-29,PROD-007,61,4259.998278025829
2021-03-30,PROD-007,68,6728.703768765501
2021-03-31,PROD-007,77,11053.662816115517
2021-04-01,PROD-007,63,5502.481860271413
2021-04-02,PROD-007,93,6143.106048640499
2021-04-03,PROD-007,61,6495.547052855244
2021-04-04,PROD-007,44,1692.9453556084823
2021-04-05,PROD-007,68,10189.512811154933
2021-04-06,PROD-007,66,2116.3419255635085
2021-04-07,PROD-007,93,8393.050026039788
2021-04-08,PROD-007,82,5374.752358632443
2021-04-09,PROD-007,69,8467.57327000369
2021-04-10,PROD-007,62,2489.7678349496186
2021-04-11,PROD-007,53,1778.406829129679
2021-04-12,PROD-007,92,4791.518356018137
2021-04-13,PROD-007,98,7834.037657246505
2021-04-14,PROD-007,74,7085.289925760796
2021-04-15,PROD-007,86,3200.0703970535023
2021-04-16,PROD-007,90,3503.238564650206
2021-04-17,PROD-007,56,4533.229712977052
2021-04-18,PROD-007,51,4879.524488912922
2021-04-19,PROD-007,60,6840.04156029007
2021-04-20,PROD-007,71,4280.971014025783
2021-04-21,PROD-007,89,5749.754417987101
2021-04-22,PROD-007,101,12993.152515336382
2021-04-23,PROD-007,60,2211.4847500505366
2021-04-24,PROD-007,39,2597.744458241694
2021-04-25,PROD-007,67,6246.216408442786
2021-04-26,PROD-007,104,11004.007632929563
2021-04-27,PROD-007,94,13547.052313667662
2021-04-28,PROD-007,95,13824.352435669522
2021-04-29,PROD-007,74,7178.267839412403
2021-04-30,PROD-007,81,11749.122085993113
2021-05-01,PROD-007,67,4649.107682327407
2021-05-02,PROD-007,61,2552.1194225404424
2021-05-03,PROD-007,88,5378.052329084085
2021-05-04,PROD-007,83,8409.87971143979
2021-05-05,PROD-007,72,2458.9841051453113
2021-05-06,PROD-007,98,10192.468025500546
2021-05-07,PROD-007,110,4189.117842697727
2021-05-08,PROD-007,64,6059.691712761329
2021-05-09,PROD-007,57,3577.909177620938
2021-05-10,PROD-007,65,6571.723333356214
2021-05-11,PROD-007,73,8814.297904694422
2021-05-12,PROD-007,74,9802.842595371234
2021-05-13,PROD-007,118,8190.761669750122
2021-05-14,PROD-007,78,5336.27711135713
2021-05-15,PROD-007,49,5507.174665768595
2021-05-16,PROD-007,67,6742.868084087085
2021-05-17,PROD-007,92,9226.681111532727
2021-05-18,PROD-007,115,5678.22292696235
2021-05-19,PROD-007,90,10721.135728540896
2021-05-20,PROD-007,77,9893.538798380343
2021-05-21,PROD-007,101,8579.379203671144
2021-05-22,PROD-007,49,2333.2960288957515
2021-05-23,PROD-007,78,11487.123415005837
2021-05-24,PROD-007,103,14673.347126033903
2021-05-25,PROD-007,122,4826.449190034989
2021-05-26,PROD-007,107,11344.773758620882
2021-05-27,PROD-007,80,2382.776567237778
2021-05-28,PROD-007,90,4823.908348429084
2021-05-29,PROD-007,52,2367.8677597676524
2021-05-30,PROD-007,81,5571.827330352063
2021-05-31,PROD-007,106,10467.981449047758
2021-06-01,PROD-007,110,3945.3502512378604
2021-06-02,PROD-007,108,5947.575661458793
2021-06-03,PROD-007,134,8682.771731957968
2021-06-04,PROD-007,95,8020.0949398157445
2021-06-05,PROD-007,63,4044.0376999513296
2021-06-06,PROD-007,62,5178.9137866820265
2021-06-07,PROD-007,128,9054.069140595475
2021-06-08,PROD-007,93,4488.1887244825
2021-06-09,PROD-007,86,8648.640779858522
2021-06-10,PROD-007,128,7402.585275050669
2021-06-11,PROD-007,113,13704.78957938289
2021-06-12,PROD-007,81,4530.876277624259
2021-06-13,PROD-007,88,9669.164914662562
2021-06-14,PROD-007,137,14130.28233813209
2021-06-15,PROD-007,101,2732.5971337896485
2021-06-16,PROD-007,136,20250.244535905986
2021-06-17,PROD-007,94,13280.888327645804
2021-06-18,PROD-007,115,12950.024670187187
2021-06-19,PROD-007,91,3058.426696463914
2021-06-20,PROD-007,88,12353.068332878265
2021-06-21,PROD-007,111,5341.1866233474275
2021-06-22,PROD-007,136,4485.886674967745
2021-06-23,PROD-007,141,17775.46903763003
2021-06-24,PROD-007,103,9881.496829976617
2021-06-25,PROD-007,119,3223.303006711123
2021-06-26,PROD-007,76,9767.950709733463
2021-06-27,PROD-007,70,3992.935141024282
2021-06-28,PROD-007,125,11726.58732046777
2021-06-29,PROD-007,126,7453.0641579143075
2021-06-30,PROD-007,121,14160.480999787238
2021-07-01,PROD-007,107,5495.700584214659
2021-07-02,PROD-007,118,13912.893158073372
2021-07-03,PROD-007,70,4169.033990238932
2021-07-04,PROD-007,60,5929.703920075473
2021-07-05,PROD-007,136,15314.856205408536
2021-07-06,PROD-007,97,8424.199974068231
2021-07-07,PROD-007,119,8250.270078518397
2021-07-08,PROD-007,143,4083.1219887637335
2021-07-09,PROD-007,139,18982.311692159998
2021-07-10,PROD-007,78,5166.878115110973
2021-07-11,PROD-007,69,2897.150769735737
2021-07-12,PROD-007,163,17901.38953428064
2021-07-13,PROD-007,108,6710.104239855205
2021-07-14,PROD-007,112,14278.768834036338
2021-07-15,PROD-007,117,4793.677180899866
2021-07-16,PROD-007,144,16040.653656779574
2021-07-17,PROD-007,58,7495.240014303681
2021-07-18,PROD-007,83,7075.548544241265
2021-07-19,PROD-007,103,6034.112602266751
2021-07-20,PROD-007,116,15949.88362216228
2021-07-21,PROD-007,141,18163.952684523472
2021-07-22,PROD-007,134,15830.444929149995
2021-07-23,PROD-007,159,17869.876839623605
2021-07-24,PROD-007,88,8129.396276225064
2021-07-25,PROD-007,75,6189.826575289643
2021-07-26,PROD-007,127,9051.070834928987
2021-07-27,PROD-007,126,12034.953980425571
2021-07-28,PROD-007,139,13344.341937237761
2021-07-29,PROD-007,161,19362.45578512812
2021-07-30,PROD-007,163,9877.053582809262
2021-07-31,PROD-007,68,1856.5543767065844
2021-08-01,PROD-007,97,8910.88359944317
2021-08-02,PROD-007,154,16834.1320281492
2021-08-03,PROD-007,144,19037.037049315844
2021-08-04,PROD-007,154,5762.30126273625
2021-08-05,PROD-007,101,10865.50128534518
2021-08-06,PROD-007,150,10500.738487484374
2021-08-07,PROD-007,94,10590.404246453123
2021-08-08,PROD-007,68,7384.562645626378
2021-08-09,PROD-007,131,12349.600670616697
2021-08-10,PROD-007,150,13873.19155468074
2021-08-11,PROD-007,117,7853.894276681485
2021-08-12,PROD-007,178,9317.936030757059
2021-08-13,PROD-007,154,20819.583241351324
2021-08-14,PROD-007,81,6113.83641877695
2021-08-15,PROD-007,73,2133.7764013161745
2021-08-16,PROD-007,152,9096.91477578322
2021-08-17,PROD-007,156,5802.606296056333
2021-08-18,PROD-007,169,17055.929356350374
2021-08-19,PROD-007,180,23481.286934624957
2021-08-20,PROD-007,128,17539.255210501236
2021-08-21,PROD-007,94,11659.876256755373
2021-08-22,PROD-007,72,6867.407247119213
2021-08-23,PROD-007,100,11593.481745314977
2021-08-24,PROD-007,114,6353.966746380928
2021-08-25,PROD-007,103,8105.800316920003
2021-08-26,PROD-007,122,8050.682125038477
2021-08-27,PROD-007,118,7422.89544732978
2021-08-28,PROD-007,78,4028.222085698803
2021-08-29,PROD-007,100,8193.979364963678
2021-08-30,PROD-007,149,5085.102406643835
2021-08-31,PROD-007,101,8580.648656928302
2021-09-01,PROD-007,113,11925.707292285
2021-09-02,PROD-007,179,8148.443046109763
2021-09-03,PROD-007,101,14063.008432963055
2021-09-04,PROD-007,72,5293.353584354929
2021-09-05,PROD-007,92,13535.40254591358
2021-09-06,PROD-007,167,16475.269438617222
2021-09-07,PROD-007,165,17097.65275425737
2021-09-08,PROD-007,142,11492.172568828364
2021-09-09,PROD-007,153,17154.480763359243
2021-09-10,PROD-007,118,14373.091864312213
2021-09-11,PROD-007,107,12362.410152632054
2021-09-12,PROD-007,110,10287.722369681358
2021-09-13,PROD-007,156,18020.085802042468
2021-09-14,PROD-007,152,21796.298606286764
2021-09-15,PROD-007,172,23170.173081646666
2021-09-16,PROD-007,103,7244.131513514971
2021-09-17,PROD-007,150,18105.382341504544
2021-09-18,PROD-007,87,11264.67307503313
2021-09-19,PROD-007,93,6538.56218243103
2021-09-20,PROD-007,144,20811.253372433188
2021-09-21,PROD-007,149,10461.641489076927
2021-09-22,PROD-007,139,12078.014981188853
2021-09-23,PROD-007,154,11800.467928109629
2021-09-24,PROD-007,145,20345.410574950667
2021-09-25,PROD-007,84,6567.529509289736
2021-09-26,PROD-007,105,10634.990341409231
2021-09-27,PROD-007,169,10581.630320927448
2021-09-28,PROD-007,153,20382.984753382698
2021-09-29,PROD-007,174,19612.330832812047
2021-09-30,PROD-007,128,18523.638570553318
2021-10-01,PROD-007,102,11458.4203579008
2021-10-02,PROD-007,113,5561.296895994195
2021-10-03,PROD-007,76,7642.5116796017155
2021-10-04,PROD-007,121,9835.210534453663
2021-10-05,PROD-007,162,22868.016420917334
2021-10-06,PROD-007,117,6923.597415401516
2021-10-07,PROD-007,144,7604.22672938817
2021-10-08,PROD-007,127,18941.383312398815
2021-10-09,PROD-007,61,7023.387990768236
2021-10-10,PROD-007,66,9685.486990227913
2021-10-11,PROD-007,149,4420.623285160551
2021-10-12,PROD-007,104,14024.688239829906
2021-10-13,PROD-007,131,5174.050476733461
2021-10-14,PROD-007,115,6711.007478552453
2021-10-15,PROD-007,164,17291.944438853854
2021-10-16,PROD-007,78,6250.2520666817345
2021-10-17,PROD-007,105,6676.643790439938
2021-10-18,PROD-007,100,6590.873696248743
2021-10-19,PROD-007,103,15237.470452839836
2021-10-20,PROD-007,106,12777.84762125722
2021-10-21,PROD-007,112,13899.493477515634
2021-10-22,PROD-007,158,6590.886214817802
2021-10-23,PROD-007,61,3078.1855506949455
2021-10-24,PROD-007,61,6526.255757621803
2021-10-25,PROD-007,139,13464.523425085294
2021-10-26,PROD-007,107,12706.821846955783
2021-10-27,PROD-007,128,9761.450033769204
2021-10-28,PROD-007,110,7733.2122923109255
2021-10-29,PROD-007,158,5183.773365749873
2021-10-30,PROD-007,59,1622.1391451567104
2021-10-31,PROD-007,75,2876.812790420539
2021-11-01,PROD-007,123,5254.52620655978
2021-11-02,PROD-007,124,5477.347395719234
2021-11-03,PROD-007,148,16667.519828785433
2021-11-04,PROD-007,118,4744.953097845972
2021-11-05,PROD-007,124,10057.003322572935
2021-11-06,PROD-007,72,6804.221862387612
2021-11-07,PROD-007,63,1967.1735107963289
2021-11-08,PROD-007,145,16604.46155424592
2021-11-09,PROD-007,155,17550.380739525826
2021-11-10,PROD-007,104,10262.975760279916
2021-11-11,PROD-007,101,7637.937621746982
2021-11-12,PROD-007,94,12391.34675250723
2021-11-13,PROD-007,58,6394.557476814385
2021-11-14,PROD-007,61,3469.984718839846
2021-11-15,PROD-007,146,17291.67510031092
2021-11-16,PROD-007,137,17096.87089217052
2021-11-17,PROD-007,124,13076.93674602335
2021-11-18,PROD-007,127,13927.72181352697
2021-11-19,PROD-007,120,4166.719670442218
2021-11-20,PROD-007,55,2989.311919921171
2021-11-21,PROD-007,89,8419.506646119447
2021-11-22,PROD-007,128,9413.448741577115
2021-11-23,PROD-007,129,4781.125185168018
2021-11-24,PROD-007,115,12950.297878292917
2021-11-25,PROD-007,86,3490.6090952522513
2021-11-26,PROD-007,103,5138.0465157946755
2021-11-27,PROD-007,70,2334.3521550839355
2021-11-28,PROD-007,58,7219.2433643077275
2021-11-29,PROD-007,96,9551.315306257367
2021-11-30,PROD-007,117,10318.507835393288
2021-12-01,PROD-007,80,9424.328237529702
2021-12-02,PROD-007,77,7757.5683122402115
2021-12-03,PROD-007,77,2277.568382710593
2021-12-04,PROD-007,74,5266.402617203291
2021-12-05,PROD-007,66,8997.16929236481
2021-12-06,PROD-007,83,10946.258128927546
2021-12-07,PROD-007,110,13335.024976172994
2021-12-08,PROD-007,87,11117.014459133889
2021-12-09,PROD-007,109,2939.4248422609476
2021-12-10,PROD-007,109,8147.787985810498
2021-12-11,PROD-007,56,3851.4030553693206
2021-12-12,PROD-007,56,8313.737766572678
2021-12-13,PROD-007,77,11370.38716378465
2021-12-14,PROD-007,82,9982.562824623814
2021-12-15,PROD-007,94,3616.0464898059486
2021-12-16,PROD-007,96,12201.175078806964
2021-12-17,PROD-007,85,4514.72630189814
2021-12-18,PROD-007,76,3162.2145489350496
2021-12-19,PROD-007,73,5013.629663780882
2021-12-20,PROD-007,88,7217.541954960887
2021-12-21,PROD-007,91,4110.517589011532
2021-12-22,PROD-007,89,10459.220748427006
2021-12-23,PROD-007,83,4660.803549165123
2021-12-24,PROD-007,80,5635.713841716415
2021-12-25,PROD-007,70,2533.397025977021
2021-12-26,PROD-007,78,6454.815419074137
2021-12-27,PROD-007,110,3661.066727777557
2021-12-28,PROD-007,92,7514.783610541972
2021-12-29,PROD-007,110,15365.264875581546
2021-12-30,PROD-007,76,9458.126861848688
2021-12-31,PROD-007,116,14339.498654593173
2022-01-01,PROD-007,59,5393.6528591664855
2022-01-02,PROD-007,70,2694.0867929462897
2022-01-03,PROD-007,74,6744.915358138571
2022-01-04,PROD-007,97,10520.242728769135
2022-01-05,PROD-007,86,4472.744954705763
2022-01-06,PROD-007,99,6971.574098758773
2022-01-07,PROD-007,70,8947.700465799342
2022-01-08,PROD-007,41,3037.479238120067
2022-01-09,PROD-007,40,2458.8708825864555
2022-01-10,PROD-007,104,11413.302851703102
2022-01-11,PROD-007,106,5168.679183236403
2022-01-12,PROD-007,107,14244.953452477608
2022-01-13,PROD-007,115,7078.551408977175
2022-01-14,PROD-007,112,13294.096474049686
2022-01-15,PROD-007,55,4485.052794933534
2022-01-16,PROD-007,66,9216.544134648791
2022-01-17,PROD-007,62,3513.10929066137
2022-01-18,PROD-007,106,6713.092333620959
2022-01-19,PROD-007,90,5992.3214317024085
2022-01-20,PROD-007,69,5284.690392984808
2022-01-21,PROD-007,88,8465.619672582088
2022-01-22,PROD-007,51,2556.4124950000987
2022-01-23,PROD-007,66,3659.5020921727973
2022-01-24,PROD-007,80,10380.651985688677
2022-01-25,PROD-007,108,10835.804442367042
2022-01-26,PROD-007,67,5618.702910193874
2022-01-27,PROD-007,81,11454.171625840103
2022-01-28,PROD-007,73,9313.145018629048
2022-01-29,PROD-007,43,2306.1788350024553
2022-01-30,PROD-007,66,5329.621732239581
2022-01-31,PROD-007,80,10164.494402931387
2022-02-01,PROD-007,86,3622.6380414728837
2022-02-02,PROD-007,92,12461.278211778552
2022-02-03,PROD-007,58,2036.6943556647486
2022-02-04,PROD-007,76,1988.9817360424065
2022-02-05,PROD-007,36,2282.586546436359
2022-02-06,PROD-007,40,4994.295618617506
2022-02-07,PROD-007,61,8282.147645808096
2022-02-08,PROD-007,86,10477.536942346878
2022-02-09,PROD-007,73,5833.161140325662
2022-02-10,PROD-007,62,3543.0792252762476
2022-02-11,PROD-007,100,4303.1509278488575
2022-02-12,PROD-007,52,3193.0072778946105
2022-02-13,PROD-007,45,1674.4716409901987
2022-02-14,PROD-007,79,9816.66951868307
2022-02-15,PROD-007,89,12281.115813551336
2022-02-16,PROD-007,87,8598.916284446632
2022-02-17,PROD-007,58,2788.986472347806
2022-02-18,PROD-007,57,6625.493255623356
2022-02-19,PROD-007,44,4386.851760534078
2022-02-20,PROD-007,53,1450.9956814141674
2022-02-21,PROD-007,91,11145.451181115448
2022-02-22,PROD-007,66,4177.226357059855
2022-02-23,PROD-007,64,6393.459218051597
2022-02-24,PROD-007,64,2489.3040458576224
2022-02-25,PROD-007,95,14083.263108536928
2022-02-26,PROD-007,48,5865.405159613237
2022-02-27,PROD-007,49,6590.48851652511
2022-02-28,PROD-007,66,4537.629456789212
2022-03-01,PROD-007,61,7497.890727383155
2022-03-02,PROD-007,61,6017.148109951429
2022-03-03,PROD-007,62,5816.4109868472615
2022-03-04,PROD-007,84,6048.846147098335
2022-03-05,PROD-007,45,2319.559347656564
2022-03-06,PROD-007,51,2054.746409893775
2022-03-07,PROD-007,90,5901.786418278915
2022-03-08,PROD-007,94,12156.977861606785
2022-03-09,PROD-007,90,12185.328454419361
2022-03-10,PROD-007,56,6791.720936207605
2022-03-11,PROD-007,96,3752.0942413865932
2022-03-12,PROD-007,62,5219.881923402633
2022-03-13,PROD-007,61,8970.864845506898
2022-03-14,PROD-007,96,12305.24232563942
2022-03-15,PROD-007,87,8846.353372644431
2022-03-16,PROD-007,67,8582.669942380066
2022-03-17,PROD-007,102,11588.807601689166
2022-03-18,PROD-007,101,4258.2364674779
2022-03-19,PROD-007,49,4043.775025590317
2022-03-20,PROD-007,45,5131.1657701351705
2022-03-21,PROD-007,57,2681.59216034018
2022-03-22,PROD-007,85,2678.1994594762054
2022-03-23,PROD-007,84,12387.117358001147
2022-03-24,PROD-007,89,6676.2244379280255
2022-03-25,PROD-007,70,8594.4790140787
2022-03-26,PROD-007,42,4036.4697095255506
2022-03-27,PROD-007,45,4267.945093739971
2022-03-28,PROD-007,76,3662.446130844535
2022-03-29,PROD-007,100,6043.382636269041
2022-03-30,PROD-007,101,8129.583362936412
2022-03-31,PROD-007,88,5256.070869566557
2022-04-01,PROD-007,80,11168.236753788906
2022-04-02,PROD-007,64,4211.61627381257
2022-04-03,PROD-007,62,4064.8684578510074
2022-04-04,PROD-007,88,2846.16751538253
2022-04-05,PROD-007,92,6672.208604590707
2022-04-06,PROD-007,92,10848.39870115928
2022-04-07,PROD-007,102,4422.684078148377
2022-04-08,PROD-007,62,8311.632889138256
2022-04-09,PROD-007,73,8173.088270814453
2022-04-10,PROD-007,40,4774.530796412588
2022-04-11,PROD-007,77,6525.386489713282
2022-04-12,PROD-007,89,4580.99056430915
2022-04-13,PROD-007,84,9600.308706023296
2022-04-14,PROD-007,80,7914.721209947612
2022-04-15,PROD-007,109,9343.506477168792
2022-04-16,PROD-007,58,6950.776321745162
2022-04-17,PROD-007,74,2409.6163894401707
2022-04-18,PROD-007,67,9024.63593554029
2022-04-19,PROD-007,85,3376.1906938986926
2022-04-20,PROD-007,94,7205.532614874452
2022-04-21,PROD-007,84,2371.5542160665773
2022-04-22,PROD-007,109,12215.938203438765
2022-04-23,PROD-007,69,9683.838160138694
2022-04-24,PROD-007,59,4881.833800310408
2022-04-25,PROD-007,125,8572.682889804802
2022-04-26,PROD-007,105,10176.084597060992
2022-04-27,PROD-007,83,4022.19203290133
2022-04-28,PROD-007,106,7761.412711454685
2022-04-29,PROD-007,80,8632.633935023407
2022-04-30,PROD-007,65,5061.874658399637
2022-05-01,PROD-007,60,6667.316478903793
2022-05-02,PROD-007,72,4070.645605443232
2022-05-03,PROD-007,85,7421.4825884541315
2022-05-04,PROD-007,83,12235.226723926951
2022-05-05,PROD-007,80,3748.6814405763794
2022-05-06,PROD-007,94,4834.955300609325
2022-05-07,PROD-007,59,5620.236528882425
2022-05-08,PROD-007,81,9018.405733096159
2022-05-09,PROD-007,115,6267.674539640729
2022-05-10,PROD-007,112,5477.900643970077
2022-05-11,PROD-007,112,6395.760005675431
2022-05-12,PROD-007,126,18186.270330609495
2022-05-13,PROD-007,136,3810.5597614056373
2022-05-14,PROD-007,84,12568.825952433283
2022-05-15,PROD-007,64,7873.582386433595
2022-05-16,PROD-007,88,11680.135833955354
2022-05-17,PROD-007,104,7586.823231080876
2022-05-18,PROD-007,128,12733.97552221382
2022-05-19,PROD-007,92,5855.232562212523
2022-05-20,PROD-007,100,10690.76230743676
2022-05-21,PROD-007,57,7883.955981137512
2022-05-22,PROD-007,87,11508.71111389946
2022-05-23,PROD-007,108,3206.8687090225335
2022-05-24,PROD-007,106,9706.550901029359
2022-05-25,PROD-007,111,16623.623530677523
2022-05-26,PROD-007,150,8668.370008783813
2022-05-27,PROD-007,131,4069.818771075942
2022-05-28,PROD-007,88,11014.556386645778
2022-05-29,PROD-007,72,8457.83000655429
2022-05-30,PROD-007,152,19986.687250633757
2022-05-31,PROD-007,139,15512.481256535995
2022-06-01,PROD-007,148,15712.287111986236
2022-06-02,PROD-007,135,16737.500975473293
2022-06-03,PROD-007,151,13630.722098351987
2022-06-04,PROD-007,100,14590.08779034894
2022-06-05,PROD-007,100,9685.076794620914
2022-06-06,PROD-007,147,20768.982965327443
2022-06-07,PROD-007,89,7478.904120787976
2022-06-08,PROD-007,155,19277.431558686294
2022-06-09,PROD-007,104,9735.546811841652
2022-06-10,PROD-007,124,15591.827133165829
2022-06-11,PROD-007,98,12475.439404461162
2022-06-12,PROD-007,97,4648.398733399902
2022-06-13,PROD-007,90,3338.8189307713046
2022-06-14,PROD-007,99,4361.170828734141
2022-06-15,PROD-007,133,9180.015602227515
2022-06-16,PROD-007,93,8828.092466878768
2022-06-17,PROD-007,108,3275.755341400419
2022-06-18,PROD-007,62,5685.186067351975
2022-06-19,PROD-007,103,10698.40661309368
2022-06-20,PROD-007,166,15850.768964632807
2022-06-21,PROD-007,125,6811.475809833757
2022-06-22,PROD-007,127,14904.937302892795
2022-06-23,PROD-007,129,8130.082655785276
2022-06-24,PROD-007,162,20635.35572187004
2022-06-25,PROD-007,99,11383.127287252093
2022-06-26,PROD-007,103,5434.617304246944
2022-06-27,PROD-007,152,18199.669534220764
2022-06-28,PROD-007,125,9148.140691816277
2022-06-29,PROD-007,153,20072.9030091819
2022-06-30,PROD-007,142,15750.449908963019
2022-07-01,PROD-007,176,20005.252326082362
2022-07-02,PROD-007,97,10927.926871076876
2022-07-03,PROD-007,105,13096.819091538688
2022-07-04,PROD-007,181,11749.559482117522
2022-07-05,PROD-007,136,18522.528766038442
2022-07-06,PROD-007,136,6369.867148608032
2022-07-07,PROD-007,148,4027.609359484703
2022-07-08,PROD-007,161,10068.22327359413
2022-07-09,PROD-007,71,2793.8715498220954
2022-07-10,PROD-007,81,4177.118699960926
2022-07-11,PROD-007,107,4799.368827354509
2022-07-12,PROD-007,150,6796.05129723232
2022-07-13,PROD-007,172,5422.9586240723465
2022-07-14,PROD-007,114,14300.186394178541
2022-07-15,PROD-007,192,4804.553815538732
2022-07-16,PROD-007,71,9749.153815636517
2022-07-17,PROD-007,109,12877.871585186569
2022-07-18,PROD-007,184,7688.874062177229
2022-07-19,PROD-007,170,22544.683849646517
2022-07-20,PROD-007,175,21971.093394168183
2022-07-21,PROD-007,173,12535.54548040092
2022-07-22,PROD-007,131,5018.173273185136
2022-07-23,PROD-007,107,6836.271186022946
2022-07-24,PROD-007,84,4208.384377382556
2022-07-25,PROD-007,186,9117.519038416178
2022-07-26,PROD-007,156,13806.525514207937
2022-07-27,PROD-007,113,10872.118616127656
2022-07-28,PROD-007,118,4805.44651195697
2022-07-29,PROD-007,140,9636.585400103955
2022-07-30,PROD-007,73,4979.848438064725
2022-07-31,PROD-007,115,3666.3348478679986
2022-08-01,PROD-007,189,12508.83146107371
2022-08-02,PROD-007,165,13955.449890419195
2022-08-03,PROD-007,133,17680.877789117658
2022-08-04,PROD-007,168,6175.530266427657
2022-08-05,PROD-007,118,16998.58558189032
2022-08-06,PROD-007,128,19078.25288737886
2022-08-07,PROD-007,112,3547.420383170737
2022-08-08,PROD-007,158,20143.741423536467
2022-08-09,PROD-007,129,4308.653999402159
2022-08-10,PROD-007,113,10179.701139012046
2022-08-11,PROD-007,202,26599.08128797608
2022-08-12,PROD-007,202,24214.17445306798
2022-08-13,PROD-007,74,10783.041324998918
2022-08-14,PROD-007,125,9863.526564734506
2022-08-15,PROD-007,199,7861.060085800041
2022-08-16,PROD-007,206,10172.784287559887
2022-08-17,PROD-007,169,22223.318678755913
2022-08-18,PROD-007,192,20438.07149621789
2022-08-19,PROD-007,158,20398.99184500376
2022-08-20,PROD-007,98,3562.132996145314
2022-08-21,PROD-007,81,4639.351747202612
2022-08-22,PROD-007,133,18157.794636374492
2022-08-23,PROD-007,187,25559.01016522837
2022-08-24,PROD-007,193,23106.6927728128
2022-08-25,PROD-007,193,28338.14766596358
2022-08-26,PROD-007,202,19789.449697801374
2022-08-27,PROD-007,119,3059.501177151575
2022-08-28,PROD-007,97,10212.92107259035
2022-08-29,PROD-007,123,8939.05394361354
2022-08-30,PROD-007,205,23240.231661184953
2022-08-31,PROD-007,150,17810.81211957182
2022-09-01,PROD-007,114,6547.312998770571
2022-09-02,PROD-007,192,15922.888558927947
2022-09-03,PROD-007,125,4240.094445330651
2022-09-04,PROD-007,86,3782.918628412477
2022-09-05,PROD-007,139,9210.827508825741
2022-09-06,PROD-007,210,27217.230202246683
2022-09-07,PROD-007,189,11255.457648363927
2022-09-08,PROD-007,173,14907.69036056413
2022-09-09,PROD-007,162,22850.61210219994
2022-09-10,PROD-007,81,8586.84480649429
2022-09-11,PROD-007,89,11842.966653288813
2022-09-12,PROD-007,135,7725.119787573232
2022-09-13,PROD-007,202,5159.903823114524
2022-09-14,PROD-007,204,8515.802952442213
2022-09-15,PROD-007,121,15105.379183081974
2022-09-16,PROD-007,143,8226.68483764906
2022-09-17,PROD-007,108,8854.534198831285
2022-09-18,PROD-007,87,9698.566594809643
2022-09-19,PROD-007,155,8850.403380115125
2022-09-20,PROD-007,125,14558.478880130071
2022-09-21,PROD-007,147,11463.854036740759
2022-09-22,PROD-007,157,10957.781473787765
2022-09-23,PROD-007,153,5649.470123353408
2022-09-24,PROD-007,103,3716.995414218111
2022-09-25,PROD-007,101,4228.4853270604435
2022-09-26,PROD-007,119,13948.66935956266
2022-09-27,PROD-007,135,5492.048919474806
2022-09-28,PROD-007,204,20580.449625968253
2022-09-29,PROD-007,121,10379.212397621126
2022-09-30,PROD-007,121,3881.98047790628
2022-10-01,PROD-007,126,4475.608162879378
2022-10-02,PROD-007,89,11226.869211882058
2022-10-03,PROD-007,179,16245.416644804607
2022-10-04,PROD-007,110,6837.552106321349
2022-10-05,PROD-007,118,13115.392704190237
2022-10-06,PROD-007,197,29399.669381507287
2022-10-07,PROD-007,135,17476.96888236667
2022-10-08,PROD-007,123,11757.400230276466
2022-10-09,PROD-007,96,8815.959246788387
2022-10-10,PROD-007,182,19935.182367307567
2022-10-11,PROD-007,192,10374.733935324095
2022-10-12,PROD-007,154,13551.845948481188
2022-10-13,PROD-007,114,13096.304647605208
2022-10-14,PROD-007,131,16510.49286287391
2022-10-15,PROD-007,90,12597.685112522318
2022-10-16,PROD-007,87,2570.1287338263437
2022-10-17,PROD-007,195,14423.22874726336
2022-10-18,PROD-007,135,3887.448483191442
2022-10-19,PROD-007,111,16107.964788531208
2022-10-20,PROD-007,171,18184.431395764346
2022-10-21,PROD-007,193,28408.69008507814
2022-10-22,PROD-007,72,6224.538153277816
2022-10-23,PROD-007,96,13136.789180013699
2022-10-24,PROD-007,113,16353.347156724769
2022-10-25,PROD-007,145,15000.404340914358
2022-10-26,PROD-007,151,14661.695771674495
2022-10-27,PROD-007,166,10263.937038258671
2022-10-28,PROD-007,187,23809.655884572683
2022-10-29,PROD-007,79,9392.000120313554
2022-10-30,PROD-007,78,10246.692372752745
2022-10-31,PROD-007,133,16137.593669551688
2022-11-01,PROD-007,136,18553.750923437663
2022-11-02,PROD-007,177,21579.97888192923
2022-11-03,PROD-007,122,3797.2966124168706
2022-11-04,PROD-007,159,16766.567566268528
2022-11-05,PROD-007,77,7004.655584551479
2022-11-06,PROD-007,90,2765.593700496744
2022-11-07,PROD-007,109,7779.967184360918
2022-11-08,PROD-007,98,8084.771836783945
2022-11-09,PROD-007,98,3464.1434932598204
2022-11-10,PROD-007,147,5752.626761391774
2022-11-11,PROD-007,136,16913.382409941667
2022-11-12,PROD-007,100,10041.77070237709
2022-11-13,PROD-007,110,10906.475626972106
2022-11-14,PROD-007,138,12428.24536786597
2022-11-15,PROD-007,147,12409.148402080076
2022-11-16,PROD-007,152,7664.633285662649
2022-11-17,PROD-007,122,14190.065011694922
2022-11-18,PROD-007,161,16629.546771899193
2022-11-19,PROD-007,63,8155.645119267738
2022-11-20,PROD-007,90,6466.054432152301
2022-11-21,PROD-007,152,16785.270750557924
2022-11-22,PROD-007,167,23765.080189323213
2022-11-23,PROD-007,118,15320.432511904584
2022-11-24,PROD-007,113,9231.159732645463
2022-11-25,PROD-007,136,19373.478422333323
2022-11-26,PROD-007,65,2529.641323610316
2022-11-27,PROD-007,76,7469.470740540409
2022-11-28,PROD-007,108,14499.451314868898
2022-11-29,PROD-007,120,7366.81553140025
2022-11-30,PROD-007,122,18134.077465490944
2022-12-01,PROD-007,158,11617.7617869018
2022-12-02,PROD-007,93,5071.981108425059
2022-12-03,PROD-007,61,3191.3855719537714
2022-12-04,PROD-007,100,9718.28257715254
2022-12-05,PROD-007,159,14635.462153838218
2022-12-06,PROD-007,135,11647.50735892085
2022-12-07,PROD-007,122,12687.227968916577
2022-12-08,PROD-007,85,6298.78317234368
2022-12-09,PROD-007,126,13208.332522895975
2022-12-10,PROD-007,95,8053.940997572059
2022-12-11,PROD-007,74,3383.2834366338157
2022-12-12,PROD-007,127,14752.094582546557
2022-12-13,PROD-007,97,12083.43746640974
2022-12-14,PROD-007,152,9860.10802851639
2022-12-15,PROD-007,136,5139.335483542839
2022-12-16,PROD-007,102,11459.092931542
2022-12-17,PROD-007,93,3307.2279571984336
2022-12-18,PROD-007,67,2220.0286844895813
2022-12-19,PROD-007,87,3569.591945085375
2022-12-20,PROD-007,83,10640.999526152234
2022-12-21,PROD-007,91,12390.344982892333
2022-12-22,PROD-007,124,4529.039762637966
2022-12-23,PROD-007,112,7764.138559298855
2022-12-24,PROD-007,83,3526.544643389377
2022-12-25,PROD-007,52,7347.91633741762
2022-12-26,PROD-007,80,8192.166663689028
2022-12-27,PROD-007,133,13832.421646527777
2022-12-28,PROD-007,135,12636.815021804015
2022-12-29,PROD-007,104,9539.60599267178
2022-12-30,PROD-007,86,5627.150620132597
2022-12-31,PROD-007,61,8873.936461478113
2023-01-01,PROD-007,60,1918.242688026792
2023-01-02,PROD-007,137,10008.708126853928
2023-01-03,PROD-007,89,3629.7867261973515
2023-01-04,PROD-007,127,16307.236444126824
2023-01-05,PROD-007,131,12398.397241646226
2023-01-06,PROD-007,135,17130.067546968417
2023-01-07,PROD-007,60,5390.431399307954
2023-01-08,PROD-007,63,2229.578148793487
2023-01-09,PROD-007,117,16236.966923662736
2023-01-10,PROD-007,125,16748.229629708883
2023-01-11,PROD-007,89,7576.13692586489
2023-01-12,PROD-007,99,10318.49946951527
2023-01-13,PROD-007,116,10326.962182607027
2023-01-14,PROD-007,51,6754.772018916347
2023-01-15,PROD-007,60,6730.775822659611
2023-01-16,PROD-007,74,5076.635254609289
2023-01-17,PROD-007,91,9217.683244142116
2023-01-18,PROD-007,97,6638.074553224298
2023-01-19,PROD-007,122,17691.925593723336
2023-01-20,PROD-007,122,12099.513941083484
2023-01-21,PROD-007,67,4729.867692913391
2023-01-22,PROD-007,56,4507.427513744666
2023-01-23,PROD-007,105,7760.567886870677
2023-01-24,PROD-007,115,12937.937502151999
2023-01-25,PROD-007,105,14345.444908574043
2023-01-26,PROD-007,109,4375.34936472839
2023-01-27,PROD-007,97,4828.771760618643
2023-01-28,PROD-007,52,6817.318364877822
2023-01-29,PROD-007,55,2116.6788991034427
2023-01-30,PROD-007,73,7006.29774628519
2023-01-31,PROD-007,117,12009.811798055436
2023-02-01,PROD-007,102,13252.92623151388
2023-02-02,PROD-007,120,8515.784657075634
2023-02-03,PROD-007,92,4124.271517689249
2023-02-04,PROD-007,51,1985.594812381564
2023-02-05,PROD-007,76,6934.098563177182
2023-02-06,PROD-007,81,5021.1257565158885
2023-02-07,PROD-007,68,7918.918658502066
2023-02-08,PROD-007,89,3544.3347199891405
2023-02-09,PROD-007,93,6559.22633231904
2023-02-10,PROD-007,91,12971.506553062874
2023-02-11,PROD-007,73,7552.65964500994
2023-02-12,PROD-007,55,5462.557551839557
2023-02-13,PROD-007,85,8589.677886819518
2023-02-14,PROD-007,74,7693.505637625255
2023-02-15,PROD-007,117,7896.49414787676
2023-02-16,PROD-007,86,10763.075852279397
2023-02-17,PROD-007,112,12368.797682520595
2023-02-18,PROD-007,54,4820.205941762509
2023-02-19,PROD-007,60,7011.6349824433755
2023-02-20,PROD-007,91,7209.289441675676
2023-02-21,PROD-007,71,5218.131424331629
2023-02-22,PROD-007,101,8989.925717921311
2023-02-23,PROD-007,116,8989.810822939906
2023-02-24,PROD-007,94,3591.2431269246163
2023-02-25,PROD-007,63,6323.0179057253545
2023-02-26,PROD-007,40,1259.553980063289
2023-02-27,PROD-007,65,3115.463541434249
2023-02-28,PROD-007,87,11644.632204404508
2023-03-01,PROD-007,93,2376.954796723091
2023-03-02,PROD-007,90,7003.055956470807
2023-03-03,PROD-007,76,3191.3537893922075
2023-03-04,PROD-007,61,4665.591013208354
2023-03-05,PROD-007,48,7018.335211152751
2023-03-06,PROD-007,84,4504.9037275544015
2023-03-07,PROD-007,85,5815.664931021199
2023-03-08,PROD-007,86,3845.689256592867
2023-03-09,PROD-007,65,2239.978923708668
2023-03-10,PROD-007,108,7298.631146212768
2023-03-11,PROD-007,70,10446.18579699651
2023-03-12,PROD-007,62,2751.601693773185
2023-03-13,PROD-007,105,9843.643299410449
2023-03-14,PROD-007,69,5331.212882801154
2023-03-15,PROD-007,107,9375.269987356061
2023-03-16,PROD-007,105,8151.929789716881
2023-03-17,PROD-007,76,8949.411984628188
2023-03-18,PROD-007,46,4804.680807954145
2023-03-19,PROD-007,56,7865.196290188369
2023-03-20,PROD-007,103,4138.582568062192
2023-03-21,PROD-007,69,5124.838987540766
2023-03-22,PROD-007,112,11992.67714413137
2023-03-23,PROD-007,74,6420.004564474557
2023-03-24,PROD-007,120,16160.852114349644
2023-03-25,PROD-007,69,2220.798598768904
2023-03-26,PROD-007,66,7790.3930041302265
2023-03-27,PROD-007,115,8587.326229579008
2023-03-28,PROD-007,102,8170.37181937442
2023-03-29,PROD-007,124,13582.866019680045
2023-03-30,PROD-007,109,5077.080907082714
2023-03-31,PROD-007,106,4884.49761126157
2023-04-01,PROD-007,63,5527.323127602149
2023-04-02,PROD-007,50,6768.377646863959
2023-04-03,PROD-007,91,4749.863258200425
2023-04-04,PROD-007,74,7864.332588169756
2023-04-05,PROD-007,118,10644.140636517073
2023-04-06,PROD-007,129,11281.679281755296
2023-04-07,PROD-007,116,5898.661266780845
2023-04-08,PROD-007,71,9862.078129140391
2023-04-09,PROD-007,47,6159.775645811359
2023-04-10,PROD-007,100,13860.026804889185
2023-04-11,PROD-007,109,4676.156672010851
2023-04-12,PROD-007,115,4326.64683180998
2023-04-13,PROD-007,131,13733.530442647942
2023-04-14,PROD-007,82,9110.426009171786
2023-04-15,PROD-007,60,5580.370552948549
2023-04-16,PROD-007,82,2261.995506706647
2023-04-17,PROD-007,86,12717.060439541543
2023-04-18,PROD-007,75,7469.819281846995
2023-04-19,PROD-007,111,6787.830687129063
2023-04-20,PROD-007,131,5215.375081357736
2023-04-21,PROD-007,98,2580.79953274235
2023-04-22,PROD-007,73,8362.971314034414
2023-04-23,PROD-007,86,12224.850711389205
2023-04-24,PROD-007,95,5974.525610209868
2023-04-25,PROD-007,127,9471.43759356277
2023-04-26,PROD-007,112,13484.04786558963
2023-04-27,PROD-007,104,12070.632360098109
2023-04-28,PROD-007,128,18036.869637714175
2023-04-29,PROD-007,58,2026.1901184323635
2023-04-30,PROD-007,72,3652.8239703702084
2023-05-01,PROD-007,103,9735.824552178317
2023-05-02,PROD-007,122,14975.34307846059
2023-05-03,PROD-007,143,3751.977092834988
2023-05-04,PROD-007,98,5413.240247822693
2023-05-05,PROD-007,135,19198.499057099223
2023-05-06,PROD-007,84,11996.267433104127
2023-05-07,PROD-007,92,8204.351151754148
2023-05-08,PROD-007,121,8157.6496172536645
2023-05-09,PROD-007,128,16553.40390736508
2023-05-10,PROD-007,142,16321.332654499614
2023-05-11,PROD-007,124,16652.313990508188
2023-05-12,PROD-007,123,10939.890452967009
2023-05-13,PROD-007,77,10551.27659862194
2023-05-14,PROD-007,98,5911.594994329292
2023-05-15,PROD-007,104,6324.363215541951
2023-05-16,PROD-007,112,14263.780530930384
2023-05-17,PROD-007,134,18634.419967199592
2023-05-18,PROD-007,102,7634.7725590423115
2023-05-19,PROD-007,161,7396.386712262882
2023-05-20,PROD-007,68,9637.06895955076
2023-05-21,PROD-007,73,2517.479520145215
2023-05-22,PROD-007,117,4585.624554784592
2023-05-23,PROD-007,136,12964.94842646628
2023-05-24,PROD-007,124,13513.670390978543
2023-05-25,PROD-007,145,18866.273083493496
2023-05-26,PROD-007,108,16037.04028039176
2023-05-27,PROD-007,92,11104.010889954547
2023-05-28,PROD-007,105,12689.294071213568
2023-05-29,PROD-007,95,9047.180705000617
2023-05-30,PROD-007,117,4108.642303902813
2023-05-31,PROD-007,141,16935.77616366916
2023-06-01,PROD-007,176,11278.864313581385
2023-06-02,PROD-007,114,15670.051098638514
2023-06-03,PROD-007,77,5556.8612470559265
2023-06-04,PROD-007,70,8535.571777114521
2023-06-05,PROD-007,109,15358.203558084097
2023-06-06,PROD-007,123,18361.54615222994
2023-06-07,PROD-007,179,25511.549758046862
2023-06-08,PROD-007,118,5059.250892291362
2023-06-09,PROD-007,123,8204.074507750547
2023-06-10,PROD-007,109,5865.965382252323
2023-06-11,PROD-007,67,9693.363963888873
2023-06-12,PROD-007,138,13937.304844465467
2023-06-13,PROD-007,177,9536.121849571866
2023-06-14,PROD-007,125,7086.163089321204
2023-06-15,PROD-007,176,19212.069596196503
2023-06-16,PROD-007,155,17246.58299421206
2023-06-17,PROD-007,115,16724.477678689585
2023-06-18,PROD-007,115,14000.839987251768
2023-06-19,PROD-007,178,12312.294157412003
2023-06-20,PROD-007,110,9697.44691684778
2023-06-21,PROD-007,139,7460.691292085827
2023-06-22,PROD-007,178,11074.3974419385
2023-06-23,PROD-007,117,3155.7384165619187
2023-06-24,PROD-007,108,5513.2983561935935
2023-06-25,PROD-007,75,2027.500368305333
2023-06-26,PROD-007,165,18682.016178321337
2023-06-27,PROD-007,170,12607.510132984791
2023-06-28,PROD-007,152,8629.788400915584
2023-06-29,PROD-007,125,8725.742207355994
2023-06-30,PROD-007,190,8242.116180514431
2023-07-01,PROD-007,113,6589.275285185511
2023-07-02,PROD-007,130,15998.961938567923
2023-07-03,PROD-007,124,17490.080249058894
2023-07-04,PROD-007,183,21321.644361826602
2023-07-05,PROD-007,121,12430.693608788673
2023-07-06,PROD-007,131,9292.101420501967
2023-07-07,PROD-007,138,7740.246604123979
2023-07-08,PROD-007,96,3103.5905156784515
2023-07-09,PROD-007,86,7939.637955044343
2023-07-10,PROD-007,170,15578.520160274984
2023-07-11,PROD-007,152,9669.153560125727
2023-07-12,PROD-007,125,9707.703490753922
2023-07-13,PROD-007,187,15734.208767508102
2023-07-14,PROD-007,177,7310.182626470553
2023-07-15,PROD-007,79,9082.09019446884
2023-07-16,PROD-007,80,4158.9381019772145
2023-07-17,PROD-007,130,5458.621431639226
2023-07-18,PROD-007,191,21413.691803061472
2023-07-19,PROD-007,147,12902.294839260245
2023-07-20,PROD-007,202,20901.77717805362
2023-07-21,PROD-007,137,11552.867620001598
2023-07-22,PROD-007,135,7617.324965395152
2023-07-23,PROD-007,118,9703.41644186879
2023-07-24,PROD-007,126,16529.316410741503
2023-07-25,PROD-007,198,23420.91753521651
2023-07-26,PROD-007,134,11415.011318584318
2023-07-27,PROD-007,158,5637.415355018853
2023-07-28,PROD-007,208,11575.933940649815
2023-07-29,PROD-007,90,7851.17520503087
2023-07-30,PROD-007,79,11688.949381175833
2023-07-31,PROD-007,138,6797.180508243804
2023-08-01,PROD-007,152,7046.314869096442
2023-08-02,PROD-007,125,8958.400173864437
2023-08-03,PROD-007,151,9971.937114934984
2023-08-04,PROD-007,218,19721.401397223442
2023-08-05,PROD-007,93,4824.115916607758
2023-08-06,PROD-007,139,12571.712585045127
2023-08-07,PROD-007,181,26820.578481461805
2023-08-08,PROD-007,128,11654.752442646226
2023-08-09,PROD-007,213,6084.69066309221
2023-08-10,PROD-007,195,28797.503696790485
2023-08-11,PROD-007,177,14644.668945314539
2023-08-12,PROD-007,96,5011.270071037416
2023-08-13,PROD-007,87,9610.452893254735
2023-08-14,PROD-007,141,8945.046485201323
2023-08-15,PROD-007,168,12653.147635855627
2023-08-16,PROD-007,133,17511.082565015266
2023-08-17,PROD-007,193,15852.239562523167
2023-08-18,PROD-007,229,23059.68786583101
2023-08-19,PROD-007,109,11620.639582950871
2023-08-20,PROD-007,144,14071.233332944987
2023-08-21,PROD-007,127,6911.347586888153
2023-08-22,PROD-007,192,25779.370337440098
2023-08-23,PROD-007,229,9257.630099302967
2023-08-24,PROD-007,222,29073.776757614592
2023-08-25,PROD-007,199,29279.2012588699
2023-08-26,PROD-007,121,14990.721301558096
2023-08-27,PROD-007,87,2639.7216332942535
2023-08-28,PROD-007,234,25386.47169772465
2023-08-29,PROD-007,203,26080.359299189182
2023-08-30,PROD-007,197,5852.868380218371
2023-08-31,PROD-007,206,14349.397312774674
2023-09-01,PROD-007,164,4626.507023443913
2023-09-02,PROD-007,137,15086.351093631109
2023-09-03,PROD-007,117,14051.43606569895
2023-09-04,PROD-007,159,7848.986713978164
2023-09-05,PROD-007,205,18682.00739887596
2023-09-06,PROD-007,200,8455.256035708664
2023-09-07,PROD-007,178,14938.850841394375
2023-09-08,PROD-007,181,21820.466345245455
2023-09-09,PROD-007,124,7928.735560804138
2023-09-10,PROD-007,111,12149.717517015699
2023-09-11,PROD-007,152,4992.794289832078
2023-09-12,PROD-007,221,16650.485268230637
2023-09-13,PROD-007,224,25168.37353821476
2023-09-14,PROD-007,136,10805.872569428408
2023-09-15,PROD-007,150,10393.586598722248
2023-09-16,PROD-007,93,11398.826359128083
2023-09-17,PROD-007,138,17020.186475505212
2023-09-18,PROD-007,215,17328.487775145433
2023-09-19,PROD-007,182,5024.540711438288
2023-09-20,PROD-007,161,10196.402205562841
2023-09-21,PROD-007,133,11830.874667052969
2023-09-22,PROD-007,149,18560.61240939909
2023-09-23,PROD-007,144,15426.614338765674
2023-09-24,PROD-007,145,15926.228488299514
2023-09-25,PROD-007,142,6071.448116616226
2023-09-26,PROD-007,134,5446.224231324042
2023-09-27,PROD-007,145,11734.627093672914
2023-09-28,PROD-007,129,5318.315174414452
2023-09-29,PROD-007,223,31984.06649429604
2023-09-30,PROD-007,83,6710.864287321961
2023-10-01,PROD-007,110,9187.298119459196
2023-10-02,PROD-007,219,12950.935667342177
2023-10-03,PROD-007,174,10047.585898618641
2023-10-04,PROD-007,201,28199.697637984573
2023-10-05,PROD-007,124,15015.233146853447
2023-10-06,PROD-007,146,7998.601866942371
2023-10-07,PROD-007,140,20300.91958875982
2023-10-08,PROD-007,84,9942.755036324348
2023-10-09,PROD-007,166,17030.75295175795
2023-10-10,PROD-007,149,18799.688134905176
2023-10-11,PROD-007,185,18109.297640170513
2023-10-12,PROD-007,129,16322.883967947704
2023-10-13,PROD-007,129,15054.870081880568
2023-10-14,PROD-007,136,7775.634689171843
2023-10-15,PROD-007,125,10667.101280041663
2023-10-16,PROD-007,187,4892.858857711402
2023-10-17,PROD-007,169,17324.598244146462
2023-10-18,PROD-007,159,5371.88941117145
2023-10-19,PROD-007,136,16412.24421060211
2023-10-20,PROD-007,177,20722.374231206923
2023-10-21,PROD-007,103,11544.53519172102
2023-10-22,PROD-007,119,12649.274211027447
2023-10-23,PROD-007,186,20534.982683524857
2023-10-24,PROD-007,175,9460.966488247504
2023-10-25,PROD-007,191,27258.338349887214
2023-10-26,PROD-007,162,6825.450627821092
2023-10-27,PROD-007,207,30352.706278191177
2023-10-28,PROD-007,100,2576.454980922787
2023-10-29,PROD-007,124,13418.868330610017
2023-10-30,PROD-007,115,13305.394422634045
2023-10-31,PROD-007,180,18367.07927981331
2023-11-01,PROD-007,197,15911.670601012522
2023-11-02,PROD-007,187,5994.153281272985
2023-11-03,PROD-007,121,8790.941152090752
2023-11-04,PROD-007,98,7739.611675894947
2023-11-05,PROD-007,72,10372.038840008607
2023-11-06,PROD-007,116,14479.913585953052
2023-11-07,PROD-007,172,9508.63054041242
2023-11-08,PROD-007,137,6820.194364799721
2023-11-09,PROD-007,203,13261.810999849557
2023-11-10,PROD-007,151,21450.280741418646
2023-11-11,PROD-007,72,2661.649640747991
2023-11-12,PROD-007,97,6519.332821201543
2023-11-13,PROD-007,175,18860.279069844906
2023-11-14,PROD-007,180,14559.659593876113
2023-11-15,PROD-007,149,5535.743171487368
2023-11-16,PROD-007,131,18204.209937271626
2023-11-17,PROD-007,180,13881.42443601289
2023-11-18,PROD-007,94,5598.711284858621
2023-11-19,PROD-007,107,15764.498162004795
2023-11-20,PROD-007,150,21177.529287513466
2023-11-21,PROD-007,117,10163.837607108828
2023-11-22,PROD-007,178,9316.417662592725
2023-11-23,PROD-007,139,12297.459675972432
2023-11-24,PROD-007,121,7217.278394415319
2023-11-25,PROD-007,79,9421.802265420889
2023-11-26,PROD-007,119,17111.685646205347
2023-11-27,PROD-007,149,11259.021702525411
2023-11-28,PROD-007,128,15905.835791623442
2023-11-29,PROD-007,139,17917.442027271343
2023-11-30,PROD-007,109,12082.553868783985
2023-12-01,PROD-007,148,12142.35692905591
2023-12-02,PROD-007,63,7756.395405952416
2023-12-03,PROD-007,114,13421.224414192002
2023-12-04,PROD-007,146,9478.031543752837
2023-12-05,PROD-007,162,10909.753267345164
2023-12-06,PROD-007,122,11197.519995610248
2023-12-07,PROD-007,146,15174.396753485975
2023-12-08,PROD-007,145,21540.325377061206
2023-12-09,PROD-007,69,3285.0334938421543
2023-12-10,PROD-007,102,5795.325289907383
2023-12-11,PROD-007,120,9137.278759300687
2023-12-12,PROD-007,107,3307.3592353753684
2023-12-13,PROD-007,155,20540.868430999413
2023-12-14,PROD-007,156,12418.921597476281
2023-12-15,PROD-007,113,11178.899887209549
2023-12-16,PROD-007,63,8891.840095973821
2023-12-17,PROD-007,105,4061.0715916375348
2023-12-18,PROD-007,140,8590.200340909036
2023-12-19,PROD-007,151,7026.941038857586
2023-12-20,PROD-007,100,8381.235352590884
2023-12-21,PROD-007,154,11571.922984675553
2023-12-22,PROD-007,100,10623.806017553161
2023-12-23,PROD-007,80,2782.2937666552853
2023-12-24,PROD-007,62,5077.438030353636
2023-12-25,PROD-007,98,3664.128967830323
2023-12-26,PROD-007,126,12749.199783659287
2023-12-27,PROD-007,93,10414.723465926832
2023-12-28,PROD-007,100,5385.60827834593
2023-12-29,PROD-007,91,4060.811085531763
2023-12-30,PROD-007,73,8315.93873034514
2023-12-31,PROD-007,76,4505.4894339374205
2024-01-01,PROD-007,125,10318.327280930478
2024-01-02,PROD-007,122,5120.517481355502
2024-01-03,PROD-007,107,5564.994651694127
2024-01-04,PROD-007,95,13447.804079495445
2024-01-05,PROD-007,89,2354.439954639205
2024-01-06,PROD-007,79,5861.47845105685
2024-01-07,PROD-007,68,9267.547333751614
2024-01-08,PROD-007,120,8521.175331989729
2024-01-09,PROD-007,127,9694.212355363683
2024-01-10,PROD-007,126,4630.087421565415
2024-01-11,PROD-007,112,16686.78276299884
2024-01-12,PROD-007,98,8079.744989962352
2024-01-13,PROD-007,90,7484.775011861376
2024-01-14,PROD-007,89,10914.785650470476
2024-01-15,PROD-007,105,5377.752240835925
2024-01-16,PROD-007,113,10985.995825630747
2024-01-17,PROD-007,96,10695.866237070319
2024-01-18,PROD-007,134,11895.856427393388
2024-01-19,PROD-007,84,3462.885714758046
2024-01-20,PROD-007,58,4797.905473787881
2024-01-21,PROD-007,90,3260.3467269207677
2024-01-22,PROD-007,125,3890.548754089976
2024-01-23,PROD-007,85,12480.925573193463
2024-01-24,PROD-007,102,5731.788772682446
2024-01-25,PROD-007,83,5162.974584939793
2024-01-26,PROD-007,113,9203.381281107926
2024-01-27,PROD-007,65,3608.5695988182383
2024-01-28,PROD-007,86,8447.186146176333
2024-01-29,PROD-007,113,6063.143832572872
2024-01-30,PROD-007,122,12508.083912837776
2024-01-31,PROD-007,124,6114.019750812394
2024-02-01,PROD-007,100,14762.707037049298
2024-02-02,PROD-007,87,9915.1822932014
2024-02-03,PROD-007,65,5277.437373018999
2024-02-04,PROD-007,52,7306.6014222932345
2024-02-05,PROD-007,122,7591.007017790101
2024-02-06,PROD-007,120,4181.562932547343
2024-02-07,PROD-007,109,4105.884456718703
2024-02-08,PROD-007,106,8705.567434251272
2024-02-09,PROD-007,80,9314.69925812746
2024-02-10,PROD-007,74,3729.5895411768374
2024-02-11,PROD-007,55,6193.776077859716
2024-02-12,PROD-007,98,14657.107949253217
2024-02-13,PROD-007,128,6419.805812557619
2024-02-14,PROD-007,128,3501.2142590571525
2024-02-15,PROD-007,83,4576.797850868656
2024-02-16,PROD-007,93,8492.38957910593
2024-02-17,PROD-007,80,2666.3487210866037
2024-02-18,PROD-007,80,8489.028450796208
2024-02-19,PROD-007,116,12131.182492798976
2024-02-20,PROD-007,77,7127.659032616647
2024-02-21,PROD-007,97,6396.472182844289
2024-02-22,PROD-007,91,10725.880354480847
2024-02-23,PROD-007,90,2927.818440658951
2024-02-24,PROD-007,57,7043.5762900155605
2024-02-25,PROD-007,79,3672.9881202907327
2024-02-26,PROD-007,97,6100.676492900953
2024-02-27,PROD-007,119,9066.730442715512
2024-02-28,PROD-007,72,5545.781536429188
2024-02-29,PROD-007,125,15335.280954540161
2024-03-01,PROD-007,76,8553.737786754044
2024-03-02,PROD-007,47,2772.55411838082
2024-03-03,PROD-007,72,3426.2677330227657
2024-03-04,PROD-007,76,7609.3610258890285
2024-03-05,PROD-007,106,5512.724895961594
2024-03-06,PROD-007,79,4864.30063340169
2024-03-07,PROD-007,74,4106.866987142676
2024-03-08,PROD-007,76,9994.60510699546
2024-03-09,PROD-007,80,2971.8092488435805
2024-03-10,PROD-007,50,4755.579758487379
2024-03-11,PROD-007,86,2821.3529161724236
2024-03-12,PROD-007,79,10815.318818039388
2024-03-13,PROD-007,93,7809.54902704209
2024-03-14,PROD-007,111,10552.118552885247
2024-03-15,PROD-007,72,10200.510080133825
2024-03-16,PROD-007,68,3567.04726059228
2024-03-17,PROD-007,69,8922.955670952084
2024-03-18,PROD-007,102,7775.4537051812185
2024-03-19,PROD-007,101,12228.842089212672
2024-03-20,PROD-007,116,6448.03738065721
2024-03-21,PROD-007,77,9802.143660369797
2024-03-22,PROD-007,125,11876.578085421843
2024-03-23,PROD-007,73,4673.537892572705
2024-03-24,PROD-007,57,1862.141924555475
2024-03-25,PROD-007,138,9968.344948992386
2024-03-26,PROD-007,88,10789.872301484813
2024-03-27,PROD-007,139,3925.8659113197805
2024-03-28,PROD-007,104,7924.787457680253
2024-03-29,PROD-007,101,11422.584841473335
2024-03-30,PROD-007,54,4195.110472745584
2024-03-31,PROD-007,75,10986.109524628306
2024-04-01,PROD-007,97,8814.659481306075
2024-04-02,PROD-007,130,14656.270235760834
2024-04-03,PROD-007,117,9984.366152978937
2024-04-04,PROD-007,117,14940.952169407065
2024-04-05,PROD-007,100,4323.84543478294
2024-04-06,PROD-007,72,2601.9918717768846
2024-04-07,PROD-007,73,6874.307095017791
2024-04-08,PROD-007,105,6649.579596330415
2024-04-09,PROD-007,106,10133.722336319355
2024-04-10,PROD-007,119,13325.36895613812
2024-04-11,PROD-007,121,14444.064569450795
2024-04-12,PROD-007,134,9740.458074594131
2024-04-13,PROD-007,82,6401.818656169323
2024-04-14,PROD-007,57,3373.4305374121554
2024-04-15,PROD-007,128,7068.897786479856
2024-04-16,PROD-007,98,6689.525646908399
2024-04-17,PROD-007,123,7270.826137128644
2024-04-18,PROD-007,146,9430.812844112237
2024-04-19,PROD-007,95,7010.313224981051
2024-04-20,PROD-007,79,8911.313468500357
2024-04-21,PROD-007,88,6765.049138667635
2024-04-22,PROD-007,86,10114.12175674374
2024-04-23,PROD-007,111,6837.764984822404
2024-04-24,PROD-007,126,11536.809490878313
2024-04-25,PROD-007,129,17934.659843327376
2024-04-26,PROD-007,161,4920.190239191418
2024-04-27,PROD-007,102,11594.677430585214
2024-04-28,PROD-007,96,12934.469411292801
2024-04-29,PROD-007,105,14804.781727214384
2024-04-30,PROD-007,136,10936.672367739366
2024-05-01,PROD-007,97,2615.6327594066424
2024-05-02,PROD-007,158,5845.4304041215955
2024-05-03,PROD-007,166,19625.57832333748
2024-05-04,PROD-007,86,12154.639591383417
2024-05-05,PROD-007,101,2929.2803880264078
2024-05-06,PROD-007,104,12887.202691015424
2024-05-07,PROD-007,124,9430.506977161464
2024-05-08,PROD-007,118,7367.74595987696
2024-05-09,PROD-007,164,10190.517135551723
2024-05-10,PROD-007,108,7653.762702599785
2024-05-11,PROD-007,60,3137.432066753397
2024-05-12,PROD-007,88,6697.920079582286
2024-05-13,PROD-007,110,2765.782981258169
2024-05-14,PROD-007,177,7095.601819613812
2024-05-15,PROD-007,101,8911.064939120768
2024-05-16,PROD-007,123,18249.21303989157
2024-05-17,PROD-007,152,13363.32477028793
2024-05-18,PROD-007,106,3467.3186093619406
2024-05-19,PROD-007,106,13298.718023745952
2024-05-20,PROD-007,129,15733.994144791908
2024-05-21,PROD-007,150,12946.05001249324
2024-05-22,PROD-007,145,17983.379935388493
2024-05-23,PROD-007,165,7512.309981992517
2024-05-24,PROD-007,171,5001.457039854148
2024-05-25,PROD-007,89,6192.266058603374
2024-05-26,PROD-007,87,3897.1005378869804
2024-05-27,PROD-007,173,25154.730919700905
2024-05-28,PROD-007,180,4515.701571772603
2024-05-29,PROD-007,161,10184.60094370996
2024-05-30,PROD-007,134,7249.817815666147
2024-05-31,PROD-007,194,28206.2675551692
2024-06-01,PROD-007,94,11588.254266954911
2024-06-02,PROD-007,97,3904.8959076971228
2024-06-03,PROD-007,190,10443.96792527448
2024-06-04,PROD-007,113,12625.532807502072
2024-06-05,PROD-007,117,6939.1234719135255
2024-06-06,PROD-007,136,18330.299351243924
2024-06-07,PROD-007,116,15095.975855950244
2024-06-08,PROD-007,102,8309.78338556232
2024-06-09,PROD-007,111,12231.414232249585
2024-06-10,PROD-007,165,8852.399734377757
2024-06-11,PROD-007,114,14950.619691903976
2024-06-12,PROD-007,177,23974.333556088157
2024-06-13,PROD-007,170,21495.622389551074
2024-06-14,PROD-007,194,9913.053103598111
2024-06-15,PROD-007,106,6758.169244397945
2024-06-16,PROD-007,108,8298.09212871753
2024-06-17,PROD-007,160,15894.462124133624
2024-06-18,PROD-007,209,23699.635711891493
2024-06-19,PROD-007,199,25702.406862735574
2024-06-20,PROD-007,151,6931.893533110814
2024-06-21,PROD-007,157,16265.802426241631
2024-06-22,PROD-007,99,14837.293467278108
2024-06-23,PROD-007,106,2863.851060984216
2024-06-24,PROD-007,175,12639.937650774487
2024-06-25,PROD-007,219,31590.55076708873
2024-06-26,PROD-007,191,6832.796727322123
2024-06-27,PROD-007,190,13334.13867725102
2024-06-28,PROD-007,166,7253.741623438548
2024-06-29,PROD-007,109,6729.701239077172
2024-06-30,PROD-007,98,10882.279913088702
2024-07-01,PROD-007,141,13986.173461902883
2024-07-02,PROD-007,184,7434.359808460054
2024-07-03,PROD-007,170,18156.865950782692
2024-07-04,PROD-007,213,17416.005388472982
2024-07-05,PROD-007,140,20289.049239558888
2024-07-06,PROD-007,149,14432.891190111664
2024-07-07,PROD-007,96,8194.716791596515
2024-07-08,PROD-007,138,9229.471955468516
2024-07-09,PROD-007,167,5694.879730822522
2024-07-10,PROD-007,134,19514.769349397553
2024-07-11,PROD-007,199,24983.19449719924
2024-07-12,PROD-007,178,20425.45278553665
2024-07-13,PROD-007,107,12349.841739908272
2024-07-14,PROD-007,100,9640.017294550404
2024-07-15,PROD-007,165,6920.76859286557
2024-07-16,PROD-007,138,7737.628343781951
2024-07-17,PROD-007,177,20440.202309501678
2024-07-18,PROD-007,143,5563.698031789754
2024-07-19,PROD-007,150,20800.977361077876
2024-07-20,PROD-007,144,17740.534254721286
2024-07-21,PROD-007,114,10503.062812231907
2024-07-22,PROD-007,225,12667.392423429872
2024-07-23,PROD-007,162,23922.43212927409
2024-07-24,PROD-007,225,31445.15630585666
2024-07-25,PROD-007,234,5970.57148542789
2024-07-26,PROD-007,166,15004.044355490085
2024-07-27,PROD-007,124,12176.591031118778
2024-07-28,PROD-007,117,16340.191988868357
2024-07-29,PROD-007,217,21549.280545446785
2024-07-30,PROD-007,178,26009.145179091793
2024-07-31,PROD-007,225,28764.588970033474
2024-08-01,PROD-007,194,10256.169683709511
2024-08-02,PROD-007,237,6118.787710861059
2024-08-03,PROD-007,136,9138.44895626263
2024-08-04,PROD-007,89,5794.94976167517
2024-08-05,PROD-007,166,11879.122791018615
2024-08-06,PROD-007,213,29860.98290232149
2024-08-07,PROD-007,229,16168.891723398314
2024-08-08,PROD-007,212,23648.837872560573
2024-08-09,PROD-007,254,8014.250761202257
2024-08-10,PROD-007,101,15115.37432844336
2024-08-11,PROD-007,98,7463.037745042889
2024-08-12,PROD-007,241,22898.449345040168
2024-08-13,PROD-007,227,7613.662413395647
2024-08-14,PROD-007,141,6890.652747552507
2024-08-15,PROD-007,251,7993.568550470314
2024-08-16,PROD-007,250,24274.089152063985
2024-08-17,PROD-007,99,10273.246193928877
2024-08-18,PROD-007,109,4939.386852104808
2024-08-19,PROD-007,196,5599.403427032326
2024-08-20,PROD-007,220,22354.549946361978
2024-08-21,PROD-007,171,14962.656016899255
2024-08-22,PROD-007,145,11590.489603998343
2024-08-23,PROD-007,225,26206.772009667995
2024-08-24,PROD-007,121,13173.774688987447
2024-08-25,PROD-007,146,5011.591315527262
2024-08-26,PROD-007,217,21816.78496459752
2024-08-27,PROD-007,153,4314.222423982227
2024-08-28,PROD-007,255,13649.793040431385
2024-08-29,PROD-007,252,24593.465352476953
2024-08-30,PROD-007,181,11427.476283494541
2024-08-31,PROD-007,155,6763.999460222321
2024-09-01,PROD-007,147,18801.373041757077
2024-09-02,PROD-007,231,25168.681267034433
2024-09-03,PROD-007,175,22599.549285502064
2024-09-04,PROD-007,236,16994.038116396856
2024-09-05,PROD-007,191,24554.878633031014
2024-09-06,PROD-007,154,18059.510717205587
2024-09-07,PROD-007,158,23180.901651222255
2024-09-08,PROD-007,160,5071.883613581234
2024-09-09,PROD-007,262,10221.224896800773
2024-09-10,PROD-007,255,11895.990685706322
2024-09-11,PROD-007,248,36331.01573876945
2024-09-12,PROD-007,163,20903.97096008376
2024-09-13,PROD-007,218,12362.615262593097
2024-09-14,PROD-007,131,18000.137277028556
2024-09-15,PROD-007,110,9490.78867029437
2024-09-16,PROD-007,245,26306.17403145183
2024-09-17,PROD-007,194,23947.427801900394
2024-09-18,PROD-007,150,5607.786182379513
2024-09-19,PROD-007,233,25654.971397296642
2024-09-20,PROD-007,193,18628.175650366065
2024-09-21,PROD-007,139,6516.122842556058
2024-09-22,PROD-007,140,17736.01346292218
2024-09-23,PROD-007,216,17731.117450640453
2024-09-24,PROD-007,252,8292.75158143611
2024-09-25,PROD-007,232,10020.79767743895
2024-09-26,PROD-007,216,21620.69864474356
2024-09-27,PROD-007,252,32095.730081835263
2024-09-28,PROD-007,111,15216.171130867755
2024-09-29,PROD-007,157,12714.91431148453
2024-09-30,PROD-007,252,18805.808699462417
2024-10-01,PROD-007,192,26036.76116639652
2024-10-02,PROD-007,244,7671.454570782056
2024-10-03,PROD-007,213,12177.81968144062
2024-10-04,PROD-007,206,8855.95710095978
2024-10-05,PROD-007,132,10454.48904678363
2024-10-06,PROD-007,143,7016.9297924318125
2024-10-07,PROD-007,244,32902.67974317385
2024-10-08,PROD-007,167,4550.719355553808
2024-10-09,PROD-007,184,6884.798864314014
2024-10-10,PROD-007,222,25075.24320535676
2024-10-11,PROD-007,249,21638.379070147017
2024-10-12,PROD-007,149,13188.285560905362
2024-10-13,PROD-007,129,3401.719464674626
2024-10-14,PROD-007,144,12183.112648245242
2024-10-15,PROD-007,224,12771.807619942934
2024-10-16,PROD-007,159,10559.759908143795
2024-10-17,PROD-007,199,26599.297363428275
2024-10-18,PROD-007,133,14505.53916638773
2024-10-19,PROD-007,148,6258.75503657961
2024-10-20,PROD-007,113,9267.411225765902
2024-10-21,PROD-007,232,18581.439316371496
2024-10-22,PROD-007,224,27390.96278694347
2024-10-23,PROD-007,151,22445.99237814469
2024-10-24,PROD-007,203,25698.80517970471
2024-10-25,PROD-007,171,4484.257077956006
2024-10-26,PROD-007,114,14005.568242359785
2024-10-27,PROD-007,103,10374.876918338123
2024-10-28,PROD-007,175,14789.902499910038
2024-10-29,PROD-007,206,22823.307942715557
2024-10-30,PROD-007,139,5191.700957821092
2024-10-31,PROD-007,132,18113.243770516554
2024-11-01,PROD-007,223,16673.022841218248
2024-11-02,PROD-007,120,8470.823767232174
2024-11-03,PROD-007,86,3370.0635852933033
2024-11-04,PROD-007,170,5172.516479443838
2024-11-05,PROD-007,162,19869.08316116646
2024-11-06,PROD-007,183,8549.039502582173
2024-11-07,PROD-007,204,13387.242177014168
2024-11-08,PROD-007,180,13338.616642891853
2024-11-09,PROD-007,99,6463.565903647588
2024-11-10,PROD-007,136,16695.029088317486
2024-11-11,PROD-007,209,30718.50761668729
2024-11-12,PROD-007,202,26011.917313064398
2024-11-13,PROD-007,156,4504.298202541778
2024-11-14,PROD-007,128,15923.954519333485
2024-11-15,PROD-007,145,13448.240786796701
2024-11-16,PROD-007,121,14189.51613851317
2024-11-17,PROD-007,113,10422.058545739905
2024-11-18,PROD-007,141,11967.540374359378
2024-11-19,PROD-007,149,12090.779869772263
2024-11-20,PROD-007,185,16800.280011623367
2024-11-21,PROD-007,133,8694.620386743018
2024-11-22,PROD-007,202,12455.983050025501
2024-11-23,PROD-007,95,11676.705210896691
2024-11-24,PROD-007,99,4532.102077869269
2024-11-25,PROD-007,129,4818.886447516978
2024-11-26,PROD-007,184,18705.106888900773
2024-11-27,PROD-007,185,7519.432946811167
2024-11-28,PROD-007,173,8426.204467139143
2024-11-29,PROD-007,162,8597.617365871392
2024-11-30,PROD-007,112,8933.485516115517
2024-12-01,PROD-007,120,12269.925859501196
2024-12-02,PROD-007,191,14641.416538224637
2024-12-03,PROD-007,121,12477.541000252915
2024-12-04,PROD-007,175,21179.840926757133
2024-12-05,PROD-007,120,17015.46982063409
2024-12-06,PROD-007,117,12538.542213026729
2024-12-07,PROD-007,108,15681.656513800535
2024-12-08,PROD-007,108,4160.599483507509
2024-12-09,PROD-007,167,6342.661498328959
2024-12-10,PROD-007,129,4923.759178378418
2024-12-11,PROD-007,138,12504.053884337854
2024-12-12,PROD-007,111,15173.449326810221
2024-12-13,PROD-007,154,10057.920358075116
2024-12-14,PROD-007,86,9308.005813400987
2024-12-15,PROD-007,109,14660.600687334341
2024-12-16,PROD-007,118,16785.787642332172
2024-12-17,PROD-007,123,3987.5014792599254
2024-12-18,PROD-007,140,6013.5402317783455
2024-12-19,PROD-007,150,9138.031437864282
2024-12-20,PROD-007,167,14288.053493513828
2024-12-21,PROD-007,71,2472.4302020818027
2024-12-22,PROD-007,112,3438.8009277434144
2024-12-23,PROD-007,122,5689.539552605824
2024-12-24,PROD-007,153,14003.690677486526
2024-12-25,PROD-007,159,7075.891713475376
2024-12-26,PROD-007,161,22856.85646441657
2024-12-27,PROD-007,133,14435.229234013696
2024-12-28,PROD-007,62,3432.1873901995405
2024-12-29,PROD-007,64,4813.613988996068
2024-12-30,PROD-007,171,18147.18894422877
2024-12-31,PROD-007,138,3496.8480094819065
2025-01-01,PROD-007,140,4867.937870930086
2025-01-02,PROD-007,125,12723.795040428802
2025-01-03,PROD-007,162,23802.9397301473
2025-01-04,PROD-007,94,6036.304463846954
2025-01-05,PROD-007,65,2629.685546717852
2025-01-06,PROD-007,123,15169.989952280996
2025-01-07,PROD-007,166,5719.16830348717
2025-01-08,PROD-007,127,13935.046942967849
2025-01-09,PROD-007,110,11679.25004566803
2025-01-10,PROD-007,162,15987.225613254177
2025-01-11,PROD-007,74,2175.1357670099414
2025-01-12,PROD-007,102,5760.0384223291585
2025-01-13,PROD-007,158,6694.633466982235
2025-01-14,PROD-007,103,10978.504448442665
2025-01-15,PROD-007,109,5142.492541724247
2025-01-16,PROD-007,103,9535.498096417432
2025-01-17,PROD-007,86,4293.863344604664
2025-01-18,PROD-007,100,8028.345327153789
2025-01-19,PROD-007,90,4228.459061707962
2025-01-20,PROD-007,148,17742.096470959536
2025-01-21,PROD-007,148,8598.915805504443
2025-01-22,PROD-007,146,21505.229011824922
2025-01-23,PROD-007,100,14942.035235400448
2025-01-24,PROD-007,126,6798.141403053257
2025-01-25,PROD-007,80,2290.807225739279
2025-01-26,PROD-007,75,10396.067582713042
2025-01-27,PROD-007,152,11007.129647141532
2025-01-28,PROD-007,137,18374.536145643364
2025-01-29,PROD-007,100,11642.585321657229
2025-01-30,PROD-007,120,4966.9335786439315
2025-01-31,PROD-007,86,12271.560460363846
2025-02-01,PROD-007,81,8845.060699999021
2025-02-02,PROD-007,58,6504.409234819198
2025-02-03,PROD-007,92,7438.14160360258
2025-02-04,PROD-007,96,8995.945294838768
2025-02-05,PROD-007,118,3953.5840481458704
2025-02-06,PROD-007,149,21251.505190841206
2025-02-07,PROD-007,139,15944.398227730184
2025-02-08,PROD-007,64,4036.2913711509213
2025-02-09,PROD-007,69,9002.395204914064
2025-02-10,PROD-007,125,17858.063261762687
2025-02-11,PROD-007,115,15222.327897719939
2025-02-12,PROD-007,135,15485.97814577167
2025-02-13,PROD-007,99,5078.976639399581
2025-02-14,PROD-007,134,19433.419858128636
2025-02-15,PROD-007,66,3566.815566128436
2025-02-16,PROD-007,80,3601.5643531290025
2025-02-17,PROD-007,125,15198.463225100157
2025-02-18,PROD-007,118,16787.6003123735
2025-02-19,PROD-007,85,7185.221104748604
2025-02-20,PROD-007,89,9452.712457862413
2025-02-21,PROD-007,100,2968.216344455824
2025-02-22,PROD-007,83,11837.387303889182
2025-02-23,PROD-007,83,6067.8577463319125
2025-02-24,PROD-007,96,6919.9529189034465
2025-02-25,PROD-007,80,3126.193518035133
2025-02-26,PROD-007,113,3198.8637890307796
2025-02-27,PROD-007,136,9359.767166248446
2025-02-28,PROD-007,119,13871.40583517939
2025-03-01,PROD-007,71,6924.4849476017425
2025-03-02,PROD-007,50,6619.558272240721
2025-03-03,PROD-007,105,5460.875154480639
2025-03-04,PROD-007,82,7003.6425207416005
2025-03-05,PROD-007,115,5011.857548632877
2025-03-06,PROD-007,88,3827.10319515422
2025-03-07,PROD-007,133,15076.349864924749
2025-03-08,PROD-007,90,2862.394410326541
2025-03-09,PROD-007,50,5578.29095948204
2025-03-10,PROD-007,100,10574.749824650999
2025-03-11,PROD-007,121,10829.323204025437
2025-03-12,PROD-007,146,5497.832892016617
2025-03-13,PROD-007,130,12577.349367238552
2025-03-14,PROD-007,117,4629.936669075066
2025-03-15,PROD-007,71,7436.642805728958
2025-03-16,PROD-007,82,8519.8793313167
2025-03-17,PROD-007,147,13260.700610600317
2025-03-18,PROD-007,147,14075.803937326356
2025-03-19,PROD-007,118,3913.289539935763
2025-03-20,PROD-007,125,9592.352607661549
2025-03-21,PROD-007,122,7208.2871021992905
2025-03-22,PROD-007,93,3586.8739271095346
2025-03-23,PROD-007,79,6711.7186987753485
2025-03-24,PROD-007,143,16719.46628202231
2025-03-25,PROD-007,83,12366.39285335968
2025-03-26,PROD-007,129,5111.607819087928
2025-03-27,PROD-007,120,14348.821572890543
2025-03-28,PROD-007,122,4490.018856441921
2025-03-29,PROD-007,98,9804.08585456223
2025-03-30,PROD-007,60,8111.5028217195495
2025-03-31,PROD-007,117,16156.183248720112
2025-04-01,PROD-007,130,15980.289428305568
2025-04-02,PROD-007,107,15454.265703366138
2025-04-03,PROD-007,145,6953.08195022836
2025-04-04,PROD-007,113,13995.636267732849
2025-04-05,PROD-007,74,3259.64706316363
2025-04-06,PROD-007,98,4820.105507538228
2025-04-07,PROD-007,113,13028.491639642862
2025-04-08,PROD-007,139,4394.857192988546
2025-04-09,PROD-007,124,3880.165176783434
2025-04-10,PROD-007,98,4191.935266735017
2025-04-11,PROD-007,142,8804.408337733143
2025-04-12,PROD-007,64,7595.6115905023535
2025-04-13,PROD-007,59,7778.380413836632
2025-04-14,PROD-007,91,11905.242947684446
2025-04-15,PROD-007,97,10842.717039489622
2025-04-16,PROD-007,156,21636.029277206184
2025-04-17,PROD-007,132,7206.977419724553
2025-04-18,PROD-007,164,17744.923212540474
2025-04-19,PROD-007,77,4113.775011843993
2025-04-20,PROD-007,88,7399.615457186073
2025-04-21,PROD-007,120,7636.019605677046
2025-04-22,PROD-007,97,3455.980277125392
2025-04-23,PROD-007,95,13775.891158984328
2025-04-24,PROD-007,95,11849.758345268483
2025-04-25,PROD-007,175,19292.016161768675
2025-04-26,PROD-007,83,12407.147986809798
2025-04-27,PROD-007,62,7202.00485654525
2025-04-28,PROD-007,104,5324.253101091392
2025-04-29,PROD-007,133,18314.429455435362
2025-04-30,PROD-007,131,16016.849824590341
2025-05-01,PROD-007,119,10581.47207744965
2025-05-02,PROD-007,141,19892.558824113625
2025-05-03,PROD-007,82,10528.050885341565
2025-05-04,PROD-007,97,13405.585518160142
2025-05-05,PROD-007,113,7726.750664601491
2025-05-06,PROD-007,188,8831.365256555993
2025-05-07,PROD-007,150,10856.665549853178
2025-05-08,PROD-007,169,24479.442027310462
2025-05-09,PROD-007,166,19644.777690917766
2025-05-10,PROD-007,105,7504.182720766666
2025-05-11,PROD-007,91,8857.58637266014
2025-05-12,PROD-007,152,12531.123291231585
2025-05-13,PROD-007,122,16577.783747002384
2025-05-14,PROD-007,160,15562.549354829926
2025-05-15,PROD-007,177,4748.70680123047
2025-05-16,PROD-007,199,28097.841449304622
2025-05-17,PROD-007,124,9039.209921967677
2025-05-18,PROD-007,91,6243.040439746892
2025-05-19,PROD-007,197,6691.261117517989
2025-05-20,PROD-007,120,7723.838782505189
2025-05-21,PROD-007,196,6917.635241355153
2025-05-22,PROD-007,121,8703.531994970932
2025-05-23,PROD-007,193,15267.351188459326
2025-05-24,PROD-007,108,6092.142517514791
2025-05-25,PROD-007,76,9148.151384999144
2025-05-26,PROD-007,150,4471.121901334978
2025-05-27,PROD-007,205,19449.529353141046
2025-05-28,PROD-007,157,8056.049750511668
2025-05-29,PROD-007,148,4705.325384154362
2025-05-30,PROD-007,181,23446.878494049815
2025-05-31,PROD-007,77,3083.2074941530504
2025-06-01,PROD-007,127,6070.847116403358
2025-06-02,PROD-007,147,19791.173351323243
2025-06-03,PROD-007,186,25990.709093218677
2025-06-04,PROD-007,165,12424.248999672176
2025-06-05,PROD-007,217,13984.483963739573
2025-06-06,PROD-007,214,6923.57207470681
2025-06-07,PROD-007,134,14666.436892903368
2025-06-08,PROD-007,87,10817.391514662799
2025-06-09,PROD-007,209,20439.279765033796
2025-06-10,PROD-007,211,21486.791980350885
2025-06-11,PROD-007,225,9153.67844261014
2025-06-12,PROD-007,148,19738.00146609495
2025-06-13,PROD-007,203,9751.474756007396
2025-06-14,PROD-007,85,8773.096477947152
2025-06-15,PROD-007,114,3084.956898555368
2025-06-16,PROD-007,186,27235.20611497691
2025-06-17,PROD-007,177,20127.6559682679
2025-06-18,PROD-007,135,10286.212053465919
2025-06-19,PROD-007,148,6608.83427718972
2025-06-20,PROD-007,170,4977.016822954932
2025-06-21,PROD-007,109,6500.504567496026
2025-06-22,PROD-007,90,3958.8314944556782
2025-06-23,PROD-007,159,16865.77026887718
2025-06-24,PROD-007,214,22157.018412123984
2025-06-25,PROD-007,242,20356.22780604214
2025-06-26,PROD-007,181,16064.272700778412
2025-06-27,PROD-007,227,23131.19695400994
2025-06-28,PROD-007,158,14057.896470333993
2025-06-29,PROD-007,128,8006.305933840841
2025-06-30,PROD-007,139,16143.040047564647
2025-07-01,PROD-007,176,15437.920527234353
2025-07-02,PROD-007,156,6768.880046020518
2025-07-03,PROD-007,189,8492.601132199025
2025-07-04,PROD-007,156,7538.926735845929
2025-07-05,PROD-007,137,9894.997241619194
2025-07-06,PROD-007,93,2526.446546594931
2025-07-07,PROD-007,171,7780.7095866082445
2025-07-08,PROD-007,219,29415.77337861831
2025-07-09,PROD-007,213,6359.32354523097
2025-07-10,PROD-007,198,7049.64150315535
2025-07-11,PROD-007,204,17567.560209681855
2025-07-12,PROD-007,147,10446.351362816276
2025-07-13,PROD-007,136,7664.941301791821
2025-07-14,PROD-007,244,16451.777709425245
2025-07-15,PROD-007,203,15063.539841308719
2025-07-16,PROD-007,203,26134.062916277926
2025-07-17,PROD-007,172,24478.287831132715
2025-07-18,PROD-007,222,16022.866393618939
2025-07-19,PROD-007,128,15818.83985103191
2025-07-20,PROD-007,165,15321.29804325322
2025-07-21,PROD-007,253,37603.05819792796
2025-07-22,PROD-007,201,8652.737213261991
2025-07-23,PROD-007,251,23660.3581927088
2025-07-24,PROD-007,164,16132.886495411156
2025-07-25,PROD-007,169,23458.646896871087
2025-07-26,PROD-007,100,13123.27361832028
2025-07-27,PROD-007,172,6564.150228707956
2025-07-28,PROD-007,151,6177.104393697274
2025-07-29,PROD-007,232,28850.32074622285
2025-07-30,PROD-007,203,10616.58778485415
2025-07-31,PROD-007,185,14017.863432635084
2025-08-01,PROD-007,221,15831.611169677151
2025-08-02,PROD-007,150,7475.605748456519
2025-08-03,PROD-007,136,11623.056972892751
2025-08-04,PROD-007,266,7866.0457943087595
2025-08-05,PROD-007,206,21225.2808569827
2025-08-06,PROD-007,216,30728.541578905886
2025-08-07,PROD-007,174,15861.3908444861
2025-08-08,PROD-007,199,26911.212890165738
2025-08-09,PROD-007,178,7663.428755463569
2025-08-10,PROD-007,122,11077.433624285539
2025-08-11,PROD-007,251,25855.867686350935
2025-08-12,PROD-007,228,8354.833343977389
2025-08-13,PROD-007,197,17686.87177176363
2025-08-14,PROD-007,273,40808.269387692744
2025-08-15,PROD-007,272,29939.39680268156
2025-08-16,PROD-007,137,6402.783816903101
2025-08-17,PROD-007,126,7794.240629523905
2025-08-18,PROD-007,171,8622.642312745904
2025-08-19,PROD-007,273,37081.16441249293
2025-08-20,PROD-007,199,9030.383830001165
2025-08-21,PROD-007,259,14313.96892037346
2025-08-22,PROD-007,225,7806.974322966374
2025-08-23,PROD-007,160,13028.93360227978
2025-08-24,PROD-007,102,4583.491105620497
2025-08-25,PROD-007,286,21892.759812957815
2025-08-26,PROD-007,207,29706.20960564629
2025-08-27,PROD-007,205,26860.536058369104
2025-08-28,PROD-007,240,12403.131128505973
2025-08-29,PROD-007,205,11835.050879988448
2025-08-30,PROD-007,184,20062.659968080545
2025-08-31,PROD-007,111,12330.759676418282
2025-09-01,PROD-007,222,7146.871492487809
2025-09-02,PROD-007,238,29443.879823154508
2025-09-03,PROD-007,266,26037.634237001235
2025-09-04,PROD-007,200,12155.466547826962
2025-09-05,PROD-007,255,32913.89040529248
2025-09-06,PROD-007,160,12356.196169947034
2025-09-07,PROD-007,152,7438.926683886205
2025-09-08,PROD-007,258,10887.828639243337
2025-09-09,PROD-007,170,6997.749169414563
2025-09-10,PROD-007,216,11816.656828788226
2025-09-11,PROD-007,161,15092.138451113458
2025-09-12,PROD-007,189,14527.229758805062
2025-09-13,PROD-007,121,15936.3948199093
2025-09-14,PROD-007,116,12577.271549789677
2025-09-15,PROD-007,232,31779.932605625643
2025-09-16,PROD-007,223,14916.098962529733
2025-09-17,PROD-007,184,7421.501980093305
2025-09-18,PROD-007,233,20762.289484269222
2025-09-19,PROD-007,174,11121.454802742795
2025-09-20,PROD-007,175,14657.682409771367
2025-09-21,PROD-007,143,10544.702731111847
2025-09-22,PROD-007,205,14849.406722648366
2025-09-23,PROD-007,236,11658.848913340458
2025-09-24,PROD-007,261,12765.50423588615
2025-09-25,PROD-007,225,16610.302299999163
2025-09-26,PROD-007,250,29121.72623390968
2025-09-27,PROD-007,131,9358.848757434056
2025-09-28,PROD-007,101,4417.451852067705
2025-09-29,PROD-007,200,18966.952148359625
2025-09-30,PROD-007,262,34098.865158014785
2025-10-01,PROD-007,254,11337.532726728588
2025-10-02,PROD-007,230,18236.34793496397
2025-10-03,PROD-007,225,6818.611237953498
2025-10-04,PROD-007,127,18920.484915466783
2025-10-05,PROD-007,176,22124.92505489484
2025-10-06,PROD-007,227,9179.293084741657
2025-10-07,PROD-007,212,22803.642021833763
2025-10-08,PROD-007,183,7095.669136998636
2025-10-09,PROD-007,187,15973.896591458291
2025-10-10,PROD-007,227,23413.754354659606
2025-10-11,PROD-007,152,14993.625456133104
2025-10-12,PROD-007,127,6264.684565662417
2025-10-13,PROD-007,235,13879.100130966142
2025-10-14,PROD-007,207,15293.66299295551
2025-10-15,PROD-007,254,13942.663694483406
2025-10-16,PROD-007,183,5231.427488490931
2025-10-17,PROD-007,231,19581.240934415317
2025-10-18,PROD-007,97,3167.6518059174887
2025-10-19,PROD-007,117,3230.9825974428504
2025-10-20,PROD-007,150,4958.320607128978
2025-10-21,PROD-007,168,7202.045349892176
2025-10-22,PROD-007,146,7088.524355654737
2025-10-23,PROD-007,205,5434.401821387129
2025-10-24,PROD-007,235,24908.085511707606
2025-10-25,PROD-007,136,20048.194221486763
2025-10-26,PROD-007,148,18389.626641187988
2025-10-27,PROD-007,142,21085.454149569883
2025-10-28,PROD-007,152,20645.562231363434
2025-10-29,PROD-007,207,19546.838125259324
2025-10-30,PROD-007,172,22758.233110101646
2025-10-31,PROD-007,206,24239.672981054595
2025-11-01,PROD-007,111,16628.84213258954
2025-11-02,PROD-007,115,12580.640054807218
2025-11-03,PROD-007,163,4996.809283079193
2025-11-04,PROD-007,199,7478.232494344014
2025-11-05,PROD-007,234,7486.7260491257075
2025-11-06,PROD-007,137,10792.647775176622
2025-11-07,PROD-007,157,11721.672701017262
2025-11-08,PROD-007,126,12555.286588653897
2025-11-09,PROD-007,152,18423.48083876845
2025-11-10,PROD-007,197,7811.115382043013
2025-11-11,PROD-007,185,18654.950075374956
2025-11-12,PROD-007,183,9948.54708747107
2025-11-13,PROD-007,182,25095.98447863579
2025-11-14,PROD-007,184,18966.111976781074
2025-11-15,PROD-007,131,18982.7711214119
2025-11-16,PROD-007,89,8036.6783730875395
2025-11-17,PROD-007,233,25125.81903904016
2025-11-18,PROD-007,140,8165.077286931683
2025-11-19,PROD-007,218,28577.90561527144
2025-11-20,PROD-007,200,22066.375540848305
2025-11-21,PROD-007,227,19055.913348948685
2025-11-22,PROD-007,103,7106.360965189638
2025-11-23,PROD-007,133,12854.592851077921
2025-11-24,PROD-007,193,23730.17366944818
2025-11-25,PROD-007,146,13004.209139550441
2025-11-26,PROD-007,166,12575.562238430646
2025-11-27,PROD-007,215,11029.494183003408
2025-11-28,PROD-007,197,23432.018061613646
2025-11-29,PROD-007,94,10889.794257949017
2025-11-30,PROD-007,116,14888.534488324462
2025-12-01,PROD-007,167,8634.679300586306
2025-12-02,PROD-007,201,25456.645845562685
2025-12-03,PROD-007,183,14509.18612257203
2025-12-04,PROD-007,126,7845.895039368802
2025-12-05,PROD-007,137,9380.993750692638
2025-12-06,PROD-007,137,3956.274060752659
2025-12-07,PROD-007,87,8233.896849953568
2025-12-08,PROD-007,140,19817.62504630752
2025-12-09,PROD-007,139,15617.606600907866
2025-12-10,PROD-007,137,14919.053638626028
2025-12-11,PROD-007,172,13713.227708986173
2025-12-12,PROD-007,116,7844.739690126015
2025-12-13,PROD-007,114,5972.796516188379
2025-12-14,PROD-007,74,10160.386755937156
2025-12-15,PROD-007,180,22035.76189409337
2025-12-16,PROD-007,128,17927.9657293336
2025-12-17,PROD-007,181,4532.2007049831045
2025-12-18,PROD-007,146,9658.857582010874
2025-12-19,PROD-007,182,13009.421723667263
2025-12-20,PROD-007,128,7037.220691670014
2025-12-21,PROD-007,90,12656.011211101708
2025-12-22,PROD-007,191,15538.013831146704
2025-12-23,PROD-007,196,11237.44917791245
2025-12-24,PROD-007,147,18710.828868081193
2025-12-25,PROD-007,168,19053.487408916066
2025-12-26,PROD-007,126,5570.426783561407
2025-12-27,PROD-007,79,10437.694563727668
2025-12-28,PROD-007,109,13328.873174057948
2025-12-29,PROD-007,162,4538.878537217097
2025-12-30,PROD-007,123,11740.335609261738
2025-12-31,PROD-007,123,13904.062618439571
2026-01-01,PROD-007,158,10419.423936779991
2026-01-02,PROD-007,104,5757.237386711686
2026-01-03,PROD-007,105,8481.207080389291
2026-01-04,PROD-007,82,10354.390699196294
2026-01-05,PROD-007,117,11276.008133282472
2026-01-06,PROD-007,136,15674.101456100896
2026-01-07,PROD-007,102,3869.3906714076998
2026-01-08,PROD-007,174,21366.28364915907
2026-01-09,PROD-007,133,16432.393103865455
2026-01-10,PROD-007,69,3454.2146238464793
2026-01-11,PROD-007,69,4175.5359584437765
2026-01-12,PROD-007,144,12565.041808372089
2026-01-13,PROD-007,168,19982.071199788454
2026-01-14,PROD-007,126,5342.977696964178
2026-01-15,PROD-007,163,8130.936333056605
2026-01-16,PROD-007,150,4515.021478578573
2026-01-17,PROD-007,103,9901.627810366002
2026-01-18,PROD-007,108,14359.09324271418
2026-01-19,PROD-007,106,5699.021036331442
2026-01-20,PROD-007,128,12070.431992442444
2026-01-21,PROD-007,163,8754.983492187863
2026-01-22,PROD-007,156,14997.09953997333
2026-01-23,PROD-007,140,6738.161710793506
2026-01-24,PROD-007,60,1753.0418671994985
2026-01-25,PROD-007,72,4750.0895989149885
2026-01-26,PROD-007,134,14088.862663351081
2026-01-27,PROD-007,96,10217.589137862113
2026-01-28,PROD-007,130,3466.261318791108
2026-01-29,PROD-007,167,14397.870226513798
2026-01-30,PROD-007,146,17000.365287595618
2026-01-31,PROD-007,95,7710.638659001595
2026-02-01,PROD-007,100,8817.050436907912
2026-02-02,PROD-007,135,12108.374012376604
2026-02-03,PROD-007,133,18275.202546477973
2026-02-04,PROD-007,148,16629.260976977162
2026-02-05,PROD-007,108,4221.153883097899
2026-02-06,PROD-007,107,7556.605846376551
2026-02-07,PROD-007,93,6599.187089826004
2026-02-08,PROD-007,76,3608.065185350958
2026-02-09,PROD-007,101,6603.059034756556
2026-02-10,PROD-007,119,13157.288165735921
2026-02-11,PROD-007,135,18536.882842350118
2026-02-12,PROD-007,128,10001.639278675048
2026-02-13,PROD-007,107,11507.71463498302
2021-02-14,PROD-008,45,4009.6329368803
2021-02-15,PROD-008,67,6382.818310572898
2021-02-16,PROD-008,75,9407.364394225253
2021-02-17,PROD-008,64,1947.1745884818044
2021-02-18,PROD-008,61,2356.8562302775317
2021-02-19,PROD-008,55,1567.5998070655723
2021-02-20,PROD-008,44,1455.8743737422715
2021-02-21,PROD-008,48,4222.711686897818
2021-02-22,PROD-008,77,5978.2205075221045
2021-02-23,PROD-008,65,3346.161193492693
2021-02-24,PROD-008,68,2342.893290635615
2021-02-25,PROD-008,82,10922.021399128847
2021-02-26,PROD-008,69,8084.93785528686
2021-02-27,PROD-008,39,2037.914138288938
2021-02-28,PROD-008,38,1791.3266210713068
2021-03-01,PROD-008,75,6900.105961335378
2021-03-02,PROD-008,57,4526.821211802958
2021-03-03,PROD-008,67,2557.7122492226245
2021-03-04,PROD-008,88,6192.359651450044
2021-03-05,PROD-008,79,6196.863633171365
2021-03-06,PROD-008,34,4861.982044031011
2021-03-07,PROD-008,35,1484.9208450984518
2021-03-08,PROD-008,89,5162.801144095259
2021-03-09,PROD-008,84,12368.925219943545
2021-03-10,PROD-008,56,5463.483965186641
2021-03-11,PROD-008,68,7249.79328301971
2021-03-12,PROD-008,91,11171.766435815816
2021-03-13,PROD-008,54,6925.334962423224
2021-03-14,PROD-008,33,2364.082071432552
2021-03-15,PROD-008,92,7355.649169941272
2021-03-16,PROD-008,96,10819.244372848923
2021-03-17,PROD-008,69,5795.998653539817
2021-03-18,PROD-008,88,3087.4212307050957
2021-03-19,PROD-008,73,2285.514001832251
2021-03-20,PROD-008,52,2415.835011049107
2021-03-21,PROD-008,38,3312.654266872755
2021-03-22,PROD-008,87,3504.50016988656
2021-03-23,PROD-008,78,11145.249598480246
2021-03-24,PROD-008,77,7894.170609219224
2021-03-25,PROD-008,67,2979.2437351031454
2021-03-26,PROD-008,96,7881.019054860357
2021-03-27,PROD-008,41,1729.1010801820578
2021-03-28,PROD-008,50,3640.085731403959
2021-03-29,PROD-008,96,13593.350768349177
2021-03-30,PROD-008,86,7734.8347477774
2021-03-31,PROD-008,92,9033.548293089762
2021-04-01,PROD-008,63,5947.3275957399555
2021-04-02,PROD-008,64,9090.50272872937
2021-04-03,PROD-008,50,5749.064627090151
2021-04-04,PROD-008,60,1916.5271673462341
2021-04-05,PROD-008,89,6308.737420809054
2021-04-06,PROD-008,78,10890.160936790802
2021-04-07,PROD-008,105,5783.037682057865
2021-04-08,PROD-008,74,8572.336323514093
2021-04-09,PROD-008,80,7182.675441419433
2021-04-10,PROD-008,68,4746.062427085414
2021-04-11,PROD-008,50,3616.6797551504815
2021-04-12,PROD-008,101,11442.70898183643
2021-04-13,PROD-008,61,4451.525518920943
2021-04-14,PROD-008,68,2462.9176908919567
2021-04-15,PROD-008,79,10941.955722670476
2021-04-16,PROD-008,98,11780.922932089636
2021-04-17,PROD-008,41,4236.040102277837
2021-04-18,PROD-008,41,4421.361474342521
2021-04-19,PROD-008,81,9560.42764116814
2021-04-20,PROD-008,104,4418.492439563695
2021-04-21,PROD-008,115,6202.5865378780545
2021-04-22,PROD-008,78,8597.012092380184
2021-04-23,PROD-008,73,1967.8188587873594
2021-04-24,PROD-008,53,2528.964969305288
2021-04-25,PROD-008,61,3963.24270813617
2021-04-26,PROD-008,113,10048.190066448587
2021-04-27,PROD-008,101,9346.841728781454
2021-04-28,PROD-008,101,4231.396828573616
2021-04-29,PROD-008,67,3346.237490336894
2021-04-30,PROD-008,122,11180.618874545424
2021-05-01,PROD-008,49,5136.254745503765
2021-05-02,PROD-008,50,2152.2308741370284
2021-05-03,PROD-008,84,11049.734574539802
2021-05-04,PROD-008,90,7844.578547911826
2021-05-05,PROD-008,107,12332.676912582805
2021-05-06,PROD-008,111,4379.308332158556
2021-05-07,PROD-008,113,5577.130907798204
2021-05-08,PROD-008,80,2132.8471691871646
2021-05-09,PROD-008,46,2796.225589151395
2021-05-10,PROD-008,121,15506.452578602126
2021-05-11,PROD-008,96,9585.240414900065
2021-05-12,PROD-008,117,14819.725977993001
2021-05-13,PROD-008,90,5226.546527328368
2021-05-14,PROD-008,129,12416.196403386015
2021-05-15,PROD-008,67,7397.725771946953
2021-05-16,PROD-008,87,3084.8465287567287
2021-05-17,PROD-008,116,12464.08190134961
2021-05-18,PROD-008,116,16898.365988724177
2021-05-19,PROD-008,133,12764.728043348117
2021-05-20,PROD-008,112,8266.929472964799
2021-05-21,PROD-008,87,5729.670542509431
2021-05-22,PROD-008,82,6691.920395313526
2021-05-23,PROD-008,68,9388.23842101423
2021-05-24,PROD-008,93,2331.9548951645675
2021-05-25,PROD-008,118,7582.7682258409
2021-05-26,PROD-008,129,3606.7831855069194
2021-05-27,PROD-008,110,9286.346416388928
2021-05-28,PROD-008,125,9155.823010491467
2021-05-29,PROD-008,58,1885.8322500020606
2021-05-30,PROD-008,78,7241.5130549196565
2021-05-31,PROD-008,116,4884.529018488052
2021-06-01,PROD-008,90,9450.058401075989
2021-06-02,PROD-008,134,8286.27991941226
2021-06-03,PROD-008,117,6084.342809900382
2021-06-04,PROD-008,139,3509.0456589597607
2021-06-05,PROD-008,80,10510.835654638558
2021-06-06,PROD-008,62,4958.682978226194
2021-06-07,PROD-008,87,2471.5791429300175
2021-06-08,PROD-008,113,15292.179765217881
2021-06-09,PROD-008,90,7088.59821725459
2021-06-10,PROD-008,114,10557.976963200887
2021-06-11,PROD-008,144,3848.823237022352
2021-06-12,PROD-008,85,11657.131405955179
2021-06-13,PROD-008,79,3410.3930910173235
2021-06-14,PROD-008,126,10535.157511171226
2021-06-15,PROD-008,163,8128.979849046765
2021-06-16,PROD-008,97,7227.712075222567
2021-06-17,PROD-008,113,5691.468846448019
2021-06-18,PROD-008,118,12658.46681661523
2021-06-19,PROD-008,107,12257.78755897705
2021-06-20,PROD-008,60,3184.3327040934387
2021-06-21,PROD-008,118,13387.344366740039
2021-06-22,PROD-008,132,10872.53305001306
2021-06-23,PROD-008,160,12875.445103809807
2021-06-24,PROD-008,133,17308.004891375316
2021-06-25,PROD-008,95,6354.42408875341
2021-06-26,PROD-008,70,5092.790939447971
2021-06-27,PROD-008,105,5419.872111201806
2021-06-28,PROD-008,174,9016.608209835218
2021-06-29,PROD-008,152,7051.307812954004
2021-06-30,PROD-008,122,4798.145500643521
2021-07-01,PROD-008,141,10985.999194243655
2021-07-02,PROD-008,180,25534.549633067523
2021-07-03,PROD-008,106,4427.718858999078
2021-07-04,PROD-008,75,9743.31473634398
2021-07-05,PROD-008,144,19067.244046180043
2021-07-06,PROD-008,158,13956.273079666571
2021-07-07,PROD-008,126,7380.772869335813
2021-07-08,PROD-008,165,13288.214297268923
2021-07-09,PROD-008,159,5484.098745490475
2021-07-10,PROD-008,112,11028.620641343334
2021-07-11,PROD-008,66,8255.888276468026
2021-07-12,PROD-008,151,9775.098980237573
2021-07-13,PROD-008,130,13778.206567222844
2021-07-14,PROD-008,171,19719.517624231103
2021-07-15,PROD-008,133,8549.658734833592
2021-07-16,PROD-008,103,15291.878462294682
2021-07-17,PROD-008,122,16978.315170631187
2021-07-18,PROD-008,94,8734.431316704053
2021-07-19,PROD-008,119,8692.017387270522
2021-07-20,PROD-008,157,23280.66504776948
2021-07-21,PROD-008,156,16526.87666698224
2021-07-22,PROD-008,129,9934.404084845417
2021-07-23,PROD-008,125,9571.4700480724
2021-07-24,PROD-008,115,10600.4377495469
2021-07-25,PROD-008,70,2169.080668795498
2021-07-26,PROD-008,108,15864.821243429993
2021-07-27,PROD-008,136,7466.211795683744
2021-07-28,PROD-008,129,5005.412062197793
2021-07-29,PROD-008,165,10157.617633336165
2021-07-30,PROD-008,160,10618.208355781406
2021-07-31,PROD-008,98,5048.665360802531
2021-08-01,PROD-008,76,4392.400886757413
2021-08-02,PROD-008,150,15057.660624941795
2021-08-03,PROD-008,132,14726.807261639191
2021-08-04,PROD-008,150,16726.27865728858
2021-08-05,PROD-008,175,15146.38704582997
2021-08-06,PROD-008,177,16788.260024997402
2021-08-07,PROD-008,125,15419.38141435994
2021-08-08,PROD-008,120,4294.216614434856
2021-08-09,PROD-008,138,13419.996474915393
2021-08-10,PROD-008,198,17068.239855812444
2021-08-11,PROD-008,114,7342.4833967706745
2021-08-12,PROD-008,153,16157.99653926074
2021-08-13,PROD-008,123,18332.021614003617
2021-08-14,PROD-008,102,9995.29968411373
2021-08-15,PROD-008,115,15168.10103603609
2021-08-16,PROD-008,183,8084.05686952077
2021-08-17,PROD-008,196,11772.312109808552
2021-08-18,PROD-008,124,11150.6340251411
2021-08-19,PROD-008,152,11038.088598996035
2021-08-20,PROD-008,202,5171.974723786857
2021-08-21,PROD-008,81,5710.84665404616
2021-08-22,PROD-008,92,12806.315175106272
2021-08-23,PROD-008,158,6457.810566753962
2021-08-24,PROD-008,160,20868.092922851356
2021-08-25,PROD-008,127,11576.169230970097
2021-08-26,PROD-008,168,7620.347946829367
2021-08-27,PROD-008,170,10561.226193899756
2021-08-28,PROD-008,94,13230.246001623706
2021-08-29,PROD-008,119,11790.934696211369
2021-08-30,PROD-008,187,16609.400427627887
2021-08-31,PROD-008,127,8148.881992137322
2021-09-01,PROD-008,139,15433.512902309618
2021-09-02,PROD-008,174,12173.996503870478
2021-09-03,PROD-008,130,14517.830887058259
2021-09-04,PROD-008,110,8733.770820479067
2021-09-05,PROD-008,94,10022.338981845545
2021-09-06,PROD-008,195,21473.515135397105
2021-09-07,PROD-008,161,8225.836081800164
2021-09-08,PROD-008,190,11967.542242994445
2021-09-09,PROD-008,170,12895.288619210945
2021-09-10,PROD-008,158,21457.89447345294
2021-09-11,PROD-008,100,14106.857202992453
2021-09-12,PROD-008,103,14220.956734497318
2021-09-13,PROD-008,191,26680.36702897126
2021-09-14,PROD-008,182,19173.415111411407
2021-09-15,PROD-008,121,11849.128403792638
2021-09-16,PROD-008,149,17467.774942001604
2021-09-17,PROD-008,137,6102.252160971684
2021-09-18,PROD-008,97,12285.440792382247
2021-09-19,PROD-008,76,8581.357761621739
2021-09-20,PROD-008,133,11046.21396262864
2021-09-21,PROD-008,164,8721.407506696118
2021-09-22,PROD-008,147,12222.476651882596
2021-09-23,PROD-008,151,12135.309806399908
2021-09-24,PROD-008,169,4225.341789735142
2021-09-25,PROD-008,115,12290.019050294386
2021-09-26,PROD-008,106,14377.600352648127
2021-09-27,PROD-008,188,4732.047252287069
2021-09-28,PROD-008,178,13214.882160747038
2021-09-29,PROD-008,162,15526.461546332446
2021-09-30,PROD-008,138,11279.181258797957
2021-10-01,PROD-008,122,16788.216443820183
2021-10-02,PROD-008,107,11608.564822410603
2021-10-03,PROD-008,118,9476.752164950638
2021-10-04,PROD-008,123,6236.738683569587
2021-10-05,PROD-008,145,6448.061701269989
2021-10-06,PROD-008,198,20399.184593664453
2021-10-07,PROD-008,192,5591.176138772969
2021-10-08,PROD-008,130,7061.672351132599
2021-10-09,PROD-008,114,3252.1053179312635
2021-10-10,PROD-008,97,12932.280595128126
2021-10-11,PROD-008,125,6049.651180445425
2021-10-12,PROD-008,163,23908.92673295093
2021-10-13,PROD-008,108,3702.2037988983757
2021-10-14,PROD-008,190,20714.834960652533
2021-10-15,PROD-008,185,10421.781830980268
2021-10-16,PROD-008,108,9445.008839798524
2021-10-17,PROD-008,106,6070.957999801334
2021-10-18,PROD-008,154,22072.494887531633
2021-10-19,PROD-008,149,7111.640720431322
2021-10-20,PROD-008,160,23943.983846591393
2021-10-21,PROD-008,179,8346.655336680067
2021-10-22,PROD-008,193,9550.920368312278
2021-10-23,PROD-008,88,2922.8445582255
2021-10-24,PROD-008,89,6696.625396999177
2021-10-25,PROD-008,152,20210.417414236592
2021-10-26,PROD-008,155,22557.62442002168
2021-10-27,PROD-008,129,6262.04295831481
2021-10-28,PROD-008,185,24497.19750642859
2021-10-29,PROD-008,136,17746.55166652663
2021-10-30,PROD-008,103,14968.598925437585
2021-10-31,PROD-008,95,6871.966298027297
2021-11-01,PROD-008,113,12564.19933899788
2021-11-02,PROD-008,100,3615.856906072972
2021-11-03,PROD-008,173,4890.263613532649
2021-11-04,PROD-008,158,14359.89564095333
2021-11-05,PROD-008,122,8446.604316290239
2021-11-06,PROD-008,113,6615.785100310211
2021-11-07,PROD-008,95,11530.010575287515
2021-11-08,PROD-008,165,10375.114816077816
2021-11-09,PROD-008,156,11742.262925942723
2021-11-10,PROD-008,97,14260.987281294641
2021-11-11,PROD-008,177,12801.444493611089
2021-11-12,PROD-008,105,9891.297552026488
2021-11-13,PROD-008,88,9508.523538265608
2021-11-14,PROD-008,66,6696.347903338944
2021-11-15,PROD-008,143,5928.732499117834
2021-11-16,PROD-008,160,10023.5840211218
2021-11-17,PROD-008,104,8150.452916963718
2021-11-18,PROD-008,131,6140.2598606603815
2021-11-19,PROD-008,120,15871.609107117372
2021-11-20,PROD-008,85,3093.645020621595
2021-11-21,PROD-008,91,11658.290349426336
2021-11-22,PROD-008,100,13632.445804468283
2021-11-23,PROD-008,144,16346.159518270608
2021-11-24,PROD-008,96,6108.658051551076
2021-11-25,PROD-008,97,4779.720946022422
2021-11-26,PROD-008,136,4995.287499328418
2021-11-27,PROD-008,88,11530.458867989648
2021-11-28,PROD-008,74,8328.481868060797
2021-11-29,PROD-008,131,6694.2011672182525
2021-11-30,PROD-008,104,2681.0345221865405
2021-12-01,PROD-008,120,13968.701054825615
2021-12-02,PROD-008,142,18684.24509138722
2021-12-03,PROD-008,142,8339.485384454925
2021-12-04,PROD-008,56,1535.3341279118645
2021-12-05,PROD-008,69,7406.729086819438
2021-12-06,PROD-008,106,7397.306125852942
2021-12-07,PROD-008,102,8223.16859239077
2021-12-08,PROD-008,99,11616.259473360462
2021-12-09,PROD-008,147,6379.326981267796
2021-12-10,PROD-008,125,10881.760202108317
2021-12-11,PROD-008,64,3303.380642573764
2021-12-12,PROD-008,65,9483.387835238358
2021-12-13,PROD-008,82,5810.7750861456925
2021-12-14,PROD-008,108,15657.719084835104
2021-12-15,PROD-008,138,17047.842108285968
2021-12-16,PROD-008,106,12192.287889520887
2021-12-17,PROD-008,124,7539.022907939049
2021-12-18,PROD-008,80,4292.012941635767
2021-12-19,PROD-008,86,8971.420972722617
2021-12-20,PROD-008,127,3427.100473022182
2021-12-21,PROD-008,82,6853.246303308083
2021-12-22,PROD-008,131,13437.27733309142
2021-12-23,PROD-008,86,3496.786442665599
2021-12-24,PROD-008,79,6833.653527567724
2021-12-25,PROD-008,63,7045.011984682128
2021-12-26,PROD-008,83,2297.1924920369906
2021-12-27,PROD-008,124,15626.688830307236
2021-12-28,PROD-008,102,10886.945469577433
2021-12-29,PROD-008,96,8625.465762008922
2021-12-30,PROD-008,117,9378.767946299438
2021-12-31,PROD-008,127,9903.436456468777
2022-01-01,PROD-008,76,5775.560412365644
2022-01-02,PROD-008,84,10027.040379817847
2022-01-03,PROD-008,77,10192.806158030779
2022-01-04,PROD-008,93,10701.466917513435
2022-01-05,PROD-008,100,5090.331327395709
2022-01-06,PROD-008,79,2998.1490224724344
2022-01-07,PROD-008,122,16497.785183204167
2022-01-08,PROD-008,51,3302.7986687709636
2022-01-09,PROD-008,62,5093.282466982154
2022-01-10,PROD-008,102,7710.636551524562
2022-01-11,PROD-008,101,11615.25079665322
2022-01-12,PROD-008,98,6275.363135681217
2022-01-13,PROD-008,86,6402.3913621880365
2022-01-14,PROD-008,93,6590.650082973443
2022-01-15,PROD-008,67,7309.034503475448
2022-01-16,PROD-008,72,8306.46491394963
2022-01-17,PROD-008,123,8125.444476275741
2022-01-18,PROD-008,74,9144.807876438086
2022-01-19,PROD-008,76,9221.369120236479
2022-01-20,PROD-008,111,4800.569820182239
2022-01-21,PROD-008,80,2874.9975269396105
2022-01-22,PROD-008,44,5723.0948808589865
2022-01-23,PROD-008,64,1710.822813786643
2022-01-24,PROD-008,67,9363.393565061067
2022-01-25,PROD-008,95,9861.274862309268
2022-01-26,PROD-008,91,12358.679928991167
2022-01-27,PROD-008,118,12350.157028038993
2022-01-28,PROD-008,89,12794.451277761958
2022-01-29,PROD-008,56,1517.3796857029508
2022-01-30,PROD-008,72,2270.139946592726
2022-01-31,PROD-008,90,7335.697337309996
2022-02-01,PROD-008,109,14915.387969684833
2022-02-02,PROD-008,106,8996.660343963544
2022-02-03,PROD-008,100,9869.783508189477
2022-02-04,PROD-008,106,4373.802811834019
2022-02-05,PROD-008,59,7228.542692543135
2022-02-06,PROD-008,47,2037.1567741986057
2022-02-07,PROD-008,72,9528.304149824166
2022-02-08,PROD-008,102,10588.477797480813
2022-02-09,PROD-008,113,9718.081231814016
2022-02-10,PROD-008,94,11744.526187434396
2022-02-11,PROD-008,74,6510.822001605925
2022-02-12,PROD-008,59,5297.479379068823
2022-02-13,PROD-008,41,3171.5845057266447
2022-02-14,PROD-008,106,15730.163955586664
2022-02-15,PROD-008,64,1761.0171632466377
2022-02-16,PROD-008,83,6338.727400564523
2022-02-17,PROD-008,65,6196.904752014493
2022-02-18,PROD-008,86,4371.4562952593105
2022-02-19,PROD-008,65,8526.909022413634
2022-02-20,PROD-008,52,6182.24093195028
2022-02-21,PROD-008,91,12351.305066289684
2022-02-22,PROD-008,67,5704.793355721716
2022-02-23,PROD-008,79,5470.806127593062
2022-02-24,PROD-008,103,14590.48455490232
2022-02-25,PROD-008,82,2219.497732712405
2022-02-26,PROD-008,41,3753.433209783843
2022-02-27,PROD-008,68,8240.830195040879
2022-02-28,PROD-008,62,3946.985842181335
2022-03-01,PROD-008,103,4402.371475914838
2022-03-02,PROD-008,111,15249.768294840764
2022-03-03,PROD-008,112,8026.3918208002015
2022-03-04,PROD-008,80,10034.990884305163
2022-03-05,PROD-008,70,4534.672352685015
2022-03-06,PROD-008,43,5776.225214617217
2022-03-07,PROD-008,74,8227.991572507082
2022-03-08,PROD-008,81,6056.8377570482035
2022-03-09,PROD-008,89,8614.698494156586
2022-03-10,PROD-008,74,9719.33945800108
2022-03-11,PROD-008,110,2968.0817457113562
2022-03-12,PROD-008,50,5092.062993320413
2022-03-13,PROD-008,63,3921.9174453261803
2022-03-14,PROD-008,104,11981.027216152066
2022-03-15,PROD-008,81,5617.511965160131
2022-03-16,PROD-008,76,10625.598078181325
2022-03-17,PROD-008,99,6359.357330982405
2022-03-18,PROD-008,112,11437.046884181218
2022-03-19,PROD-008,67,2595.8210453815564
2022-03-20,PROD-008,41,2652.7857923518736
2022-03-21,PROD-008,82,3453.5167339512086
2022-03-22,PROD-008,70,2078.8652251742865
2022-03-23,PROD-008,86,10466.168033863913
2022-03-24,PROD-008,83,4045.16379799504
2022-03-25,PROD-008,100,11885.770743759318
2022-03-26,PROD-008,73,1889.2990969954417
2022-03-27,PROD-008,52,4524.349114826396
2022-03-28,PROD-008,98,9216.803501971184
2022-03-29,PROD-008,83,4095.9256550787504
2022-03-30,PROD-008,93,4809.088221698759
2022-03-31,PROD-008,105,8059.535756437611
2022-04-01,PROD-008,111,8912.168598716613
2022-04-02,PROD-008,63,5520.868484914543
2022-04-03,PROD-008,61,4111.332371393087
2022-04-04,PROD-008,93,11098.071010071677
2022-04-05,PROD-008,120,4079.8367669170834
2022-04-06,PROD-008,88,12168.45950099763
2022-04-07,PROD-008,89,4510.25016981753
2022-04-08,PROD-008,89,12139.688120543417
2022-04-09,PROD-008,54,5387.914533762952
2022-04-10,PROD-008,73,6678.485102957814
2022-04-11,PROD-008,77,6737.237718101036
2022-04-12,PROD-008,74,3142.047838360823
2022-04-13,PROD-008,75,2906.908695231914
2022-04-14,PROD-008,98,7550.004649063317
2022-04-15,PROD-008,108,13032.8377639878
2022-04-16,PROD-008,57,5232.69275136578
2022-04-17,PROD-008,61,7023.210768437695
2022-04-18,PROD-008,88,6498.890821365315
2022-04-19,PROD-008,131,17938.248370307407
2022-04-20,PROD-008,119,8785.531470043474
2022-04-21,PROD-008,111,8965.945854955575
2022-04-22,PROD-008,135,14864.631133841041
2022-04-23,PROD-008,55,5329.838384765504
2022-04-24,PROD-008,81,10685.857941940256
2022-04-25,PROD-008,113,5384.730252280596
2022-04-26,PROD-008,100,14491.966847016709
2022-04-27,PROD-008,115,6826.619212652044
2022-04-28,PROD-008,83,12240.65522411417
2022-04-29,PROD-008,91,9701.57916476484
2022-04-30,PROD-008,73,7111.578860122496
2022-05-01,PROD-008,54,5038.938438603542
2022-05-02,PROD-008,146,8028.75694466323
2022-05-03,PROD-008,91,8883.105852686786
2022-05-04,PROD-008,126,7224.750876549445
2022-05-05,PROD-008,86,8874.052444870955
2022-05-06,PROD-008,110,5126.571893157698
2022-05-07,PROD-008,55,4956.271962215978
2022-05-08,PROD-008,83,11426.131267709972
2022-05-09,PROD-008,145,16804.001458057402
2022-05-10,PROD-008,151,16485.407433195913
2022-05-11,PROD-008,107,3149.0991027375912
2022-05-12,PROD-008,127,17037.9214203074
2022-05-13,PROD-008,136,9248.934020752167
2022-05-14,PROD-008,95,9073.152996309816
2022-05-15,PROD-008,88,5016.148434470878
2022-05-16,PROD-008,151,5646.829882280635
2022-05-17,PROD-008,134,5819.60615869751
2022-05-18,PROD-008,143,8222.122737381356
2022-05-19,PROD-008,96,13327.804433270934
2022-05-20,PROD-008,156,12421.378302836476
2022-05-21,PROD-008,75,2143.8471714734674
2022-05-22,PROD-008,64,8234.797573048623
2022-05-23,PROD-008,119,8179.016703044144
2022-05-24,PROD-008,133,17220.999941430473
2022-05-25,PROD-008,163,22467.082043089824
2022-05-26,PROD-008,122,14664.71649038175
2022-05-27,PROD-008,129,10015.440377872555
2022-05-28,PROD-008,72,9108.385518905012
2022-05-29,PROD-008,81,6443.931932400645
2022-05-30,PROD-008,105,3984.6665548827273
2022-05-31,PROD-008,128,8347.732158772584
2022-06-01,PROD-008,118,15942.774177816176
2022-06-02,PROD-008,136,10712.84017601842
2022-06-03,PROD-008,100,10852.656462268049
2022-06-04,PROD-008,105,5413.546906747223
2022-06-05,PROD-008,106,14966.935221046897
2022-06-06,PROD-008,174,8162.716863555708
2022-06-07,PROD-008,106,8478.599210401579
2022-06-08,PROD-008,142,10204.122670928811
2022-06-09,PROD-008,167,14298.725125950044
2022-06-10,PROD-008,179,20530.504050515465
2022-06-11,PROD-008,82,5854.447643835137
2022-06-12,PROD-008,102,3188.5204423457585
2022-06-13,PROD-008,192,15358.921857974106
2022-06-14,PROD-008,156,6747.020370991478
2022-06-15,PROD-008,125,16945.88644092589
2022-06-16,PROD-008,195,6375.874085034404
2022-06-17,PROD-008,156,6074.669466740805
2022-06-18,PROD-008,111,8653.87052022467
2022-06-19,PROD-008,71,5346.443686434304
2022-06-20,PROD-008,158,5911.0370911579885
2022-06-21,PROD-008,153,18740.826526254157
2022-06-22,PROD-008,133,10917.708131820178
2022-06-23,PROD-008,159,16902.61916369867
2022-06-24,PROD-008,183,13593.531903773364
2022-06-25,PROD-008,90,9637.256092666716
2022-06-26,PROD-008,120,6581.649170305242
2022-06-27,PROD-008,203,20132.838903632935
2022-06-28,PROD-008,207,19703.076181670607
2022-06-29,PROD-008,210,18181.43935016119
2022-06-30,PROD-008,180,18048.705512787295
2022-07-01,PROD-008,194,6807.414392315765
2022-07-02,PROD-008,100,3551.902448601176
2022-07-03,PROD-008,111,13405.867984541768
2022-07-04,PROD-008,184,26174.838953386174
2022-07-05,PROD-008,148,8618.861381289038
2022-07-06,PROD-008,197,22330.622930893336
2022-07-07,PROD-008,117,10487.408880257066
2022-07-08,PROD-008,203,13111.668092862827
2022-07-09,PROD-008,114,16005.551552066983
2022-07-10,PROD-008,133,15873.065431079718
2022-07-11,PROD-008,146,5636.117853490413
2022-07-12,PROD-008,176,5626.038312272602
2022-07-13,PROD-008,197,5686.390199141685
2022-07-14,PROD-008,135,14613.781873201673
2022-07-15,PROD-008,218,15515.891322315922
2022-07-16,PROD-008,135,9167.005545463186
2022-07-17,PROD-008,81,8940.304351589879
2022-07-18,PROD-008,124,18446.511214696813
2022-07-19,PROD-008,170,6496.115681226089
2022-07-20,PROD-008,194,11169.687336157707
2022-07-21,PROD-008,197,14089.794757211876
2022-07-22,PROD-008,138,17922.798732288356
2022-07-23,PROD-008,134,11941.706161064505
2022-07-24,PROD-008,117,6943.706049273902
2022-07-25,PROD-008,171,24117.824027482027
2022-07-26,PROD-008,180,19756.85911360206
2022-07-27,PROD-008,162,19805.693590609473
2022-07-28,PROD-008,139,18573.031931884896
2022-07-29,PROD-008,221,16817.506704761134
2022-07-30,PROD-008,137,9915.734760995203
2022-07-31,PROD-008,144,7433.53806013886
2022-08-01,PROD-008,224,19293.401195239352
2022-08-02,PROD-008,186,22640.173050821126
2022-08-03,PROD-008,176,19982.019737702853
2022-08-04,PROD-008,199,16048.070517471439
2022-08-05,PROD-008,237,29233.78179245525
2022-08-06,PROD-008,111,11260.57529887398
2022-08-07,PROD-008,140,4370.320088860705
2022-08-08,PROD-008,157,9232.706100510411
2022-08-09,PROD-008,219,32638.17683470885
2022-08-10,PROD-008,218,29731.59415883207
2022-08-11,PROD-008,191,17443.2086844407
2022-08-12,PROD-008,167,5457.310859875777
2022-08-13,PROD-008,93,12142.412078086229
2022-08-14,PROD-008,102,6059.882981961292
2022-08-15,PROD-008,204,13724.06822978481
2022-08-16,PROD-008,233,5870.727536106927
2022-08-17,PROD-008,167,18351.654490656838
2022-08-18,PROD-008,191,18480.301537392294
2022-08-19,PROD-008,204,7914.143281175423
2022-08-20,PROD-008,93,6561.017814892075
2022-08-21,PROD-008,95,6579.556514336962
2022-08-22,PROD-008,142,17614.16752834531
2022-08-23,PROD-008,232,24215.61511646509
2022-08-24,PROD-008,235,17631.70499318772
2022-08-25,PROD-008,197,28815.97434746794
2022-08-26,PROD-008,166,24419.58484343477
2022-08-27,PROD-008,104,7593.856782784482
2022-08-28,PROD-008,86,7739.46492651068
2022-08-29,PROD-008,150,21568.932122984024
2022-08-30,PROD-008,144,6884.705367919361
2022-08-31,PROD-008,139,4682.54159435425
2022-09-01,PROD-008,196,21913.486110537207
2022-09-02,PROD-008,210,9063.694378747366
2022-09-03,PROD-008,123,4017.4749025283973
2022-09-04,PROD-008,125,7383.813757703311
2022-09-05,PROD-008,189,19972.67342558177
2022-09-06,PROD-008,242,8287.176783600185
2022-09-07,PROD-008,246,19091.71367667038
2022-09-08,PROD-008,241,13436.77887409366
2022-09-09,PROD-008,219,28282.72356657796
2022-09-10,PROD-008,124,6598.944950346504
2022-09-11,PROD-008,94,12070.33805551592
2022-09-12,PROD-008,220,16938.605297282724
2022-09-13,PROD-008,206,24939.339494577944
2022-09-14,PROD-008,146,11164.678806759863
2022-09-15,PROD-008,146,12753.220644614124
2022-09-16,PROD-008,176,17830.37541763245
2022-09-17,PROD-008,91,5928.743227506657
2022-09-18,PROD-008,115,6841.991088103056
2022-09-19,PROD-008,225,15707.506520844321
2022-09-20,PROD-008,160,18390.02547856394
2022-09-21,PROD-008,215,27180.68472741093
2022-09-22,PROD-008,239,18679.244885581964
2022-09-23,PROD-008,131,9302.627996946598
2022-09-24,PROD-008,118,8919.952986783517
2022-09-25,PROD-008,103,6043.944126501748
2022-09-26,PROD-008,227,23916.383614971615
2022-09-27,PROD-008,213,7345.3877648698
2022-09-28,PROD-008,180,22104.956759890785
2022-09-29,PROD-008,191,25620.356186985588
2022-09-30,PROD-008,223,29250.14026967432
2022-10-01,PROD-008,129,8287.97957253716
2022-10-02,PROD-008,151,20296.84036731194
2022-10-03,PROD-008,161,22479.568877579473
2022-10-04,PROD-008,190,21197.236696149233
2022-10-05,PROD-008,146,4536.12669040787
2022-10-06,PROD-008,138,20013.41685308977
2022-10-07,PROD-008,229,28784.533467934292
2022-10-08,PROD-008,130,10096.579615238845
2022-10-09,PROD-008,129,11292.978710123743
2022-10-10,PROD-008,203,29056.390461932
2022-10-11,PROD-008,137,17607.404946238275
2022-10-12,PROD-008,204,8194.90499793373
2022-10-13,PROD-008,149,18288.626565539278
2022-10-14,PROD-008,166,12941.244090175742
2022-10-15,PROD-008,82,2519.5383718043827
2022-10-16,PROD-008,84,3677.0192309419244
2022-10-17,PROD-008,137,6731.411323050336
2022-10-18,PROD-008,215,15498.036822454955
2022-10-19,PROD-008,225,12110.25123172813
2022-10-20,PROD-008,182,15206.351837906155
2022-10-21,PROD-008,194,20100.146164961654
2022-10-22,PROD-008,132,17760.722620071876
2022-10-23,PROD-008,132,18184.148353928627
2022-10-24,PROD-008,141,4222.329278626963
2022-10-25,PROD-008,174,25371.882954536915
2022-10-26,PROD-008,204,15420.956433653231
2022-10-27,PROD-008,182,14670.406707770077
2022-10-28,PROD-008,218,14263.830604138831
2022-10-29,PROD-008,93,12114.191923362483
2022-10-30,PROD-008,131,7793.388764264932
2022-10-31,PROD-008,129,16502.2343376263
2022-11-01,PROD-008,202,12548.942849699406
2022-11-02,PROD-008,164,20043.415295158637
2022-11-03,PROD-008,122,8208.050174249198
2022-11-04,PROD-008,169,6376.083392529558
2022-11-05,PROD-008,119,13433.069909701187
2022-11-06,PROD-008,78,8597.77891995015
2022-11-07,PROD-008,144,14827.348038383008
2022-11-08,PROD-008,175,19872.06344173973
2022-11-09,PROD-008,202,6304.195023157546
2022-11-10,PROD-008,145,6112.044500542436
2022-11-11,PROD-008,196,20655.65696971674
2022-11-12,PROD-008,97,3141.4494776878546
2022-11-13,PROD-008,131,12275.961101418654
2022-11-14,PROD-008,111,10693.315123484088
2022-11-15,PROD-008,128,9662.591897172515
2022-11-16,PROD-008,136,8192.605984945694
2022-11-17,PROD-008,158,10827.473374207084
2022-11-18,PROD-008,125,15267.511475603998
2022-11-19,PROD-008,81,6829.297432911402
2022-11-20,PROD-008,103,13826.09238340697
2022-11-21,PROD-008,156,5861.122017747991
2022-11-22,PROD-008,139,10987.314214896267
2022-11-23,PROD-008,118,6544.689230549981
2022-11-24,PROD-008,151,9674.484630049801
2022-11-25,PROD-008,147,16962.538998653457
2022-11-26,PROD-008,70,3756.5767986910146
2022-11-27,PROD-008,104,8205.68574394634
2022-11-28,PROD-008,118,16806.738505511832
2022-11-29,PROD-008,127,13283.72150350372
2022-11-30,PROD-008,119,3101.7729280097974
2022-12-01,PROD-008,182,21865.944752095016
2022-12-02,PROD-008,128,9980.406837557006
2022-12-03,PROD-008,75,6108.196074232545
2022-12-04,PROD-008,112,15599.957705923469
2022-12-05,PROD-008,156,13524.140158649547
2022-12-06,PROD-008,160,9291.482503228268
2022-12-07,PROD-008,115,4089.418260245358
2022-12-08,PROD-008,128,16662.94327490992
2022-12-09,PROD-008,104,3689.1534455928195
2022-12-10,PROD-008,102,14778.229216953898
2022-12-11,PROD-008,64,4277.466621478297
2022-12-12,PROD-008,122,3534.0006730072437
2022-12-13,PROD-008,116,12554.499476965564
2022-12-14,PROD-008,171,11470.9616838021
2022-12-15,PROD-008,110,12370.309761738148
2022-12-16,PROD-008,102,13464.94535156216
2022-12-17,PROD-008,71,9957.30242411051
2022-12-18,PROD-008,72,9955.51029418522
2022-12-19,PROD-008,139,8184.108640219154
2022-12-20,PROD-008,144,7326.6308957285355
2022-12-21,PROD-008,91,11472.345348629451
2022-12-22,PROD-008,156,23165.21011541283
2022-12-23,PROD-008,140,8167.8328849582085
2022-12-24,PROD-008,77,10369.221742494923
2022-12-25,PROD-008,92,10325.5895441454
2022-12-26,PROD-008,125,10940.437205455848
2022-12-27,PROD-008,113,11780.16180751465
2022-12-28,PROD-008,138,17642.30618183607
2022-12-29,PROD-008,117,12856.878265482337
2022-12-30,PROD-008,95,3743.5882968235264
2022-12-31,PROD-008,78,2009.538535576246
2023-01-01,PROD-008,99,6364.788770425556
2023-01-02,PROD-008,92,4345.009562839743
2023-01-03,PROD-008,133,15502.474725237167
2023-01-04,PROD-008,112,6099.916527517266
2023-01-05,PROD-008,114,12620.829988296548
2023-01-06,PROD-008,150,7076.411846630934
2023-01-07,PROD-008,58,7975.080188171347
2023-01-08,PROD-008,86,10389.874458965902
2023-01-09,PROD-008,114,16564.705261719886
2023-01-10,PROD-008,119,12379.873699154603
2023-01-11,PROD-008,144,5396.721058437476
2023-01-12,PROD-008,107,16005.070227251872
2023-01-13,PROD-008,129,3628.316108175871
2023-01-14,PROD-008,51,2182.5616341305195
2023-01-15,PROD-008,89,4040.039407558448
2023-01-16,PROD-008,86,9004.126572459181
2023-01-17,PROD-008,119,13541.988727358554
2023-01-18,PROD-008,144,18042.853694645208
2023-01-19,PROD-008,122,12594.424796378047
2023-01-20,PROD-008,109,4196.367565286619
2023-01-21,PROD-008,89,7772.35033942434
2023-01-22,PROD-008,70,5709.055022554476
2023-01-23,PROD-008,106,10125.362963857691
2023-01-24,PROD-008,96,7418.932864732331
2023-01-25,PROD-008,126,3754.9235712016157
2023-01-26,PROD-008,75,3253.0247469393084
2023-01-27,PROD-008,131,13739.821385444051
2023-01-28,PROD-008,59,4993.889755243305
2023-01-29,PROD-008,52,4278.710830019089
2023-01-30,PROD-008,100,4849.161657947522
2023-01-31,PROD-008,99,9578.786665093723
2023-02-01,PROD-008,113,13488.20285538523
2023-02-02,PROD-008,122,18084.786029122104
2023-02-03,PROD-008,115,15465.878544690071
2023-02-04,PROD-008,51,3319.3602902195253
2023-02-05,PROD-008,64,9211.000353608073
2023-02-06,PROD-008,88,6944.454936255728
2023-02-07,PROD-008,77,10364.672691518957
2023-02-08,PROD-008,111,15825.196598462591
2023-02-09,PROD-008,73,4394.800593432916
2023-02-10,PROD-008,107,5776.730744554099
2023-02-11,PROD-008,57,1744.9853671668848
2023-02-12,PROD-008,57,2894.5171313230107
2023-02-13,PROD-008,111,15825.813790413364
2023-02-14,PROD-008,73,4389.733328244398
2023-02-15,PROD-008,124,3261.901879361564
2023-02-16,PROD-008,80,7889.114639777786
2023-02-17,PROD-008,126,11297.505492813849
2023-02-18,PROD-008,82,6767.326844664596
2023-02-19,PROD-008,74,10816.018536818148
2023-02-20,PROD-008,80,5991.927730242961
2023-02-21,PROD-008,125,17015.339353184365
2023-02-22,PROD-008,108,4152.094309217847
2023-02-23,PROD-008,118,10892.330910754257
2023-02-24,PROD-008,117,17000.677391662943
2023-02-25,PROD-008,47,4605.906635538677
2023-02-26,PROD-008,52,7091.241513505355
2023-02-27,PROD-008,128,9348.272466475395
2023-02-28,PROD-008,123,3251.877804672223
2023-03-01,PROD-008,113,10954.77925467009
2023-03-02,PROD-008,130,12792.05299721426
2023-03-03,PROD-008,98,8057.646845359033
2023-03-04,PROD-008,53,2181.172817312306
2023-03-05,PROD-008,82,5772.084178648699
2023-03-06,PROD-008,123,16771.56451193209
2023-03-07,PROD-008,109,7311.705753984586
2023-03-08,PROD-008,123,11719.857872038048
2023-03-09,PROD-008,75,10252.937961681026
2023-03-10,PROD-008,99,11505.807798594315
2023-03-11,PROD-008,48,6942.761286551842
2023-03-12,PROD-008,75,8333.469861308276
2023-03-13,PROD-008,119,8766.877897917106
2023-03-14,PROD-008,106,15681.23116073702
2023-03-15,PROD-008,122,9589.817061146055
2023-03-16,PROD-008,127,5375.969577637788
2023-03-17,PROD-008,73,9690.891063560002
2023-03-18,PROD-008,58,5088.898379871602
2023-03-19,PROD-008,85,8642.735597348867
2023-03-20,PROD-008,91,8751.904394843914
2023-03-21,PROD-008,115,3684.741477044675
2023-03-22,PROD-008,111,14350.534692292607
2023-03-23,PROD-008,83,12108.800992179173
2023-03-24,PROD-008,121,4599.740238521254
2023-03-25,PROD-008,85,3278.2353405515096
2023-03-26,PROD-008,59,5729.582591358296
2023-03-27,PROD-008,126,16687.93104624143
2023-03-28,PROD-008,110,4463.592648098308
2023-03-29,PROD-008,115,15006.990764942766
2023-03-30,PROD-008,123,16206.18863640878
2023-03-31,PROD-008,79,5713.033735779341
2023-04-01,PROD-008,68,8686.983424823891
2023-04-02,PROD-008,49,4378.559319302423
2023-04-03,PROD-008,142,20290.8432335311
2023-04-04,PROD-008,117,15236.510312649818
2023-04-05,PROD-008,96,6842.845835980915
2023-04-06,PROD-008,96,7096.104854592903
2023-04-07,PROD-008,137,5334.995378249558
2023-04-08,PROD-008,55,2371.120760362646
2023-04-09,PROD-008,86,9902.62845997326
2023-04-10,PROD-008,100,4581.431509686854
2023-04-11,PROD-008,135,15376.5832693447
2023-04-12,PROD-008,100,14074.679032439271
2023-04-13,PROD-008,118,14537.367381680233
2023-04-14,PROD-008,100,6137.777307322259
2023-04-15,PROD-008,84,7093.356923358889
2023-04-16,PROD-008,69,9804.936299158398
2023-04-17,PROD-008,151,17249.16276332494
2023-04-18,PROD-008,147,9117.164070175842
2023-04-19,PROD-008,111,5815.818430055695
2023-04-20,PROD-008,153,8664.566077639525
2023-04-21,PROD-008,103,4866.7979127935805
2023-04-22,PROD-008,56,7873.403210924643
2023-04-23,PROD-008,63,7881.030907974003
2023-04-24,PROD-008,144,5450.154535450274
2023-04-25,PROD-008,123,17876.211342084083
2023-04-26,PROD-008,95,4421.181657205298
2023-04-27,PROD-008,165,24668.589043595366
2023-04-28,PROD-008,159,10048.040165806393
2023-04-29,PROD-008,79,3668.1164854213907
2023-04-30,PROD-008,67,6718.123734334161
2023-05-01,PROD-008,167,11786.394984780824
2023-05-02,PROD-008,140,11937.978522038184
2023-05-03,PROD-008,101,11747.136410435456
2023-05-04,PROD-008,95,4719.1006170217315
2023-05-05,PROD-008,159,12457.995255716289
2023-05-06,PROD-008,84,6084.133362348212
2023-05-07,PROD-008,75,6189.007921689354
2023-05-08,PROD-008,105,10355.97204058567
2023-05-09,PROD-008,113,13941.866808577322
2023-05-10,PROD-008,163,22733.32553265373
2023-05-11,PROD-008,102,4997.056930053543
2023-05-12,PROD-008,173,8133.808715505698
2023-05-13,PROD-008,93,10178.406000656933
2023-05-14,PROD-008,76,8344.47017383144
2023-05-15,PROD-008,154,19794.306391277492
2023-05-16,PROD-008,101,4426.5584904315065
2023-05-17,PROD-008,108,7635.943486217873
2023-05-18,PROD-008,108,4423.850849737159
2023-05-19,PROD-008,110,5538.329559363882
2023-05-20,PROD-008,119,14217.804076891352
2023-05-21,PROD-008,121,7723.421306793207
2023-05-22,PROD-008,131,16616.694175891607
2023-05-23,PROD-008,176,8581.058181787657
2023-05-24,PROD-008,137,12807.218202156373
2023-05-25,PROD-008,143,19554.07174032607
2023-05-26,PROD-008,129,16055.681882384295
2023-05-27,PROD-008,81,4030.718437599101
2023-05-28,PROD-008,109,5898.464905622097
2023-05-29,PROD-008,179,15915.56254106601
2023-05-30,PROD-008,163,15527.117284458489
2023-05-31,PROD-008,146,13647.942419905188
2023-06-01,PROD-008,128,13091.633998384203
2023-06-02,PROD-008,151,14854.70939407051
2023-06-03,PROD-008,89,4142.858062444385
2023-06-04,PROD-008,124,16846.133237916554
2023-06-05,PROD-008,118,5113.848442176716
2023-06-06,PROD-008,136,17002.287756993028
2023-06-07,PROD-008,148,11341.466908397233
2023-06-08,PROD-008,213,10195.131314813796
2023-06-09,PROD-008,138,9721.51619327322
2023-06-10,PROD-008,82,11058.680891316633
2023-06-11,PROD-008,96,7307.446289623227
2023-06-12,PROD-008,189,22558.25100061218
2023-06-13,PROD-008,129,13695.507702758025
2023-06-14,PROD-008,196,14235.66691434579
2023-06-15,PROD-008,174,17080.097566098437
2023-06-16,PROD-008,159,10247.985785090541
2023-06-17,PROD-008,124,13427.392525752464
2023-06-18,PROD-008,89,7342.588861737427
2023-06-19,PROD-008,183,5616.7352567498265
2023-06-20,PROD-008,190,8962.50066527185
2023-06-21,PROD-008,129,9151.320614591843
2023-06-22,PROD-008,147,18967.632907258707
2023-06-23,PROD-008,203,16738.62877350298
2023-06-24,PROD-008,117,14307.89598431804
2023-06-25,PROD-008,121,13396.381210959687
2023-06-26,PROD-008,148,13318.43167781424
2023-06-27,PROD-008,194,18019.29564124576
2023-06-28,PROD-008,221,24898.64436496194
2023-06-29,PROD-008,228,9606.04673181862
2023-06-30,PROD-008,185,22057.201561189875
2023-07-01,PROD-008,145,20433.53325872807
2023-07-02,PROD-008,114,5327.096939010565
2023-07-03,PROD-008,234,7498.976185053603
2023-07-04,PROD-008,246,18114.025969265083
2023-07-05,PROD-008,183,13721.931758076407
2023-07-06,PROD-008,195,15187.285512983464
2023-07-07,PROD-008,228,24884.302998792577
2023-07-08,PROD-008,126,9823.284487717614
2023-07-09,PROD-008,145,10533.299438382144
2023-07-10,PROD-008,169,12023.55743803036
2023-07-11,PROD-008,239,35017.539082669224
2023-07-12,PROD-008,211,13394.10656787375
2023-07-13,PROD-008,171,11445.655688596602
2023-07-14,PROD-008,139,8865.29461473349
2023-07-15,PROD-008,95,13750.885298496696
2023-07-16,PROD-008,156,7309.655021453566
2023-07-17,PROD-008,180,14721.430040302832
2023-07-18,PROD-008,236,29576.624953402952
2023-07-19,PROD-008,153,13973.855085851477
2023-07-20,PROD-008,153,19422.11614779487
2023-07-21,PROD-008,159,18164.33098776557
2023-07-22,PROD-008,103,8543.496839456715
2023-07-23,PROD-008,112,8140.30939925084
2023-07-24,PROD-008,240,10375.018745709755
2023-07-25,PROD-008,211,23326.530224254988
2023-07-26,PROD-008,211,20755.610627242775
2023-07-27,PROD-008,257,32623.55204009657
2023-07-28,PROD-008,173,7790.05581645631
2023-07-29,PROD-008,169,12086.854251797402
2023-07-30,PROD-008,132,18541.903211124012
2023-07-31,PROD-008,253,24210.890200108224
2023-08-01,PROD-008,172,5154.838702583713
2023-08-02,PROD-008,208,14590.80966924073
2023-08-03,PROD-008,151,14152.667675107812
2023-08-04,PROD-008,245,28624.30113550932
2023-08-05,PROD-008,95,2808.8353840795417
2023-08-06,PROD-008,153,9187.708998577991
2023-08-07,PROD-008,262,39251.43539416528
2023-08-08,PROD-008,201,13898.152308251687
2023-08-09,PROD-008,271,10145.129473754427
2023-08-10,PROD-008,204,5238.286922129147
2023-08-11,PROD-008,161,7787.082558720052
2023-08-12,PROD-008,150,16960.005520048628
2023-08-13,PROD-008,133,10831.816692023704
2023-08-14,PROD-008,180,21966.97950056198
2023-08-15,PROD-008,244,18930.033952273996
2023-08-16,PROD-008,271,15426.00412181807
2023-08-17,PROD-008,227,31625.828960390198
2023-08-18,PROD-008,201,10031.486458319436
2023-08-19,PROD-008,118,13791.817535669374
2023-08-20,PROD-008,128,8145.080359821185
2023-08-21,PROD-008,174,10904.0312385885
2023-08-22,PROD-008,247,29434.96925995089
2023-08-23,PROD-008,257,32794.056108188124
2023-08-24,PROD-008,162,13684.166418867439
2023-08-25,PROD-008,228,34139.95104908892
2023-08-26,PROD-008,106,6094.413409557956
2023-08-27,PROD-008,152,13941.071150599755
2023-08-28,PROD-008,159,17150.182122055703
2023-08-29,PROD-008,168,21895.428384648418
2023-08-30,PROD-008,256,24783.50612781986
2023-08-31,PROD-008,191,5879.744487734164
2023-09-01,PROD-008,187,27314.973030335554
2023-09-02,PROD-008,104,9317.236443874348
2023-09-03,PROD-008,144,5569.523877225241
2023-09-04,PROD-008,219,30472.345678724283
2023-09-05,PROD-008,199,27985.34243497504
2023-09-06,PROD-008,180,7322.079137931473
2023-09-07,PROD-008,207,14145.95647851896
2023-09-08,PROD-008,200,12297.504779109597
2023-09-09,PROD-008,110,9179.732038490782
2023-09-10,PROD-008,149,3818.555678834212
2023-09-11,PROD-008,197,19647.450357390026
2023-09-12,PROD-008,170,8603.236940123592
2023-09-13,PROD-008,156,9938.418320039209
2023-09-14,PROD-008,233,8671.7047364289
2023-09-15,PROD-008,181,19187.699690303038
2023-09-16,PROD-008,121,11465.674221383979
2023-09-17,PROD-008,128,3833.134112728264
2023-09-18,PROD-008,160,7962.207591313678
2023-09-19,PROD-008,168,15494.823747518125
2023-09-20,PROD-008,187,21618.201513496322
2023-09-21,PROD-008,233,16944.580891933114
2023-09-22,PROD-008,279,29216.278530695417
2023-09-23,PROD-008,100,14202.564376340631
2023-09-24,PROD-008,147,20099.000546429146
2023-09-25,PROD-008,268,16337.37455501366
2023-09-26,PROD-008,267,12418.278965160069
2023-09-27,PROD-008,166,5389.238580613348
2023-09-28,PROD-008,214,6014.155382674578
2023-09-29,PROD-008,215,30161.73708734667
2023-09-30,PROD-008,175,19489.93972834682
2023-10-01,PROD-008,133,10457.830232944629
2023-10-02,PROD-008,184,4793.850401151491
2023-10-03,PROD-008,189,20513.767371344395
2023-10-04,PROD-008,183,16147.108935301132
2023-10-05,PROD-008,198,28204.983453150064
2023-10-06,PROD-008,221,27471.24217616227
2023-10-07,PROD-008,163,14432.774322589881
2023-10-08,PROD-008,102,9383.13501445896
2023-10-09,PROD-008,178,21502.178658462486
2023-10-10,PROD-008,269,26198.778872325347
2023-10-11,PROD-008,210,9411.00629480009
2023-10-12,PROD-008,222,25280.230820818175
2023-10-13,PROD-008,164,9002.183299105478
2023-10-14,PROD-008,135,5543.234876041344
2023-10-15,PROD-008,134,6637.826302226755
2023-10-16,PROD-008,245,20728.30830664303
2023-10-17,PROD-008,227,13783.349986553618
2023-10-18,PROD-008,210,25096.692248306477
2023-10-19,PROD-008,212,7582.377240090683
2023-10-20,PROD-008,211,22094.925054143358
2023-10-21,PROD-008,123,5128.43503991383
2023-10-22,PROD-008,161,14743.222252434594
2023-10-23,PROD-008,181,7396.717578489763
2023-10-24,PROD-008,161,22848.298981624754
2023-10-25,PROD-008,213,18991.16374505456
2023-10-26,PROD-008,224,7178.825388328592
2023-10-27,PROD-008,222,32784.80087428485
2023-10-28,PROD-008,118,10170.34092594791
2023-10-29,PROD-008,122,16758.906657768523
2023-10-30,PROD-008,204,18027.630616673086
2023-10-31,PROD-008,196,7881.077604848747
2023-11-01,PROD-008,229,12387.347153119248
2023-11-02,PROD-008,149,5177.203073922296
2023-11-03,PROD-008,170,16825.462337513418
2023-11-04,PROD-008,86,9822.07331974387
2023-11-05,PROD-008,104,9235.14382624038
2023-11-06,PROD-008,231,28654.545098173647
2023-11-07,PROD-008,185,15390.218383400148
2023-11-08,PROD-008,187,21162.638693191468
2023-11-09,PROD-008,133,14049.021372447045
2023-11-10,PROD-008,141,14646.051466849103
2023-11-11,PROD-008,102,4630.213163684348
2023-11-12,PROD-008,148,17419.69241755998
2023-11-13,PROD-008,186,18461.51984993665
2023-11-14,PROD-008,199,21553.532894043856
2023-11-15,PROD-008,226,7697.705885980764
2023-11-16,PROD-008,232,23469.86826378406
2023-11-17,PROD-008,136,11130.292619316957
2023-11-18,PROD-008,82,3694.7940870430734
2023-11-19,PROD-008,87,6271.430576904758
2023-11-20,PROD-008,124,17050.77847034658
2023-11-21,PROD-008,219,26676.66900910364
2023-11-22,PROD-008,197,12368.846145761283
2023-11-23,PROD-008,159,5107.899632162806
2023-11-24,PROD-008,172,7402.491650920901
2023-11-25,PROD-008,110,9952.662844893843
2023-11-26,PROD-008,78,8577.27279478368
2023-11-27,PROD-008,215,16246.010722247918
2023-11-28,PROD-008,216,25749.81428637384
2023-11-29,PROD-008,198,6434.370553065112
2023-11-30,PROD-008,149,20903.17230334081
2023-12-01,PROD-008,165,19073.887847651957
2023-12-02,PROD-008,98,5749.380055975579
2023-12-03,PROD-008,127,3482.695980838268
2023-12-04,PROD-008,118,9938.760246196214
2023-12-05,PROD-008,120,17140.306295651597
2023-12-06,PROD-008,137,4868.0074884550295
2023-12-07,PROD-008,155,18732.59449995602
2023-12-08,PROD-008,171,17477.80536324557
2023-12-09,PROD-008,128,4190.549793067807
2023-12-10,PROD-008,104,3156.463069809901
2023-12-11,PROD-008,149,15470.996880568791
2023-12-12,PROD-008,180,19802.897780696672
2023-12-13,PROD-008,112,4271.042609388647
2023-12-14,PROD-008,112,13650.77019348079
2023-12-15,PROD-008,137,10325.798236938519
2023-12-16,PROD-008,105,13006.71581642763
2023-12-17,PROD-008,73,10489.713069999787
2023-12-18,PROD-008,128,8133.848395531223
2023-12-19,PROD-008,126,7887.691810112951
2023-12-20,PROD-008,128,4433.672525629017
2023-12-21,PROD-008,182,9085.419792055274
2023-12-22,PROD-008,154,19505.864889506513
2023-12-23,PROD-008,90,3517.0160636864443
2023-12-24,PROD-008,67,8862.075803062118
2023-12-25,PROD-008,185,13568.865310245073
2023-12-26,PROD-008,182,23327.587016393452
2023-12-27,PROD-008,166,9691.757102119413
2023-12-28,PROD-008,109,11318.297656147332
2023-12-29,PROD-008,154,10553.407150773168
2023-12-30,PROD-008,102,10800.706880297052
2023-12-31,PROD-008,99,12897.420591557775
2024-01-01,PROD-008,168,6972.600926647432
2024-01-02,PROD-008,160,20214.78098284801
2024-01-03,PROD-008,143,15894.235670082759
2024-01-04,PROD-008,162,5849.112900775934
2024-01-05,PROD-008,164,18063.352758224173
2024-01-06,PROD-008,75,4439.964150140405
2024-01-07,PROD-008,63,2818.4394434165597
2024-01-08,PROD-008,108,7508.154579959698
2024-01-09,PROD-008,108,5765.403095079489
2024-01-10,PROD-008,156,8548.872401933342
2024-01-11,PROD-008,169,9757.354883354104
2024-01-12,PROD-008,116,3842.0623298617916
2024-01-13,PROD-008,69,7586.1200434935035
2024-01-14,PROD-008,67,6979.837480553258
2024-01-15,PROD-008,91,13154.43994476321
2024-01-16,PROD-008,99,4452.325245176258
2024-01-17,PROD-008,165,4847.327446727791
2024-01-18,PROD-008,117,11733.126283305672
2024-01-19,PROD-008,97,6614.213709593655
2024-01-20,PROD-008,60,6272.536369856394
2024-01-21,PROD-008,95,13365.90897843209
2024-01-22,PROD-008,133,11436.521187518238
2024-01-23,PROD-008,149,15579.731598392014
2024-01-24,PROD-008,104,15420.601586331768
2024-01-25,PROD-008,121,16103.436305900597
2024-01-26,PROD-008,101,13313.618979562545
2024-01-27,PROD-008,75,2975.8307885387603
2024-01-28,PROD-008,56,2715.1746833635634
2024-01-29,PROD-008,154,6982.843781244737
2024-01-30,PROD-008,109,12707.015688719857
2024-01-31,PROD-008,133,8973.734856438645
2024-02-01,PROD-008,108,4892.073834447836
2024-02-02,PROD-008,99,5990.099883222947
2024-02-03,PROD-008,75,9306.452658111366
2024-02-04,PROD-008,82,8461.236946619158
2024-02-05,PROD-008,93,12965.314713470418
2024-02-06,PROD-008,127,14709.050280972402
2024-02-07,PROD-008,100,14128.48219983491
2024-02-08,PROD-008,108,3072.4551744754895
2024-02-09,PROD-008,103,6910.1646074148275
2024-02-10,PROD-008,90,7105.375852276811
2024-02-11,PROD-008,93,7764.680913937433
2024-02-12,PROD-008,133,17024.669608893037
2024-02-13,PROD-008,147,6286.182853898452
2024-02-14,PROD-008,127,18003.79237741742
2024-02-15,PROD-008,107,10642.14621205563
2024-02-16,PROD-008,113,10283.279763432573
2024-02-17,PROD-008,66,4528.061210959194
2024-02-18,PROD-008,54,3954.4560100305857
2024-02-19,PROD-008,85,3804.013739519126
2024-02-20,PROD-008,82,7668.322638535919
2024-02-21,PROD-008,143,6207.976207280449
2024-02-22,PROD-008,103,8249.468590113182
2024-02-23,PROD-008,147,14125.604249374861
2024-02-24,PROD-008,76,10040.960267070426
2024-02-25,PROD-008,60,6656.970855642859
2024-02-26,PROD-008,131,6348.2206177782855
2024-02-27,PROD-008,117,13607.43702618175
2024-02-28,PROD-008,106,8315.1143548142
2024-02-29,PROD-008,101,3482.9236977022556
2024-03-01,PROD-008,112,15484.815703728971
2024-03-02,PROD-008,73,6077.284891231478
2024-03-03,PROD-008,90,7758.171190928448
2024-03-04,PROD-008,98,9005.010781325793
2024-03-05,PROD-008,83,12219.960993526194
2024-03-06,PROD-008,127,12469.8295213453
2024-03-07,PROD-008,141,9278.084883940468
2024-03-08,PROD-008,101,4412.8888231771125
2024-03-09,PROD-008,55,5619.7939049622355
2024-03-10,PROD-008,85,11752.158561642082
2024-03-11,PROD-008,139,11150.900388530097
2024-03-12,PROD-008,132,14436.878720314804
2024-03-13,PROD-008,81,5148.642497575398
2024-03-14,PROD-008,94,8919.770186504082
2024-03-15,PROD-008,86,2634.651406123525
2024-03-16,PROD-008,75,4230.431640257859
2024-03-17,PROD-008,89,13245.853724991692
2024-03-18,PROD-008,151,14009.012093934034
2024-03-19,PROD-008,116,4129.44982417219
2024-03-20,PROD-008,130,15377.97731597351
2024-03-21,PROD-008,102,15211.99206289437
2024-03-22,PROD-008,138,15290.44536858703
2024-03-23,PROD-008,55,3337.7831145917608
2024-03-24,PROD-008,84,6985.635414739602
2024-03-25,PROD-008,134,12326.563791183156
2024-03-26,PROD-008,122,12065.202542248546
2024-03-27,PROD-008,116,3818.726544881227
2024-03-28,PROD-008,115,5189.914134787574
2024-03-29,PROD-008,145,13387.179860291357
2024-03-30,PROD-008,63,8778.010370575412
2024-03-31,PROD-008,67,5912.332500165407
2024-04-01,PROD-008,126,13222.013037770676
2024-04-02,PROD-008,91,11682.530331398348
2024-04-03,PROD-008,155,14636.418960250296
2024-04-04,PROD-008,160,14893.670746908176
2024-04-05,PROD-008,107,12595.14057782607
2024-04-06,PROD-008,76,2476.173996967441
2024-04-07,PROD-008,69,2598.695406281007
2024-04-08,PROD-008,168,8428.386511863884
2024-04-09,PROD-008,161,13769.375771297035
2024-04-10,PROD-008,157,13198.207736770071
2024-04-11,PROD-008,118,17453.57865149605
2024-04-12,PROD-008,110,15953.19621588465
2024-04-13,PROD-008,68,9451.42115129678
2024-04-14,PROD-008,92,3741.4786678872124
2024-04-15,PROD-008,108,3783.6011287345646
2024-04-16,PROD-008,173,24553.507500242948
2024-04-17,PROD-008,132,10991.026344926553
2024-04-18,PROD-008,153,3830.6730061597905
2024-04-19,PROD-008,113,12491.783055715368
2024-04-20,PROD-008,62,4988.872393732358
2024-04-21,PROD-008,93,10049.844889049782
2024-04-22,PROD-008,159,13716.064856895471
2024-04-23,PROD-008,164,11183.23899111045
2024-04-24,PROD-008,153,12569.344686015264
2024-04-25,PROD-008,147,12317.083930564719
2024-04-26,PROD-008,155,7701.67311847264
2024-04-27,PROD-008,101,9985.482261579067
2024-04-28,PROD-008,81,4529.857820429111
2024-04-29,PROD-008,189,17324.06265747115
2024-04-30,PROD-008,180,9563.670535790636
2024-05-01,PROD-008,138,4339.7634902820055
2024-05-02,PROD-008,169,14191.073334531215
2024-05-03,PROD-008,192,12409.465784625016
2024-05-04,PROD-008,71,2387.679322801353
2024-05-05,PROD-008,122,16222.385031291917
2024-05-06,PROD-008,171,21174.62120253912
2024-05-07,PROD-008,143,19216.13641023414
2024-05-08,PROD-008,180,8978.812639950076
2024-05-09,PROD-008,203,16200.0831323728
2024-05-10,PROD-008,127,7036.767964494371
2024-05-11,PROD-008,83,8364.266763733258
2024-05-12,PROD-008,72,8005.8979883162065
2024-05-13,PROD-008,133,12175.18555688249
2024-05-14,PROD-008,145,15768.572608242104
2024-05-15,PROD-008,186,15357.811773826266
2024-05-16,PROD-008,183,12455.964309680337
2024-05-17,PROD-008,146,19190.17960203985
2024-05-18,PROD-008,92,11747.45529306201
2024-05-19,PROD-008,102,7205.642321708026
2024-05-20,PROD-008,153,21880.939545888185
2024-05-21,PROD-008,173,10417.92498363682
2024-05-22,PROD-008,183,8993.486328479481
2024-05-23,PROD-008,188,13458.156279426472
2024-05-24,PROD-008,212,29123.928275176102
2024-05-25,PROD-008,96,4520.322450431062
2024-05-26,PROD-008,99,11561.888653899494
2024-05-27,PROD-008,138,17495.477905174623
2024-05-28,PROD-008,183,12956.538408017603
2024-05-29,PROD-008,151,14541.477215269975
2024-05-30,PROD-008,191,17439.895060598574
2024-05-31,PROD-008,195,8803.90156717054
2024-06-01,PROD-008,127,17671.958088018295
2024-06-02,PROD-008,147,8312.184916186003
2024-06-03,PROD-008,183,24833.8396404772
2024-06-04,PROD-008,236,31355.744431727257
2024-06-05,PROD-008,171,19809.766660065507
2024-06-06,PROD-008,235,18706.61628990801
2024-06-07,PROD-008,172,6057.0025112376015
2024-06-08,PROD-008,133,8799.928705956181
2024-06-09,PROD-008,125,6079.5386455437565
2024-06-10,PROD-008,234,21231.428123316186
2024-06-11,PROD-008,243,8995.717927388972
2024-06-12,PROD-008,185,24183.632111096682
2024-06-13,PROD-008,142,15292.961069874651
2024-06-14,PROD-008,173,16572.437731878654
2024-06-15,PROD-008,157,10975.03008150903
2024-06-16,PROD-008,96,13652.53386039492
2024-06-17,PROD-008,215,6737.770543284242
2024-06-18,PROD-008,230,34170.93167229217
2024-06-19,PROD-008,253,27507.221078900857
2024-06-20,PROD-008,163,19945.19094352257
2024-06-21,PROD-008,196,11763.030337182425
2024-06-22,PROD-008,130,14244.84874161016
2024-06-23,PROD-008,149,16992.221182109235
2024-06-24,PROD-008,206,26225.85765565387
2024-06-25,PROD-008,191,16727.109203790817
2024-06-26,PROD-008,190,7144.450860061015
2024-06-27,PROD-008,191,21693.61195005642
2024-06-28,PROD-008,208,18540.06086407306
2024-06-29,PROD-008,155,10712.552306649373
2024-06-30,PROD-008,152,3935.422130774545
2024-07-01,PROD-008,193,14139.972560709519
2024-07-02,PROD-008,155,13976.561225983807
2024-07-03,PROD-008,268,14464.32328149577
2024-07-04,PROD-008,159,20982.062369726224
2024-07-05,PROD-008,279,8411.804176692718
2024-07-06,PROD-008,101,11002.072000530565
2024-07-07,PROD-008,98,6175.168062990911
2024-07-08,PROD-008,242,12538.718474201969
2024-07-09,PROD-008,174,15374.063382940345
2024-07-10,PROD-008,230,5895.362738760387
2024-07-11,PROD-008,235,31365.273404383588
2024-07-12,PROD-008,184,5867.656590984641
2024-07-13,PROD-008,175,16576.72888951828
2024-07-14,PROD-008,167,15074.576361970021
2024-07-15,PROD-008,214,25298.557821225524
2024-07-16,PROD-008,276,17479.372261293993
2024-07-17,PROD-008,190,22500.11353864882
2024-07-18,PROD-008,282,13402.682845077688
2024-07-19,PROD-008,167,21168.06188657097
2024-07-20,PROD-008,106,14552.894181568134
2024-07-21,PROD-008,174,6593.172907746907
2024-07-22,PROD-008,260,7881.837330341551
2024-07-23,PROD-008,213,20884.755651993408
2024-07-24,PROD-008,285,8989.071549829452
2024-07-25,PROD-008,275,21308.117153880383
2024-07-26,PROD-008,206,18903.009391077085
2024-07-27,PROD-008,144,6854.147509056986
2024-07-28,PROD-008,178,7541.175782188086
2024-07-29,PROD-008,270,25523.34983190706
2024-07-30,PROD-008,299,22889.745971425877
2024-07-31,PROD-008,168,13207.333842300239
2024-08-01,PROD-008,217,6643.155784485193
2024-08-02,PROD-008,234,21360.393631252708
2024-08-03,PROD-008,191,17775.19930892627
2024-08-04,PROD-008,117,5302.888853539878
2024-08-05,PROD-008,280,8159.236852018145
2024-08-06,PROD-008,215,27750.24582078793
2024-08-07,PROD-008,215,7588.537565089294
2024-08-08,PROD-008,292,13896.076707378
2024-08-09,PROD-008,193,16688.64681297897
2024-08-10,PROD-008,126,7363.292465375432
2024-08-11,PROD-008,195,5060.5650351850145
2024-08-12,PROD-008,289,42829.6907942117
2024-08-13,PROD-008,200,10560.14335285901
2024-08-14,PROD-008,247,14057.060210010448
2024-08-15,PROD-008,195,10744.884009314801
2024-08-16,PROD-008,172,24050.766067129764
2024-08-17,PROD-008,189,27466.771715597624
2024-08-18,PROD-008,162,8949.226767684851
2024-08-19,PROD-008,272,23767.79264384815
2024-08-20,PROD-008,174,16082.178266335732
2024-08-21,PROD-008,174,22525.93986984574
2024-08-22,PROD-008,216,7693.300816006545
2024-08-23,PROD-008,204,27431.25182190371
2024-08-24,PROD-008,138,20263.676959311888
2024-08-25,PROD-008,190,11544.822344332073
2024-08-26,PROD-008,224,24252.55722763533
2024-08-27,PROD-008,191,8817.02752763586
2024-08-28,PROD-008,318,43072.452645723184
2024-08-29,PROD-008,225,13584.900662392649
2024-08-30,PROD-008,193,20779.185521329735
2024-08-31,PROD-008,191,13980.714215788983
2024-09-01,PROD-008,117,6829.182408537511
2024-09-02,PROD-008,247,22448.97685096181
2024-09-03,PROD-008,251,6847.542400650723
2024-09-04,PROD-008,182,26101.22551577035
2024-09-05,PROD-008,262,23203.222151825616
2024-09-06,PROD-008,179,26442.499621364906
2024-09-07,PROD-008,116,17383.989026636602
2024-09-08,PROD-008,184,7531.224472790907
2024-09-09,PROD-008,203,24303.78158226964
2024-09-10,PROD-008,263,10876.688288672365
2024-09-11,PROD-008,266,29202.421359668402
2024-09-12,PROD-008,222,14730.972095933266
2024-09-13,PROD-008,251,25379.90695086713
2024-09-14,PROD-008,178,14719.977292288044
2024-09-15,PROD-008,182,5120.973396732034
2024-09-16,PROD-008,282,20146.337124986923
2024-09-17,PROD-008,312,38821.79789333564
2024-09-18,PROD-008,303,19816.853683210385
2024-09-19,PROD-008,276,20590.754490494593
2024-09-20,PROD-008,193,27024.16336530323
2024-09-21,PROD-008,129,11420.89557159554
2024-09-22,PROD-008,153,14304.170038790442
2024-09-23,PROD-008,195,16176.254123013052
2024-09-24,PROD-008,180,8776.980944456434
2024-09-25,PROD-008,218,10025.847975976896
2024-09-26,PROD-008,243,30015.64293453403
2024-09-27,PROD-008,211,27924.849141649498
2024-09-28,PROD-008,113,7913.100816826083
2024-09-29,PROD-008,137,9492.568608558317
2024-09-30,PROD-008,303,21178.894077533772
2024-10-01,PROD-008,173,6670.705711516178
2024-10-02,PROD-008,308,10531.128377058178
2024-10-03,PROD-008,284,39970.995713636505
2024-10-04,PROD-008,210,15229.3616286527
2024-10-05,PROD-008,161,22972.30155589934
2024-10-06,PROD-008,137,18898.614123483563
2024-10-07,PROD-008,170,8704.841822237058
2024-10-08,PROD-008,215,8636.038866811889
2024-10-09,PROD-008,200,21762.608926905308
2024-10-10,PROD-008,266,13322.316286886413
2024-10-11,PROD-008,226,12263.27726268793
2024-10-12,PROD-008,122,11670.647849308529
2024-10-13,PROD-008,104,4088.619071128994
2024-10-14,PROD-008,167,11577.146483345616
2024-10-15,PROD-008,234,8393.106658508457
2024-10-16,PROD-008,227,11516.447510031545
2024-10-17,PROD-008,167,22304.443860069365
2024-10-18,PROD-008,266,15433.977101418073
2024-10-19,PROD-008,114,7519.606394510222
2024-10-20,PROD-008,132,18318.70421887708
2024-10-21,PROD-008,197,11018.05816440076
2024-10-22,PROD-008,290,26938.843829321046
2024-10-23,PROD-008,228,30933.323241482984
2024-10-24,PROD-008,186,11567.217588134405
2024-10-25,PROD-008,204,10983.184131766706
2024-10-26,PROD-008,116,14617.997982203016
2024-10-27,PROD-008,129,14000.239514241472
2024-10-28,PROD-008,189,22204.798586473727
2024-10-29,PROD-008,209,28189.124806476077
2024-10-30,PROD-008,247,30978.334061244354
2024-10-31,PROD-008,168,10163.21905384302
2024-11-01,PROD-008,158,7138.303365390775
2024-11-02,PROD-008,96,13821.404774942223
2024-11-03,PROD-008,166,11307.849139085538
2024-11-04,PROD-008,175,19259.383839037404
2024-11-05,PROD-008,179,8281.05086060175
2024-11-06,PROD-008,155,8788.625616883155
2024-11-07,PROD-008,184,9266.846442777898
2024-11-08,PROD-008,233,10760.39434954634
2024-11-09,PROD-008,103,7869.730794885181
2024-11-10,PROD-008,121,17710.361236031247
2024-11-11,PROD-008,247,15312.60961537778
2024-11-12,PROD-008,227,29320.496126569324
2024-11-13,PROD-008,248,11214.436943283648
2024-11-14,PROD-008,166,4466.590194606347
2024-11-15,PROD-008,154,6360.788407787087
2024-11-16,PROD-008,114,11730.77081310584
2024-11-17,PROD-008,137,3641.2654168401345
2024-11-18,PROD-008,188,22157.712978231128
2024-11-19,PROD-008,161,6575.279173481892
2024-11-20,PROD-008,242,15119.994338147162
2024-11-21,PROD-008,215,6687.694436878965
2024-11-22,PROD-008,205,13350.680493588128
2024-11-23,PROD-008,153,16997.93006965006
2024-11-24,PROD-008,89,9359.85103883857
2024-11-25,PROD-008,240,13880.469878719348
2024-11-26,PROD-008,236,31971.867392404583
2024-11-27,PROD-008,218,27045.0072360819
2024-11-28,PROD-008,155,13794.856569262649
2024-11-29,PROD-008,156,21557.609621716263
2024-11-30,PROD-008,120,15270.023481736283
2024-12-01,PROD-008,87,4270.305145851344
2024-12-02,PROD-008,158,12217.106879252164
2024-12-03,PROD-008,201,7962.160710516913
2024-12-04,PROD-008,217,19094.670255659494
2024-12-05,PROD-008,128,14990.097499496213
2024-12-06,PROD-008,229,13580.337547363826
2024-12-07,PROD-008,137,18083.29128205913
2024-12-08,PROD-008,96,3254.325136941967
2024-12-09,PROD-008,187,12599.505869086686
2024-12-10,PROD-008,219,18302.642845927327
2024-12-11,PROD-008,160,17891.257888979777
2024-12-12,PROD-008,124,17238.3962068127
2024-12-13,PROD-008,164,5100.785169651003
2024-12-14,PROD-008,81,4841.890181816533
2024-12-15,PROD-008,108,3339.4561133039065
2024-12-16,PROD-008,164,9558.625635571898
2024-12-17,PROD-008,145,20518.71476994527
2024-12-18,PROD-008,179,21522.465414723396
2024-12-19,PROD-008,119,13023.257945048097
2024-12-20,PROD-008,189,20367.988124793173
2024-12-21,PROD-008,99,12167.72691624976
2024-12-22,PROD-008,112,3308.948639757663
2024-12-23,PROD-008,174,25990.898052703746
2024-12-24,PROD-008,197,17284.067498615106
2024-12-25,PROD-008,114,12509.993631424299
2024-12-26,PROD-008,167,4996.639549960981
2024-12-27,PROD-008,157,17374.842791702213
2024-12-28,PROD-008,95,5890.8244104130545
2024-12-29,PROD-008,84,6716.700484693073
2024-12-30,PROD-008,163,21869.70681892915
2024-12-31,PROD-008,180,9337.843349706773
2025-01-01,PROD-008,171,12811.041189355376
2025-01-02,PROD-008,130,6634.0054495700415
2025-01-03,PROD-008,173,15364.94015362741
2025-01-04,PROD-008,82,8255.30290160477
2025-01-05,PROD-008,67,8133.799965495251
2025-01-06,PROD-008,164,18969.858340378174
2025-01-07,PROD-008,147,21277.695968997163
2025-01-08,PROD-008,194,15731.759424863354
2025-01-09,PROD-008,110,9261.154865676397
2025-01-10,PROD-008,120,3425.07440946609
2025-01-11,PROD-008,81,10128.393635586583
2025-01-12,PROD-008,113,6086.295197909095
2025-01-13,PROD-008,141,9184.888515156863
2025-01-14,PROD-008,153,4036.938629414949
2025-01-15,PROD-008,158,15266.200550924108
2025-01-16,PROD-008,129,16618.215454894478
2025-01-17,PROD-008,105,12169.218454286394
2025-01-18,PROD-008,109,4288.053409637704
2025-01-19,PROD-008,112,8674.511574708707
2025-01-20,PROD-008,161,14640.443705544318
2025-01-21,PROD-008,111,9747.674984673407
2025-01-22,PROD-008,139,10790.280852319767
2025-01-23,PROD-008,133,14581.956655490732
2025-01-24,PROD-008,148,16408.41864390612
2025-01-25,PROD-008,107,3836.5287859745813
2025-01-26,PROD-008,69,7841.938528321287
2025-01-27,PROD-008,127,6066.315389204653
2025-01-28,PROD-008,128,16187.8098719886
2025-01-29,PROD-008,152,22640.051114304806
2025-01-30,PROD-008,147,21356.278543604563
2025-01-31,PROD-008,169,21832.841070111524
2025-02-01,PROD-008,64,5555.9633657503455
2025-02-02,PROD-008,66,9165.166104783755
2025-02-03,PROD-008,112,6847.40746500337
2025-02-04,PROD-008,123,18445.647106082044
2025-02-05,PROD-008,150,5904.1657296682515
2025-02-06,PROD-008,92,7602.66041833777
2025-02-07,PROD-008,165,16387.213310042494
2025-02-08,PROD-008,61,5203.927272776698
2025-02-09,PROD-008,58,3208.318086305211
2025-02-10,PROD-008,160,16510.949208190927
2025-02-11,PROD-008,109,4242.325238269977
2025-02-12,PROD-008,157,15033.801293314264
2025-02-13,PROD-008,136,18837.7525409903
2025-02-14,PROD-008,130,17114.703202505567
2025-02-15,PROD-008,83,2188.9176144023336
2025-02-16,PROD-008,63,7893.428985420816
2025-02-17,PROD-008,117,11797.880817076766
2025-02-18,PROD-008,92,7258.452704822797
2025-02-19,PROD-008,140,17490.33906529607
2025-02-20,PROD-008,138,10170.244423798718
2025-02-21,PROD-008,146,9358.258046916248
2025-02-22,PROD-008,90,11192.43391320479
2025-02-23,PROD-008,95,11784.498642868548
2025-02-24,PROD-008,101,12813.44088739721
2025-02-25,PROD-008,91,11719.663736733059
2025-02-26,PROD-008,105,8941.076678334555
2025-02-27,PROD-008,151,6780.309806100121
2025-02-28,PROD-008,130,14088.840628923777
2025-03-01,PROD-008,85,7961.393164518658
2025-03-02,PROD-008,91,12840.173390232576
2025-03-03,PROD-008,161,20986.649873923674
2025-03-04,PROD-008,108,4507.361382072948
2025-03-05,PROD-008,99,5434.587349973375
2025-03-06,PROD-008,112,2855.8533378306347
2025-03-07,PROD-008,107,8058.760412002513
2025-03-08,PROD-008,81,7041.951841400779
2025-03-09,PROD-008,93,8207.31691587292
2025-03-10,PROD-008,99,4716.521409506176
2025-03-11,PROD-008,147,20841.536183228374
2025-03-12,PROD-008,91,7491.006296375369
2025-03-13,PROD-008,157,23458.837866684975
2025-03-14,PROD-008,113,14533.383857672394
2025-03-15,PROD-008,102,8272.67877263665
2025-03-16,PROD-008,97,5712.805120060476
2025-03-17,PROD-008,126,7692.158131250827
2025-03-18,PROD-008,142,18252.035511471262
2025-03-19,PROD-008,170,4831.106218169419
2025-03-20,PROD-008,137,20122.80872538609
2025-03-21,PROD-008,115,17231.56147894017
2025-03-22,PROD-008,73,7144.6634391615935
2025-03-23,PROD-008,73,7872.995700916489
2025-03-24,PROD-008,133,9183.51855167143
2025-03-25,PROD-008,158,22808.383380178624
2025-03-26,PROD-008,141,11368.932646077274
2025-03-27,PROD-008,142,14699.64357696215
2025-03-28,PROD-008,121,17816.32447196321
2025-03-29,PROD-008,69,4461.034373915099
2025-03-30,PROD-008,107,14078.698766700256
2025-03-31,PROD-008,112,9207.847170579993
2025-04-01,PROD-008,131,6203.095225548225
2025-04-02,PROD-008,132,10126.758576559143
2025-04-03,PROD-008,120,6825.341603759162
2025-04-04,PROD-008,181,16476.159909457823
2025-04-05,PROD-008,113,16664.427197757417
2025-04-06,PROD-008,78,4366.650636247627
2025-04-07,PROD-008,107,10945.01659039175
2025-04-08,PROD-008,131,8729.517066802291
2025-04-09,PROD-008,127,4935.3259228782445
2025-04-10,PROD-008,177,22592.45871982118
2025-04-11,PROD-008,149,7906.204556574645
2025-04-12,PROD-008,78,6872.035603486278
2025-04-13,PROD-008,113,13710.389822514484
2025-04-14,PROD-008,153,15164.6514423434
2025-04-15,PROD-008,124,8095.221503831385
2025-04-16,PROD-008,189,24089.911003104437
2025-04-17,PROD-008,153,15939.236515139168
2025-04-18,PROD-008,190,16344.767443398365
2025-04-19,PROD-008,82,11824.642209617494
2025-04-20,PROD-008,107,8089.1628141611345
2025-04-21,PROD-008,173,14374.22431642143
2025-04-22,PROD-008,160,6284.3965716428775
2025-04-23,PROD-008,189,24826.65413913546
2025-04-24,PROD-008,117,7257.484752467461
2025-04-25,PROD-008,204,13450.789355595289
2025-04-26,PROD-008,89,3054.715966768643
2025-04-27,PROD-008,106,10653.281641788177
2025-04-28,PROD-008,166,7737.232728583782
2025-04-29,PROD-008,150,6061.714127281307
2025-04-30,PROD-008,165,12623.279806162369
2025-05-01,PROD-008,214,31074.843676151584
2025-05-02,PROD-008,177,10227.687934878466
2025-05-03,PROD-008,121,6378.706468249896
2025-05-04,PROD-008,90,8319.610520914785
2025-05-05,PROD-008,217,23401.471097113114
2025-05-06,PROD-008,196,16020.693577203076
2025-05-07,PROD-008,193,5959.605220949976
2025-05-08,PROD-008,176,25635.24267249196
2025-05-09,PROD-008,183,11110.254696746839
2025-05-10,PROD-008,111,16056.057716276573
2025-05-11,PROD-008,125,13267.20237485677
2025-05-12,PROD-008,128,15480.824676195181
2025-05-13,PROD-008,198,25887.8157371087
2025-05-14,PROD-008,185,6253.737364819253
2025-05-15,PROD-008,189,22868.103511192166
2025-05-16,PROD-008,210,28831.65551593729
2025-05-17,PROD-008,140,19583.543790838354
2025-05-18,PROD-008,137,11578.271734618605
2025-05-19,PROD-008,133,17460.802898395385
2025-05-20,PROD-008,231,11486.794361773002
2025-05-21,PROD-008,156,5576.238840826185
2025-05-22,PROD-008,178,20780.052859324096
2025-05-23,PROD-008,185,15871.93248590677
2025-05-24,PROD-008,157,14285.548342050915
2025-05-25,PROD-008,133,15621.218600508719
2025-05-26,PROD-008,252,37652.34971985826
2025-05-27,PROD-008,181,9457.637007167345
2025-05-28,PROD-008,138,14681.096068901654
2025-05-29,PROD-008,240,30247.384869946916
2025-05-30,PROD-008,158,9200.914056700305
2025-05-31,PROD-008,160,20531.11211832217
2025-06-01,PROD-008,106,12794.943886721532
2025-06-02,PROD-008,225,29167.079116625857
2025-06-03,PROD-008,265,23091.32833833419
2025-06-04,PROD-008,159,23451.51607325902
2025-06-05,PROD-008,238,23678.59924531165
2025-06-06,PROD-008,247,18922.215229649326
2025-06-07,PROD-008,142,4446.94923850616
2025-06-08,PROD-008,158,11101.596622230541
2025-06-09,PROD-008,233,20240.826250114027
2025-06-10,PROD-008,185,14216.516049406486
2025-06-11,PROD-008,178,21776.35526037791
2025-06-12,PROD-008,222,16219.456793146084
2025-06-13,PROD-008,183,14927.644036930675
2025-06-14,PROD-008,153,4445.022567282464
2025-06-15,PROD-008,155,12978.910355841897
2025-06-16,PROD-008,239,14134.93014295465
2025-06-17,PROD-008,227,27811.75041852891
2025-06-18,PROD-008,246,30584.716305987633
2025-06-19,PROD-008,244,16931.7290101904
2025-06-20,PROD-008,165,4384.429668020157
2025-06-21,PROD-008,110,5867.827466899669
2025-06-22,PROD-008,173,7239.554920339429
2025-06-23,PROD-008,179,15341.739260962036
2025-06-24,PROD-008,266,16695.682067115842
2025-06-25,PROD-008,239,7331.589397332839
2025-06-26,PROD-008,197,25173.973500065953
2025-06-27,PROD-008,249,26348.232286045142
2025-06-28,PROD-008,173,6351.566433888863
2025-06-29,PROD-008,162,19572.63059273613
2025-06-30,PROD-008,306,11330.29399896707
2025-07-01,PROD-008,228,30655.609282104728
2025-07-02,PROD-008,306,24186.39382827458
2025-07-03,PROD-008,305,10241.708066400784
2025-07-04,PROD-008,235,29885.898543395037
2025-07-05,PROD-008,138,10656.806848323205
2025-07-06,PROD-008,198,11637.995607312327
2025-07-07,PROD-008,300,35308.40127605538
2025-07-08,PROD-008,269,11487.133203378922
2025-07-09,PROD-008,282,41977.70519989217
2025-07-10,PROD-008,229,25056.17457692362
2025-07-11,PROD-008,299,43113.10734701499
2025-07-12,PROD-008,146,12199.276265316574
2025-07-13,PROD-008,197,8851.297966545631
2025-07-14,PROD-008,199,6558.892295213954
2025-07-15,PROD-008,298,38102.23520063381
2025-07-16,PROD-008,184,21246.601622361897
2025-07-17,PROD-008,234,32443.372721395146
2025-07-18,PROD-008,214,19257.38437473286
2025-07-19,PROD-008,149,14006.258988798816
2025-07-20,PROD-008,173,14747.601224174276
2025-07-21,PROD-008,220,17116.959391707915
2025-07-22,PROD-008,254,35111.61103951429
2025-07-23,PROD-008,284,20938.419534161636
2025-07-24,PROD-008,231,33702.45971960332
2025-07-25,PROD-008,335,24809.29530366206
2025-07-26,PROD-008,129,11758.806797851377
2025-07-27,PROD-008,207,19311.553193187487
2025-07-28,PROD-008,279,36901.09047984324
2025-07-29,PROD-008,222,27221.53642856103
2025-07-30,PROD-008,219,11614.675056435366
2025-07-31,PROD-008,199,22420.20505713856
2025-08-01,PROD-008,191,26980.823686160973
2025-08-02,PROD-008,208,12566.977619110992
2025-08-03,PROD-008,120,15803.766582643084
2025-08-04,PROD-008,210,23325.903491094858
2025-08-05,PROD-008,214,25807.161349231224
2025-08-06,PROD-008,243,14245.10156393326
2025-08-07,PROD-008,220,7116.402559082864
2025-08-08,PROD-008,304,28264.427605831457
2025-08-09,PROD-008,189,18808.53083193736
2025-08-10,PROD-008,164,23235.45924821641
2025-08-11,PROD-008,226,14322.19051405733
2025-08-12,PROD-008,213,9833.880576791376
2025-08-13,PROD-008,341,29164.18265826977
2025-08-14,PROD-008,329,33948.9006062635
2025-08-15,PROD-008,216,26707.525974191896
2025-08-16,PROD-008,179,9048.190195970277
2025-08-17,PROD-008,134,16581.417706304073
2025-08-18,PROD-008,334,18747.00788752311
2025-08-19,PROD-008,240,12117.990207412424
2025-08-20,PROD-008,337,32370.56386741571
2025-08-21,PROD-008,286,27899.911375314885
2025-08-22,PROD-008,312,43896.97780930975
2025-08-23,PROD-008,203,26824.44732545591
2025-08-24,PROD-008,201,14598.163047270476
2025-08-25,PROD-008,218,29773.874909443803
2025-08-26,PROD-008,305,26416.754347581453
2025-08-27,PROD-008,196,21851.48636141795
2025-08-28,PROD-008,253,10535.466331747457
2025-08-29,PROD-008,323,14748.79092784645
2025-08-30,PROD-008,146,3940.7653955812207
2025-08-31,PROD-008,157,21150.061448349934
2025-09-01,PROD-008,223,10595.975927502079
2025-09-02,PROD-008,236,13533.902072876715
2025-09-03,PROD-008,330,43501.46808545669
2025-09-04,PROD-008,286,19622.10995368426
2025-09-05,PROD-008,264,12930.836472604464
2025-09-06,PROD-008,190,15288.878979527439
2025-09-07,PROD-008,192,5198.108954147937
2025-09-08,PROD-008,285,32899.73421921266
2025-09-09,PROD-008,240,24314.047364523747
2025-09-10,PROD-008,259,13535.653476360678
2025-09-11,PROD-008,339,38968.128732134486
2025-09-12,PROD-008,198,23134.468350248142
2025-09-13,PROD-008,162,19913.918782838027
2025-09-14,PROD-008,174,12256.035966822004
2025-09-15,PROD-008,348,36742.739328890886
2025-09-16,PROD-008,192,6926.370562470914
2025-09-17,PROD-008,330,12105.365504497448
2025-09-18,PROD-008,215,19616.30303964051
2025-09-19,PROD-008,322,21960.988249109792
2025-09-20,PROD-008,191,17506.405282558404
2025-09-21,PROD-008,205,16559.65833328943
2025-09-22,PROD-008,245,6291.161288468282
2025-09-23,PROD-008,221,28001.66258025786
2025-09-24,PROD-008,216,10373.070857473675
2025-09-25,PROD-008,299,21392.767341486448
2025-09-26,PROD-008,239,11750.026867303995
2025-09-27,PROD-008,145,14022.617334590142
2025-09-28,PROD-008,214,28596.63535101442
2025-09-29,PROD-008,341,18011.67980650856
2025-09-30,PROD-008,258,33061.6214279101
2025-10-01,PROD-008,274,28320.231834615188
2025-10-02,PROD-008,278,41146.26321534502
2025-10-03,PROD-008,326,11881.417857138991
2025-10-04,PROD-008,125,3773.956180207364
2025-10-05,PROD-008,137,5080.170411133812
2025-10-06,PROD-008,297,17108.437300942875
2025-10-07,PROD-008,225,17150.46184538182
2025-10-08,PROD-008,239,25580.645168308718
2025-10-09,PROD-008,301,23880.7593139363
2025-10-10,PROD-008,291,40762.53580651768
2025-10-11,PROD-008,200,28353.287832156217
2025-10-12,PROD-008,131,6508.0347872397715
2025-10-13,PROD-008,221,23561.803777993104
2025-10-14,PROD-008,231,22605.643227360502
2025-10-15,PROD-008,284,17794.599931367673
2025-10-16,PROD-008,279,14697.312655717882
2025-10-17,PROD-008,240,11022.250278417108
2025-10-18,PROD-008,132,17400.43900833628
2025-10-19,PROD-008,125,4908.34510435435
2025-10-20,PROD-008,309,35486.60323115638
2025-10-21,PROD-008,256,24514.780852446565
2025-10-22,PROD-008,208,26003.814025819935
2025-10-23,PROD-008,244,18855.840575831116
2025-10-24,PROD-008,257,15124.795872485774
2025-10-25,PROD-008,199,29766.005185581496
2025-10-26,PROD-008,203,11045.592335125591
2025-10-27,PROD-008,272,18417.822234975178
2025-10-28,PROD-008,264,14957.804079012965
2025-10-29,PROD-008,276,20317.022122407467
2025-10-30,PROD-008,306,38082.95796558608
2025-10-31,PROD-008,252,19955.52491723754
2025-11-01,PROD-008,189,11506.977120974225
2025-11-02,PROD-008,126,17124.0875314198
2025-11-03,PROD-008,297,10795.917217654047
2025-11-04,PROD-008,187,7237.661866062176
2025-11-05,PROD-008,293,35794.3775344579
2025-11-06,PROD-008,281,29509.485702115886
2025-11-07,PROD-008,212,18006.10667195051
2025-11-08,PROD-008,123,11918.262177007957
2025-11-09,PROD-008,132,6402.085097950115
2025-11-10,PROD-008,166,11234.42657599661
2025-11-11,PROD-008,228,20719.78491709942
2025-11-12,PROD-008,199,13611.564274692888
2025-11-13,PROD-008,162,23192.896767489026
2025-11-14,PROD-008,225,24028.13983390891
2025-11-15,PROD-008,133,16569.249142559573
2025-11-16,PROD-008,115,13309.138556033095
2025-11-17,PROD-008,184,11424.942666551871
2025-11-18,PROD-008,157,15877.559281713287
2025-11-19,PROD-008,246,25860.861572862108
2025-11-20,PROD-008,188,11491.703891317064
2025-11-21,PROD-008,178,24106.049011875242
2025-11-22,PROD-008,154,20450.22695854583
2025-11-23,PROD-008,99,11749.753358574608
2025-11-24,PROD-008,167,6767.01274486147
2025-11-25,PROD-008,200,7762.207512292247
2025-11-26,PROD-008,187,12954.391729052051
2025-11-27,PROD-008,211,24812.12038578098
2025-11-28,PROD-008,221,7408.938615519367
2025-11-29,PROD-008,134,16638.431918041275
2025-11-30,PROD-008,161,15997.167343613863
2025-12-01,PROD-008,185,13359.333996868962
2025-12-02,PROD-008,183,12881.038111306269
2025-12-03,PROD-008,240,21765.419926523457
2025-12-04,PROD-008,150,7281.006520117324
2025-12-05,PROD-008,250,36252.96750134933
2025-12-06,PROD-008,160,6607.642291639222
2025-12-07,PROD-008,149,18084.22616343873
2025-12-08,PROD-008,195,9248.877888172357
2025-12-09,PROD-008,165,4147.03435752041
2025-12-10,PROD-008,232,24275.69222424547
2025-12-11,PROD-008,177,12221.682695429376
2025-12-12,PROD-008,187,23234.34773880496
2025-12-13,PROD-008,100,14170.17198361733
2025-12-14,PROD-008,157,6273.472705883572
2025-12-15,PROD-008,147,8351.25059632852
2025-12-16,PROD-008,148,12870.009558158481
2025-12-17,PROD-008,133,7350.775631648727
2025-12-18,PROD-008,151,9815.732509216054
2025-12-19,PROD-008,214,30145.496272096512
2025-12-20,PROD-008,126,9745.827785251122
2025-12-21,PROD-008,138,13786.23020626409
2025-12-22,PROD-008,149,18811.845686994668
2025-12-23,PROD-008,148,8680.167173599713
2025-12-24,PROD-008,217,22477.239794443994
2025-12-25,PROD-008,219,10518.200940244715
2025-12-26,PROD-008,184,11508.606091986827
2025-12-27,PROD-008,95,9000.223224885904
2025-12-28,PROD-008,87,10685.876622094027
2025-12-29,PROD-008,180,20114.876924928467
2025-12-30,PROD-008,185,16247.397740195673
2025-12-31,PROD-008,207,27304.908963264123
2026-01-01,PROD-008,177,9287.676234592764
2026-01-02,PROD-008,134,14295.685250486007
2026-01-03,PROD-008,82,10588.977833685778
2026-01-04,PROD-008,92,5181.900154030616
2026-01-05,PROD-008,180,7464.993316750758
2026-01-06,PROD-008,128,6872.769384170304
2026-01-07,PROD-008,118,6854.486702576982
2026-01-08,PROD-008,176,9099.727376287525
2026-01-09,PROD-008,121,10612.356923080557
2026-01-10,PROD-008,109,7200.698743308322
2026-01-11,PROD-008,99,14136.130607790357
2026-01-12,PROD-008,135,7816.6321444569185
2026-01-13,PROD-008,136,10743.230424330992
2026-01-14,PROD-008,175,7886.305426075836
2026-01-15,PROD-008,152,22370.015401501827
2026-01-16,PROD-008,113,15997.073263955956
2026-01-17,PROD-008,114,10791.643442902756
2026-01-18,PROD-008,76,5564.910303465946
2026-01-19,PROD-008,144,7178.732033345434
2026-01-20,PROD-008,139,4847.11549114078
2026-01-21,PROD-008,117,5839.0419105950505
2026-01-22,PROD-008,170,19861.977091545137
2026-01-23,PROD-008,163,6126.175350905418
2026-01-24,PROD-008,104,5078.5630788922335
2026-01-25,PROD-008,69,9743.851960631
2026-01-26,PROD-008,160,5844.586221824813
2026-01-27,PROD-008,149,4565.038360709704
2026-01-28,PROD-008,149,8520.889859232893
2026-01-29,PROD-008,131,13827.75953652314
2026-01-30,PROD-008,109,14571.80569765643
2026-01-31,PROD-008,68,6146.907630702766
2026-02-01,PROD-008,102,9704.38403759566
2026-02-02,PROD-008,179,24766.68667114721
2026-02-03,PROD-008,115,16496.802717752595
2026-02-04,PROD-008,111,9475.876093210105
2026-02-05,PROD-008,127,11576.558228412798
2026-02-06,PROD-008,136,8612.90497477363
2026-02-07,PROD-008,91,3822.7964165192584
2026-02-08,PROD-008,70,8456.566774380557
2026-02-09,PROD-008,179,16035.924994602696
2026-02-10,PROD-008,109,5545.702454003447
2026-02-11,PROD-008,131,13176.837958016737
2026-02-12,PROD-008,111,13465.489271307204
2026-02-13,PROD-008,118,9723.498266710796
2021-02-14,PROD-009,39,4246.108847335982
2021-02-15,PROD-009,71,2526.712678912925
2021-02-16,PROD-009,56,5481.569773680921
2021-02-17,PROD-009,83,11397.760145836013
2021-02-18,PROD-009,73,6701.571023657855
2021-02-19,PROD-009,55,5540.568563506379
2021-02-20,PROD-009,43,2493.8227912222073
2021-02-21,PROD-009,57,6613.919322584854
2021-02-22,PROD-009,69,5836.446643663894
2021-02-23,PROD-009,78,8978.638288445642
2021-02-24,PROD-009,92,2585.512324810725
2021-02-25,PROD-009,89,3753.3249461886026
2021-02-26,PROD-009,94,12627.625394974591
2021-02-27,PROD-009,50,5742.5733913347085
2021-02-28,PROD-009,62,3926.808925606977
2021-03-01,PROD-009,90,7102.846108397125
2021-03-02,PROD-009,86,12691.910996456825
2021-03-03,PROD-009,73,2164.289968685441
2021-03-04,PROD-009,65,9187.97911558434
2021-03-05,PROD-009,86,11030.422898268982
2021-03-06,PROD-009,62,8872.783388257823
2021-03-07,PROD-009,46,4427.952118137274
2021-03-08,PROD-009,77,8605.760075946517
2021-03-09,PROD-009,100,9223.382892669695
2021-03-10,PROD-009,57,4283.480234143555
2021-03-11,PROD-009,69,8599.571754112687
2021-03-12,PROD-009,56,8187.274643184309
2021-03-13,PROD-009,62,8921.628787034684
2021-03-14,PROD-009,36,1101.7175073933245
2021-03-15,PROD-009,89,8762.502317274035
2021-03-16,PROD-009,57,7375.62602103956
2021-03-17,PROD-009,66,9816.52751451164
2021-03-18,PROD-009,97,3694.8806837910693
2021-03-19,PROD-009,56,6810.957364187164
2021-03-20,PROD-009,64,8509.199317619512
2021-03-21,PROD-009,63,1949.1587678078984
2021-03-22,PROD-009,92,12252.816872015876
2021-03-23,PROD-009,66,6794.8223533626515
2021-03-24,PROD-009,97,9098.950633577922
2021-03-25,PROD-009,57,3197.484872136408
2021-03-26,PROD-009,75,8066.989124146102
2021-03-27,PROD-009,39,5614.500207122431
2021-03-28,PROD-009,57,6912.682646745409
2021-03-29,PROD-009,58,6047.122510321751
2021-03-30,PROD-009,68,9269.900308667036
2021-03-31,PROD-009,96,5788.599055604151
2021-04-01,PROD-009,66,3433.2490279089216
2021-04-02,PROD-009,70,3110.9183255463718
2021-04-03,PROD-009,48,3755.7627556077996
2021-04-04,PROD-009,54,5871.258077582077
2021-04-05,PROD-009,106,6774.892909438173
2021-04-06,PROD-009,75,5545.577080571879
2021-04-07,PROD-009,100,8936.756148608716
2021-04-08,PROD-009,86,4744.327299464797
2021-04-09,PROD-009,88,11214.499250781744
2021-04-10,PROD-009,62,5942.002787276685
2021-04-11,PROD-009,54,4959.28427360738
2021-04-12,PROD-009,80,2267.091382862573
2021-04-13,PROD-009,75,7354.7506314905995
2021-04-14,PROD-009,104,2645.814767226489
2021-04-15,PROD-009,116,4123.307828311297
2021-04-16,PROD-009,75,1929.1533802454596
2021-04-17,PROD-009,56,8247.124799934056
2021-04-18,PROD-009,49,4525.608050490846
2021-04-19,PROD-009,83,5894.00436565889
2021-04-20,PROD-009,114,16272.490878946197
2021-04-21,PROD-009,93,8560.155794211058
2021-04-22,PROD-009,81,4931.35257695739
2021-04-23,PROD-009,93,6155.569936175228
2021-04-24,PROD-009,80,8807.445952489521
2021-04-25,PROD-009,60,4906.9665336666
2021-04-26,PROD-009,106,9236.228438830662
2021-04-27,PROD-009,81,3947.793836765179
2021-04-28,PROD-009,118,11391.338851442624
2021-04-29,PROD-009,87,7291.887305472732
2021-04-30,PROD-009,108,6551.219473940908
2021-05-01,PROD-009,47,3927.8730968397776
2021-05-02,PROD-009,58,8090.06419579218
2021-05-03,PROD-009,95,7811.199459255919
2021-05-04,PROD-009,90,4419.764967143383
2021-05-05,PROD-009,102,5020.499878851303
2021-05-06,PROD-009,115,5394.86775351572
2021-05-07,PROD-009,105,14542.773908765004
2021-05-08,PROD-009,80,2267.3290949363336
2021-05-09,PROD-009,74,2124.9054768021356
2021-05-10,PROD-009,120,17872.480070560676
2021-05-11,PROD-009,87,3782.1263467964436
2021-05-12,PROD-009,122,4987.454086666742
2021-05-13,PROD-009,80,4172.2888568883345
2021-05-14,PROD-009,103,3747.4322084773867
2021-05-15,PROD-009,85,12711.362703624147
2021-05-16,PROD-009,85,6456.901515238869
2021-05-17,PROD-009,140,8987.922404782024
2021-05-18,PROD-009,134,6084.087802208737
2021-05-19,PROD-009,154,11283.779239291562
2021-05-20,PROD-009,149,4661.426319810365
2021-05-21,PROD-009,107,11222.613802747826
2021-05-22,PROD-009,55,4558.644991008204
2021-05-23,PROD-009,95,5468.505635613503
2021-05-24,PROD-009,96,14262.156355379548
2021-05-25,PROD-009,122,11119.151207126744
2021-05-26,PROD-009,123,3233.433508719556
2021-05-27,PROD-009,118,3302.4414908821564
2021-05-28,PROD-009,128,14096.603086580039
2021-05-29,PROD-009,96,12747.506655757501
2021-05-30,PROD-009,86,9152.830828024671
2021-05-31,PROD-009,96,2588.4483180957413
2021-06-01,PROD-009,99,11013.641637744824
2021-06-02,PROD-009,97,5940.804548093495
2021-06-03,PROD-009,132,9533.798156839
2021-06-04,PROD-009,99,5624.320896137881
2021-06-05,PROD-009,61,4593.016232346595
2021-06-06,PROD-009,65,8651.371863785953
2021-06-07,PROD-009,117,8294.8439735158
2021-06-08,PROD-009,109,5978.734328551044
2021-06-09,PROD-009,123,13090.89642459665
2021-06-10,PROD-009,99,9183.461211744934
2021-06-11,PROD-009,123,16836.503780150542
2021-06-12,PROD-009,108,2999.0983779110115
2021-06-13,PROD-009,106,5536.880172597784
2021-06-14,PROD-009,124,10207.808674420474
2021-06-15,PROD-009,119,10672.704734864274
2021-06-16,PROD-009,109,14789.76202478572
2021-06-17,PROD-009,158,14058.096506177853
2021-06-18,PROD-009,133,3338.0945727327735
2021-06-19,PROD-009,95,10696.616613926395
2021-06-20,PROD-009,90,10491.459434405362
2021-06-21,PROD-009,127,15045.422540820446
2021-06-22,PROD-009,128,8283.673112221626
2021-06-23,PROD-009,124,11397.741537722668
2021-06-24,PROD-009,160,9822.79674007793
2021-06-25,PROD-009,195,26566.49588470677
2021-06-26,PROD-009,69,8316.223220965281
2021-06-27,PROD-009,69,1968.891236447154
2021-06-28,PROD-009,154,9514.918359468424
2021-06-29,PROD-009,151,4556.291104226616
2021-06-30,PROD-009,169,13158.778475136023
2021-07-01,PROD-009,126,17598.56428618169
2021-07-02,PROD-009,140,10193.289860366729
2021-07-03,PROD-009,70,10349.12149215957
2021-07-04,PROD-009,95,8563.365517980114
2021-07-05,PROD-009,145,5584.7333894000585
2021-07-06,PROD-009,147,7738.997672197999
2021-07-07,PROD-009,141,6712.581099506323
2021-07-08,PROD-009,183,19853.562608934186
2021-07-09,PROD-009,170,12287.619071443287
2021-07-10,PROD-009,93,8107.362127614037
2021-07-11,PROD-009,130,15059.3292432169
2021-07-12,PROD-009,204,7103.392784970382
2021-07-13,PROD-009,183,9032.920642166508
2021-07-14,PROD-009,204,24995.79739881192
2021-07-15,PROD-009,122,12152.1418078304
2021-07-16,PROD-009,217,19747.264042738407
2021-07-17,PROD-009,133,14970.832386060687
2021-07-18,PROD-009,83,3607.715528141152
2021-07-19,PROD-009,127,6735.590723756094
2021-07-20,PROD-009,218,20952.0765394246
2021-07-21,PROD-009,148,7020.742910030279
2021-07-22,PROD-009,209,12037.840334143617
2021-07-23,PROD-009,170,21787.276741618916
2021-07-24,PROD-009,85,9030.126592567563
2021-07-25,PROD-009,135,12726.935208585335
2021-07-26,PROD-009,195,25110.062381243595
2021-07-27,PROD-009,180,11320.501985422005
2021-07-28,PROD-009,123,4673.47801628689
2021-07-29,PROD-009,207,28854.461183280433
2021-07-30,PROD-009,225,25853.18701154263
2021-07-31,PROD-009,122,15828.554961064368
2021-08-01,PROD-009,116,9012.124304560819
2021-08-02,PROD-009,228,12806.408776569835
2021-08-03,PROD-009,220,7003.833876307432
2021-08-04,PROD-009,171,13787.702470408476
2021-08-05,PROD-009,161,16619.564585932607
2021-08-06,PROD-009,188,10664.493991928646
2021-08-07,PROD-009,141,15994.361352100896
2021-08-08,PROD-009,88,5705.543939348398
2021-08-09,PROD-009,170,12242.467208515784
2021-08-10,PROD-009,143,11825.435500289153
2021-08-11,PROD-009,207,11715.09088783673
2021-08-12,PROD-009,149,16540.5675090966
2021-08-13,PROD-009,167,21004.09495918683
2021-08-14,PROD-009,144,16527.21273067676
2021-08-15,PROD-009,87,10101.047059045703
2021-08-16,PROD-009,232,13482.108427845555
2021-08-17,PROD-009,164,16998.45757699617
2021-08-18,PROD-009,141,14932.194413325917
2021-08-19,PROD-009,146,20836.942042316703
2021-08-20,PROD-009,205,6815.72754588208
2021-08-21,PROD-009,90,2493.3470960094
2021-08-22,PROD-009,149,15338.007092934973
2021-08-23,PROD-009,209,16747.705307007764
2021-08-24,PROD-009,234,34804.58129300639
2021-08-25,PROD-009,233,18870.52095420033
2021-08-26,PROD-009,206,17386.659618868096
2021-08-27,PROD-009,148,10351.052475760707
2021-08-28,PROD-009,120,8950.80813681106
2021-08-29,PROD-009,97,10013.710717970313
2021-08-30,PROD-009,142,13325.529057822447
2021-08-31,PROD-009,167,20336.05945396135
2021-09-01,PROD-009,192,23246.71169669008
2021-09-02,PROD-009,171,11116.93978031009
2021-09-03,PROD-009,162,7704.338107480579
2021-09-04,PROD-009,146,4389.347229231317
2021-09-05,PROD-009,100,13106.78718892591
2021-09-06,PROD-009,161,5297.5410625669265
2021-09-07,PROD-009,201,9301.088235908033
2021-09-08,PROD-009,149,16588.48344417074
2021-09-09,PROD-009,224,13862.124710179844
2021-09-10,PROD-009,204,20690.051571392258
2021-09-11,PROD-009,133,19110.664363040145
2021-09-12,PROD-009,144,4235.089705131137
2021-09-13,PROD-009,150,17002.731433974117
2021-09-14,PROD-009,164,13686.921679550442
2021-09-15,PROD-009,219,32686.790514131724
2021-09-16,PROD-009,168,22105.16459532499
2021-09-17,PROD-009,129,8878.221248156304
2021-09-18,PROD-009,136,16782.07846920326
2021-09-19,PROD-009,109,6191.867326819813
2021-09-20,PROD-009,185,22413.310633247485
2021-09-21,PROD-009,231,28926.58541722711
2021-09-22,PROD-009,138,7935.757036710285
2021-09-23,PROD-009,210,12272.163356652762
2021-09-24,PROD-009,226,6183.728640134087
2021-09-25,PROD-009,117,3278.7519214764598
2021-09-26,PROD-009,84,12279.652598139834
2021-09-27,PROD-009,228,14026.576238580803
2021-09-28,PROD-009,211,12359.378081532797
2021-09-29,PROD-009,230,13355.806802799203
2021-09-30,PROD-009,156,21199.776351341945
2021-10-01,PROD-009,219,15492.221074858438
2021-10-02,PROD-009,109,14322.57911388373
2021-10-03,PROD-009,102,11690.347846069386
2021-10-04,PROD-009,154,5433.483579425902
2021-10-05,PROD-009,126,6177.971725800012
2021-10-06,PROD-009,135,3751.3892974711002
2021-10-07,PROD-009,161,6337.865882075405
2021-10-08,PROD-009,145,20721.614882544705
2021-10-09,PROD-009,126,16156.719709436473
2021-10-10,PROD-009,89,6112.59318554018
2021-10-11,PROD-009,200,19825.39903357393
2021-10-12,PROD-009,144,14595.340138466026
2021-10-13,PROD-009,126,11525.358915854282
2021-10-14,PROD-009,208,30345.882873327708
2021-10-15,PROD-009,158,6402.817887674497
2021-10-16,PROD-009,130,6175.099800645119
2021-10-17,PROD-009,91,8163.058680278467
2021-10-18,PROD-009,217,10949.966633064356
2021-10-19,PROD-009,148,20273.57450538584
2021-10-20,PROD-009,164,8751.620238747972
2021-10-21,PROD-009,138,8853.95810231554
2021-10-22,PROD-009,201,9681.81517289582
2021-10-23,PROD-009,127,12217.297419173256
2021-10-24,PROD-009,84,8936.601898927278
2021-10-25,PROD-009,193,23938.319613729695
2021-10-26,PROD-009,171,21624.28335529032
2021-10-27,PROD-009,182,8613.191510993898
2021-10-28,PROD-009,149,11848.593134169332
2021-10-29,PROD-009,172,10073.722678771175
2021-10-30,PROD-009,78,8881.337687602747
2021-10-31,PROD-009,124,4885.4050862951835
2021-11-01,PROD-009,142,18924.00410949672
2021-11-02,PROD-009,158,8452.050019182245
2021-11-03,PROD-009,194,11532.804200352148
2021-11-04,PROD-009,168,19746.975820014493
2021-11-05,PROD-009,138,7566.355113747271
2021-11-06,PROD-009,122,10372.643090903826
2021-11-07,PROD-009,94,2909.911953228879
2021-11-08,PROD-009,178,12582.821209923062
2021-11-09,PROD-009,187,13437.352448003881
2021-11-10,PROD-009,192,23894.75276872958
2021-11-11,PROD-009,180,8394.874092676433
2021-11-12,PROD-009,116,10460.979563059162
2021-11-13,PROD-009,110,4549.212465046178
2021-11-14,PROD-009,118,3385.205122626058
2021-11-15,PROD-009,134,9799.085364530809
2021-11-16,PROD-009,192,7064.578814744261
2021-11-17,PROD-009,125,17247.8866222322
2021-11-18,PROD-009,139,20502.85279949018
2021-11-19,PROD-009,154,5318.177234171385
2021-11-20,PROD-009,116,7668.653289109887
2021-11-21,PROD-009,107,3798.9981885272896
2021-11-22,PROD-009,104,9917.300332836627
2021-11-23,PROD-009,114,11137.446212069543
2021-11-24,PROD-009,170,25204.50083165269
2021-11-25,PROD-009,108,5742.772411095929
2021-11-26,PROD-009,182,13364.100520061551
2021-11-27,PROD-009,100,2611.9336558834298
2021-11-28,PROD-009,109,6794.33286656569
2021-11-29,PROD-009,181,23475.068791589463
2021-11-30,PROD-009,122,11941.207013898507
2021-12-01,PROD-009,111,13530.433709534786
2021-12-02,PROD-009,99,5372.416536047607
2021-12-03,PROD-009,128,11420.531408489962
2021-12-04,PROD-009,91,11706.19564087141
2021-12-05,PROD-009,80,7007.831442532046
2021-12-06,PROD-009,154,10898.01776388106
2021-12-07,PROD-009,161,8482.107012670258
2021-12-08,PROD-009,134,15555.638949109227
2021-12-09,PROD-009,99,8768.860059040073
2021-12-10,PROD-009,128,5677.048714177114
2021-12-11,PROD-009,72,2272.6200810999712
2021-12-12,PROD-009,75,3492.5220631971474
2021-12-13,PROD-009,101,15045.590427007934
2021-12-14,PROD-009,137,4174.644830471873
2021-12-15,PROD-009,151,13209.138374064325
2021-12-16,PROD-009,139,6577.856921734578
2021-12-17,PROD-009,99,6750.3458939996435
2021-12-18,PROD-009,98,10219.832394080413
2021-12-19,PROD-009,91,10824.810519500954
2021-12-20,PROD-009,160,23060.733814833846
2021-12-21,PROD-009,121,5059.137848257199
2021-12-22,PROD-009,139,20691.40767641266
2021-12-23,PROD-009,104,9996.410050556406
2021-12-24,PROD-009,128,5196.136674969218
2021-12-25,PROD-009,84,4610.2422107937855
2021-12-26,PROD-009,88,6370.060030214946
2021-12-27,PROD-009,140,19638.672541112795
2021-12-28,PROD-009,96,12778.775068733987
2021-12-29,PROD-009,125,15635.333777646261
2021-12-30,PROD-009,123,6904.397005222743
2021-12-31,PROD-009,83,7664.703490948911
2022-01-01,PROD-009,52,4127.430467504173
2022-01-02,PROD-009,85,2857.36466439524
2022-01-03,PROD-009,118,12007.297126643496
2022-01-04,PROD-009,98,4499.243567207537
2022-01-05,PROD-009,121,3334.7396292131875
2022-01-06,PROD-009,114,6924.826179815432
2022-01-07,PROD-009,124,16495.751271245812
2022-01-08,PROD-009,50,5183.977784624424
2022-01-09,PROD-009,64,2049.150546608294
2022-01-10,PROD-009,90,8371.448953590327
2022-01-11,PROD-009,92,3056.207753054713
2022-01-12,PROD-009,97,12067.87880084208
2022-01-13,PROD-009,82,10906.700390606155
2022-01-14,PROD-009,121,15919.700220063343
2022-01-15,PROD-009,52,2578.5076504657914
2022-01-16,PROD-009,82,4826.843246745626
2022-01-17,PROD-009,109,12218.74573604134
2022-01-18,PROD-009,111,15578.386025878206
2022-01-19,PROD-009,119,4156.038854109735
2022-01-20,PROD-009,89,8532.071896996968
2022-01-21,PROD-009,124,10577.55215522614
2022-01-22,PROD-009,76,9919.751122317539
2022-01-23,PROD-009,62,5407.85173198052
2022-01-24,PROD-009,121,17801.590305488684
2022-01-25,PROD-009,114,14830.632977045123
2022-01-26,PROD-009,100,7961.726753457095
2022-01-27,PROD-009,92,5046.711434156479
2022-01-28,PROD-009,88,8438.429356443967
2022-01-29,PROD-009,62,8411.866091037691
2022-01-30,PROD-009,68,5908.855367101275
2022-01-31,PROD-009,91,13116.558653878254
2022-02-01,PROD-009,125,18180.369038611934
2022-02-02,PROD-009,124,6200.2053087946915
2022-02-03,PROD-009,109,4161.979802483037
2022-02-04,PROD-009,101,4934.511146243397
2022-02-05,PROD-009,69,8623.074473453236
2022-02-06,PROD-009,60,6749.857146424723
2022-02-07,PROD-009,93,7538.145337457223
2022-02-08,PROD-009,85,3914.9889205674713
2022-02-09,PROD-009,116,4255.012369030485
2022-02-10,PROD-009,70,10285.149569593133
2022-02-11,PROD-009,74,5875.680294819092
2022-02-12,PROD-009,51,3254.639258709746
2022-02-13,PROD-009,46,4195.306423772041
2022-02-14,PROD-009,110,15789.03513173161
2022-02-15,PROD-009,113,14724.757404546994
2022-02-16,PROD-009,104,14334.539753569577
2022-02-17,PROD-009,104,14658.759814633362
2022-02-18,PROD-009,80,9710.124208717205
2022-02-19,PROD-009,48,2812.3910357907394
2022-02-20,PROD-009,74,7814.874950122043
2022-02-21,PROD-009,97,13130.832110867888
2022-02-22,PROD-009,83,10904.794848678566
2022-02-23,PROD-009,120,8812.33699732273
2022-02-24,PROD-009,94,7952.109193391006
2022-02-25,PROD-009,78,2306.3392040066396
2022-02-26,PROD-009,67,4794.43699062015
2022-02-27,PROD-009,62,6142.869401603084
2022-02-28,PROD-009,91,4763.503075097471
2022-03-01,PROD-009,118,5862.910350148022
2022-03-02,PROD-009,84,10106.718545509171
2022-03-03,PROD-009,71,9746.391683896112
2022-03-04,PROD-009,111,3655.5226589959307
2022-03-05,PROD-009,43,5431.434735629505
2022-03-06,PROD-009,55,5393.165894322913
2022-03-07,PROD-009,115,12645.890665126757
2022-03-08,PROD-009,96,3590.4768684868654
2022-03-09,PROD-009,122,10310.292162405105
2022-03-10,PROD-009,85,6563.335461973096
2022-03-11,PROD-009,82,3312.0050332167
2022-03-12,PROD-009,72,5826.9746215395635
2022-03-13,PROD-009,56,3096.7326165101576
2022-03-14,PROD-009,117,14712.673434745178
2022-03-15,PROD-009,89,7529.015406487575
2022-03-16,PROD-009,110,11335.816560024994
2022-03-17,PROD-009,119,16065.274295300342
2022-03-18,PROD-009,73,5374.87303263723
2022-03-19,PROD-009,52,7568.370394072632
2022-03-20,PROD-009,77,6296.607682592655
2022-03-21,PROD-009,81,3137.961500636427
2022-03-22,PROD-009,112,14010.209567424781
2022-03-23,PROD-009,108,11069.534547554606
2022-03-24,PROD-009,126,8632.874244597388
2022-03-25,PROD-009,78,8712.478779815609
2022-03-26,PROD-009,75,5467.608579031674
2022-03-27,PROD-009,74,7643.244945789932
2022-03-28,PROD-009,131,6212.240765343248
2022-03-29,PROD-009,78,11078.125473046051
2022-03-30,PROD-009,82,8407.449948778742
2022-03-31,PROD-009,74,4935.143311590304
2022-04-01,PROD-009,79,4991.292885523217
2022-04-02,PROD-009,72,6080.560968494232
2022-04-03,PROD-009,49,4002.125604909894
2022-04-04,PROD-009,99,7397.169236875334
2022-04-05,PROD-009,101,8338.154996829677
2022-04-06,PROD-009,74,4720.693573021253
2022-04-07,PROD-009,90,9822.97112461476
2022-04-08,PROD-009,80,5641.2352916077225
2022-04-09,PROD-009,55,7501.6827642506705
2022-04-10,PROD-009,74,3517.3856466972
2022-04-11,PROD-009,110,9688.570206958893
2022-04-12,PROD-009,136,11664.713078411305
2022-04-13,PROD-009,87,3076.6747737110813
2022-04-14,PROD-009,125,12854.200743146692
2022-04-15,PROD-009,130,7737.356848097812
2022-04-16,PROD-009,55,8148.187367208258
2022-04-17,PROD-009,58,4984.328902669745
2022-04-18,PROD-009,146,19165.455962596858
2022-04-19,PROD-009,131,12641.176023286045
2022-04-20,PROD-009,96,13787.09798511253
2022-04-21,PROD-009,145,9234.524814549754
2022-04-22,PROD-009,132,7596.011651751962
2022-04-23,PROD-009,80,2829.566980032034
2022-04-24,PROD-009,53,7106.203910117293
2022-04-25,PROD-009,125,17470.91345724048
2022-04-26,PROD-009,129,7548.3433613098705
2022-04-27,PROD-009,116,4736.842542773319
2022-04-28,PROD-009,149,13982.755659240183
2022-04-29,PROD-009,116,7298.366818090294
2022-04-30,PROD-009,103,2664.5667365877684
2022-05-01,PROD-009,70,7293.016267612755
2022-05-02,PROD-009,129,8760.5524542442
2022-05-03,PROD-009,144,11341.283105216755
2022-05-04,PROD-009,118,8452.302008358018
2022-05-05,PROD-009,130,18935.124656280343
2022-05-06,PROD-009,120,3509.489651114968
2022-05-07,PROD-009,87,7723.587313639689
2022-05-08,PROD-009,88,3226.0313205421135
2022-05-09,PROD-009,101,6065.882021232847
2022-05-10,PROD-009,110,2957.066605885288
2022-05-11,PROD-009,106,11421.937813049828
2022-05-12,PROD-009,158,21599.45166410955
2022-05-13,PROD-009,110,7250.419190606921
2022-05-14,PROD-009,94,13103.544436862037
2022-05-15,PROD-009,81,7036.65159669791
2022-05-16,PROD-009,136,15782.054082209243
2022-05-17,PROD-009,158,12791.611504925946
2022-05-18,PROD-009,112,6752.863815069281
2022-05-19,PROD-009,163,14845.858432178064
2022-05-20,PROD-009,180,5942.145033636892
2022-05-21,PROD-009,70,8628.303750931585
2022-05-22,PROD-009,81,8385.955120700273
2022-05-23,PROD-009,105,13889.406710549129
2022-05-24,PROD-009,117,3848.972355218134
2022-05-25,PROD-009,181,24896.565357529103
2022-05-26,PROD-009,135,19964.669895281604
2022-05-27,PROD-009,178,16615.28668013355
2022-05-28,PROD-009,109,7587.790951704636
2022-05-29,PROD-009,76,6452.927847604716
2022-05-30,PROD-009,178,15041.389811733778
2022-05-31,PROD-009,155,13877.727034224139
2022-06-01,PROD-009,111,16183.339087278735
2022-06-02,PROD-009,167,8377.338135304082
2022-06-03,PROD-009,139,11727.238286656915
2022-06-04,PROD-009,109,6225.988051670545
2022-06-05,PROD-009,129,7563.613190779043
2022-06-06,PROD-009,120,10295.988731527861
2022-06-07,PROD-009,135,3654.9369455352803
2022-06-08,PROD-009,189,6769.336231677361
2022-06-09,PROD-009,142,10687.357882697357
2022-06-10,PROD-009,183,8289.178229018959
2022-06-11,PROD-009,120,15811.286743806833
2022-06-12,PROD-009,101,9443.14995598467
2022-06-13,PROD-009,149,19044.879880172204
2022-06-14,PROD-009,167,19308.11403253347
2022-06-15,PROD-009,204,10280.170907908727
2022-06-16,PROD-009,154,21375.483900446154
2022-06-17,PROD-009,158,9795.13292626704
2022-06-18,PROD-009,86,8275.53197174982
2022-06-19,PROD-009,99,9080.034355900758
2022-06-20,PROD-009,151,22205.142339223145
2022-06-21,PROD-009,225,30482.527049427506
2022-06-22,PROD-009,152,12243.09549654052
2022-06-23,PROD-009,184,23596.22744624486
2022-06-24,PROD-009,127,15274.824056092099
2022-06-25,PROD-009,82,8970.60473379801
2022-06-26,PROD-009,113,13886.213048547275
2022-06-27,PROD-009,232,30142.2337210898
2022-06-28,PROD-009,162,16556.317623334875
2022-06-29,PROD-009,234,19975.862590274814
2022-06-30,PROD-009,160,13603.439691715335
2022-07-01,PROD-009,136,12600.354845880667
2022-07-02,PROD-009,151,14379.163001676785
2022-07-03,PROD-009,100,10584.384716847886
2022-07-04,PROD-009,230,20195.441851719897
2022-07-05,PROD-009,239,32626.93047189565
2022-07-06,PROD-009,244,6181.078488137923
2022-07-07,PROD-009,222,18353.06826205479
2022-07-08,PROD-009,192,24898.584055696334
2022-07-09,PROD-009,155,11938.981975525823
2022-07-10,PROD-009,128,4634.303846141742
2022-07-11,PROD-009,166,11281.742580254135
2022-07-12,PROD-009,208,19745.037592800116
2022-07-13,PROD-009,198,6953.41094208599
2022-07-14,PROD-009,176,26196.33776376756
2022-07-15,PROD-009,255,30102.974684606343
2022-07-16,PROD-009,111,3025.946631434888
2022-07-17,PROD-009,126,4942.320024278517
2022-07-18,PROD-009,165,22739.92570031654
2022-07-19,PROD-009,153,22342.22566661223
2022-07-20,PROD-009,216,28611.092173803332
2022-07-21,PROD-009,204,21548.74099951466
2022-07-22,PROD-009,188,5298.96511013788
2022-07-23,PROD-009,100,6730.83125583131
2022-07-24,PROD-009,168,23563.861747717314
2022-07-25,PROD-009,230,10671.96676096872
2022-07-26,PROD-009,236,27017.63805680637
2022-07-27,PROD-009,191,14789.54567346093
2022-07-28,PROD-009,239,34457.70067092655
2022-07-29,PROD-009,235,27098.447642700656
2022-07-30,PROD-009,142,9658.992776679172
2022-07-31,PROD-009,117,4191.471450888001
2022-08-01,PROD-009,256,11920.957493923292
2022-08-02,PROD-009,155,4433.949738781033
2022-08-03,PROD-009,229,21532.313068838048
2022-08-04,PROD-009,200,22917.760236596067
2022-08-05,PROD-009,249,19918.78126736854
2022-08-06,PROD-009,176,7713.844222478116
2022-08-07,PROD-009,113,8964.735926856301
2022-08-08,PROD-009,232,12967.196600085943
2022-08-09,PROD-009,195,19839.60028714552
2022-08-10,PROD-009,248,24790.227199417437
2022-08-11,PROD-009,217,10965.255853740315
2022-08-12,PROD-009,237,9031.493965742826
2022-08-13,PROD-009,158,23270.087771782506
2022-08-14,PROD-009,146,9311.330063399773
2022-08-15,PROD-009,204,21099.73199329494
2022-08-16,PROD-009,239,13256.642897224421
2022-08-17,PROD-009,245,12359.17085092393
2022-08-18,PROD-009,262,36928.39951856456
2022-08-19,PROD-009,157,14867.2925269785
2022-08-20,PROD-009,139,14389.048536381353
2022-08-21,PROD-009,102,4985.503240301815
2022-08-22,PROD-009,189,23548.988285069074
2022-08-23,PROD-009,284,41762.04838787295
2022-08-24,PROD-009,259,11833.183681020251
2022-08-25,PROD-009,221,22735.71653504008
2022-08-26,PROD-009,193,9401.534463856397
2022-08-27,PROD-009,153,12460.42426569476
2022-08-28,PROD-009,128,6230.030970095744
2022-08-29,PROD-009,187,17330.6363136408
2022-08-30,PROD-009,251,37520.55645473896
2022-08-31,PROD-009,266,17137.51767772155
2022-09-01,PROD-009,217,7901.216990217563
2022-09-02,PROD-009,222,6600.126845025559
2022-09-03,PROD-009,160,9355.632005974305
2022-09-04,PROD-009,182,9169.40006099061
2022-09-05,PROD-009,278,27885.103139258732
2022-09-06,PROD-009,263,19028.473810902342
2022-09-07,PROD-009,255,38071.13049415837
2022-09-08,PROD-009,288,19631.01242093108
2022-09-09,PROD-009,257,27081.321292144155
2022-09-10,PROD-009,105,11836.106187954932
2022-09-11,PROD-009,158,5198.031013332494
2022-09-12,PROD-009,213,20772.408978204334
2022-09-13,PROD-009,186,26939.558514081502
2022-09-14,PROD-009,265,17516.833006746343
2022-09-15,PROD-009,157,10674.408827093894
2022-09-16,PROD-009,262,29172.268213574487
2022-09-17,PROD-009,178,18676.891328163212
2022-09-18,PROD-009,106,6679.816809540109
2022-09-19,PROD-009,213,13370.354170907665
2022-09-20,PROD-009,173,7249.524602507029
2022-09-21,PROD-009,269,25153.47103659551
2022-09-22,PROD-009,214,21965.123078401113
2022-09-23,PROD-009,248,34801.46464464372
2022-09-24,PROD-009,143,9656.343600749842
2022-09-25,PROD-009,178,22037.75325250871
2022-09-26,PROD-009,265,21041.123735643167
2022-09-27,PROD-009,260,37385.516519451856
2022-09-28,PROD-009,167,8774.877099025183
2022-09-29,PROD-009,173,21615.717507471476
2022-09-30,PROD-009,183,6567.00037857388
2022-10-01,PROD-009,110,8765.485646587587
2022-10-02,PROD-009,172,6389.060461847559
2022-10-03,PROD-009,183,13558.211225391924
2022-10-04,PROD-009,277,34375.16719519171
2022-10-05,PROD-009,218,8822.875083727069
2022-10-06,PROD-009,262,39138.29865735711
2022-10-07,PROD-009,171,21748.946887937884
2022-10-08,PROD-009,127,6843.90592791089
2022-10-09,PROD-009,111,5983.849329206779
2022-10-10,PROD-009,235,15066.02120784722
2022-10-11,PROD-009,237,27052.382792241584
2022-10-12,PROD-009,194,22441.972344529608
2022-10-13,PROD-009,262,19207.770429543365
2022-10-14,PROD-009,237,31113.48525578266
2022-10-15,PROD-009,113,11488.34324083638
2022-10-16,PROD-009,127,14381.769420659824
2022-10-17,PROD-009,220,23316.92017449572
2022-10-18,PROD-009,174,7468.847213908941
2022-10-19,PROD-009,192,23620.885488116364
2022-10-20,PROD-009,204,16373.746128451749
2022-10-21,PROD-009,263,26092.117382648907
2022-10-22,PROD-009,114,3334.4249665070524
2022-10-23,PROD-009,114,4673.868618064725
2022-10-24,PROD-009,236,22019.269260378795
2022-10-25,PROD-009,193,18798.062522776712
2022-10-26,PROD-009,175,11622.676997517246
2022-10-27,PROD-009,240,10103.129378424328
2022-10-28,PROD-009,232,31053.09903244522
2022-10-29,PROD-009,157,16125.072042415008
2022-10-30,PROD-009,136,9673.328257664009
2022-10-31,PROD-009,174,8444.149881137355
2022-11-01,PROD-009,149,16874.570261969333
2022-11-02,PROD-009,247,27273.067745695356
2022-11-03,PROD-009,229,32754.211170527993
2022-11-04,PROD-009,186,6869.311542727846
2022-11-05,PROD-009,146,7305.500718018713
2022-11-06,PROD-009,116,12501.735638218646
2022-11-07,PROD-009,214,15125.254966529821
2022-11-08,PROD-009,237,15975.110162637633
2022-11-09,PROD-009,217,28294.28127371087
2022-11-10,PROD-009,192,7825.687006920385
2022-11-11,PROD-009,235,19731.087163621938
2022-11-12,PROD-009,143,13828.808196238495
2022-11-13,PROD-009,136,5154.296043337335
2022-11-14,PROD-009,138,11085.281870948053
2022-11-15,PROD-009,212,25367.24818272727
2022-11-16,PROD-009,141,10593.306134939357
2022-11-17,PROD-009,199,27819.972883965314
2022-11-18,PROD-009,184,27074.255694347994
2022-11-19,PROD-009,119,12475.60838081463
2022-11-20,PROD-009,97,13052.864479185662
2022-11-21,PROD-009,135,3702.5763148275305
2022-11-22,PROD-009,213,11151.44512343778
2022-11-23,PROD-009,124,11549.49098775818
2022-11-24,PROD-009,171,10837.618532040926
2022-11-25,PROD-009,193,19456.954184744267
2022-11-26,PROD-009,134,16865.792316244322
2022-11-27,PROD-009,79,6165.680594266052
2022-11-28,PROD-009,197,6518.871940669874
2022-11-29,PROD-009,120,7759.559773224364
2022-11-30,PROD-009,155,20841.034074663472
2022-12-01,PROD-009,187,5956.237387978623
2022-12-02,PROD-009,189,8243.423468316912
2022-12-03,PROD-009,129,17652.80942537689
2022-12-04,PROD-009,134,8631.415930718842
2022-12-05,PROD-009,175,15422.14925927279
2022-12-06,PROD-009,129,6362.3849734259875
2022-12-07,PROD-009,177,14796.689152450544
2022-12-08,PROD-009,121,3799.1996257155956
2022-12-09,PROD-009,190,15967.718127968594
2022-12-10,PROD-009,79,2132.9313914124546
2022-12-11,PROD-009,119,4829.187351812037
2022-12-12,PROD-009,150,6929.995754115371
2022-12-13,PROD-009,154,7081.34848894053
2022-12-14,PROD-009,137,13592.09260520749
2022-12-15,PROD-009,124,7731.050386571978
2022-12-16,PROD-009,123,3994.797602321187
2022-12-17,PROD-009,106,14827.775794240477
2022-12-18,PROD-009,105,8535.184857720255
2022-12-19,PROD-009,167,18164.90508196859
2022-12-20,PROD-009,151,10515.774668032665
2022-12-21,PROD-009,187,7539.65354244597
2022-12-22,PROD-009,163,18234.836681413217
2022-12-23,PROD-009,177,8526.627936350424
2022-12-24,PROD-009,66,4692.989874462842
2022-12-25,PROD-009,105,4011.9977257448004
2022-12-26,PROD-009,138,9829.207102340417
2022-12-27,PROD-009,170,11826.458464276106
2022-12-28,PROD-009,105,11942.073065039793
2022-12-29,PROD-009,153,5383.219278755308
2022-12-30,PROD-009,156,22427.13027089405
2022-12-31,PROD-009,83,10576.209549976105
2023-01-01,PROD-009,79,4112.766401411427
2023-01-02,PROD-009,123,6047.186026039719
2023-01-03,PROD-009,132,5696.534159178308
2023-01-04,PROD-009,165,10012.43424354423
2023-01-05,PROD-009,136,8923.156366248668
2023-01-06,PROD-009,157,21459.52443126559
2023-01-07,PROD-009,60,4434.147184025934
2023-01-08,PROD-009,80,11697.625360153757
2023-01-09,PROD-009,100,9683.949766166988
2023-01-10,PROD-009,110,15189.618721061835
2023-01-11,PROD-009,104,5600.060802058569
2023-01-12,PROD-009,136,9942.561486370883
2023-01-13,PROD-009,162,6569.519492874056
2023-01-14,PROD-009,101,9837.664209580764
2023-01-15,PROD-009,98,3165.670117901558
2023-01-16,PROD-009,87,10046.840822164073
2023-01-17,PROD-009,117,9400.812124461132
2023-01-18,PROD-009,136,19073.68427295149
2023-01-19,PROD-009,112,16521.525546207067
2023-01-20,PROD-009,134,13066.368497814166
2023-01-21,PROD-009,57,6440.205810373116
2023-01-22,PROD-009,68,5631.745886023533
2023-01-23,PROD-009,103,10978.740926769695
2023-01-24,PROD-009,125,16106.874626575078
2023-01-25,PROD-009,133,6184.02571558242
2023-01-26,PROD-009,99,9384.643508273264
2023-01-27,PROD-009,96,3079.9951852916447
2023-01-28,PROD-009,93,8575.109443888356
2023-01-29,PROD-009,83,7358.52867310445
2023-01-30,PROD-009,137,4235.4842419563465
2023-01-31,PROD-009,147,14888.101635225194
2023-02-01,PROD-009,119,8695.136993233631
2023-02-02,PROD-009,143,14435.479278901681
2023-02-03,PROD-009,117,14843.879303369647
2023-02-04,PROD-009,72,8405.024020898081
2023-02-05,PROD-009,75,6376.482004855632
2023-02-06,PROD-009,126,18844.005562952545
2023-02-07,PROD-009,115,10292.424351622434
2023-02-08,PROD-009,80,10487.593661017245
2023-02-09,PROD-009,105,13821.598891935082
2023-02-10,PROD-009,141,6830.0751678054385
2023-02-11,PROD-009,86,4964.831288630955
2023-02-12,PROD-009,91,5589.484939535592
2023-02-13,PROD-009,96,12718.060753987915
2023-02-14,PROD-009,130,7711.138899666345
2023-02-15,PROD-009,94,13734.08928528491
2023-02-16,PROD-009,95,3014.3494001751665
2023-02-17,PROD-009,79,3592.6609696663904
2023-02-18,PROD-009,84,12130.798606266904
2023-02-19,PROD-009,82,11067.32429311084
2023-02-20,PROD-009,82,8749.68354436508
2023-02-21,PROD-009,108,3099.7801805912595
2023-02-22,PROD-009,92,11163.168457203668
2023-02-23,PROD-009,120,17943.332332708967
2023-02-24,PROD-009,93,10608.67869209656
2023-02-25,PROD-009,62,1745.0475544496499
2023-02-26,PROD-009,56,3941.9919706798546
2023-02-27,PROD-009,112,9575.641433691932
2023-02-28,PROD-009,141,4251.7031496048185
2023-03-01,PROD-009,101,4640.049708478836
2023-03-02,PROD-009,92,5087.9019212261155
2023-03-03,PROD-009,139,18663.16876011409
2023-03-04,PROD-009,57,5629.781433900383
2023-03-05,PROD-009,64,8219.866034665589
2023-03-06,PROD-009,139,19803.951564943443
2023-03-07,PROD-009,105,2752.9412790112406
2023-03-08,PROD-009,82,9604.350440995788
2023-03-09,PROD-009,88,10492.427171583331
2023-03-10,PROD-009,96,13735.402976497313
2023-03-11,PROD-009,55,2662.332824564572
2023-03-12,PROD-009,69,4642.3026479782175
2023-03-13,PROD-009,92,6905.4828985951
2023-03-14,PROD-009,134,15911.743510833865
2023-03-15,PROD-009,130,11632.224285219489
2023-03-16,PROD-009,124,6890.390084870042
2023-03-17,PROD-009,89,5638.381092516594
2023-03-18,PROD-009,72,8731.188593945364
2023-03-19,PROD-009,66,2767.313007073942
2023-03-20,PROD-009,117,16487.283694692047
2023-03-21,PROD-009,134,17177.24620994547
2023-03-22,PROD-009,108,3998.3840388912267
2023-03-23,PROD-009,94,11660.963749719767
2023-03-24,PROD-009,127,13849.601356177389
2023-03-25,PROD-009,97,7231.970933388154
2023-03-26,PROD-009,77,10509.504994533896
2023-03-27,PROD-009,139,12032.046834155895
2023-03-28,PROD-009,112,15798.598083034094
2023-03-29,PROD-009,135,17894.233169014966
2023-03-30,PROD-009,120,13860.755036442717
2023-03-31,PROD-009,121,8588.444264283731
2023-04-01,PROD-009,67,3397.6908197363327
2023-04-02,PROD-009,75,10199.875096798367
2023-04-03,PROD-009,112,14655.73852185225
2023-04-04,PROD-009,148,11741.10808731982
2023-04-05,PROD-009,107,6347.073241049429
2023-04-06,PROD-009,92,12822.934077977165
2023-04-07,PROD-009,144,16084.709451297695
2023-04-08,PROD-009,87,8980.427220406791
2023-04-09,PROD-009,102,3870.715045511271
2023-04-10,PROD-009,150,8765.338112480986
2023-04-11,PROD-009,93,12433.516146002721
2023-04-12,PROD-009,156,14894.274756854189
2023-04-13,PROD-009,164,6410.436872546282
2023-04-14,PROD-009,119,5670.6028639431115
2023-04-15,PROD-009,106,9601.25426370244
2023-04-16,PROD-009,102,6913.833403175864
2023-04-17,PROD-009,168,21325.657833021272
2023-04-18,PROD-009,135,4803.778640939965
2023-04-19,PROD-009,140,8285.372095512632
2023-04-20,PROD-009,124,7897.01497508486
2023-04-21,PROD-009,170,21743.29732863019
2023-04-22,PROD-009,87,12769.596365609752
2023-04-23,PROD-009,85,4198.488008965913
2023-04-24,PROD-009,103,5079.900921283665
2023-04-25,PROD-009,168,17683.337104999366
2023-04-26,PROD-009,109,12107.370098411511
2023-04-27,PROD-009,182,14336.066455718059
2023-04-28,PROD-009,127,5922.6768441155
2023-04-29,PROD-009,117,5078.261169312362
2023-04-30,PROD-009,104,7648.77101033249
2023-05-01,PROD-009,164,9169.851154278751
2023-05-02,PROD-009,156,11171.506785473872
2023-05-03,PROD-009,166,24138.896782598666
2023-05-04,PROD-009,141,12994.686806099906
2023-05-05,PROD-009,150,16278.168847133393
2023-05-06,PROD-009,72,9224.921441614792
2023-05-07,PROD-009,111,16264.853422528658
2023-05-08,PROD-009,144,12557.682209536277
2023-05-09,PROD-009,118,16533.305593145375
2023-05-10,PROD-009,184,22408.48084784649
2023-05-11,PROD-009,150,14849.502637557332
2023-05-12,PROD-009,122,6255.491860319175
2023-05-13,PROD-009,94,3072.1842135721968
2023-05-14,PROD-009,91,8730.727815482987
2023-05-15,PROD-009,190,7243.305886271164
2023-05-16,PROD-009,197,5554.4669064849995
2023-05-17,PROD-009,202,13347.104567088223
2023-05-18,PROD-009,147,8548.729998412893
2023-05-19,PROD-009,154,6905.598616254017
2023-05-20,PROD-009,78,3334.297387681893
2023-05-21,PROD-009,120,5782.962938952899
2023-05-22,PROD-009,123,10189.120559690993
2023-05-23,PROD-009,186,22539.990661337215
2023-05-24,PROD-009,172,10772.935655635461
2023-05-25,PROD-009,182,5772.60132854645
2023-05-26,PROD-009,157,5400.907853295434
2023-05-27,PROD-009,88,9021.593932727086
2023-05-28,PROD-009,103,7354.263401698136
2023-05-29,PROD-009,151,10469.61197386764
2023-05-30,PROD-009,172,13069.33367793257
2023-05-31,PROD-009,151,20387.1835156629
2023-06-01,PROD-009,146,19918.99349514472
2023-06-02,PROD-009,203,9944.052667390046
2023-06-03,PROD-009,127,16675.125502386145
2023-06-04,PROD-009,135,11686.84984107543
2023-06-05,PROD-009,148,12310.848595099784
2023-06-06,PROD-009,213,19486.82802073562
2023-06-07,PROD-009,194,27237.478624082323
2023-06-08,PROD-009,183,12060.396143730592
2023-06-09,PROD-009,157,11936.886918064001
2023-06-10,PROD-009,120,11345.353518316086
2023-06-11,PROD-009,142,9283.074351506753
2023-06-12,PROD-009,155,18441.16601329493
2023-06-13,PROD-009,188,11172.745648201097
2023-06-14,PROD-009,194,12279.414463404231
2023-06-15,PROD-009,254,9170.772435648609
2023-06-16,PROD-009,237,14742.211819800787
2023-06-17,PROD-009,136,19259.86233328473
2023-06-18,PROD-009,122,3406.133506695825
2023-06-19,PROD-009,196,28674.381961411236
2023-06-20,PROD-009,154,6480.924132698643
2023-06-21,PROD-009,161,5010.372591909148
2023-06-22,PROD-009,272,30196.63552181101
2023-06-23,PROD-009,258,14771.660727628829
2023-06-24,PROD-009,168,22424.17740173589
2023-06-25,PROD-009,128,15128.69335525376
2023-06-26,PROD-009,196,23388.593163711
2023-06-27,PROD-009,220,21697.067743462874
2023-06-28,PROD-009,227,26601.453903860376
2023-06-29,PROD-009,156,15269.646244248755
2023-06-30,PROD-009,266,13496.514682526189
2023-07-01,PROD-009,109,7970.444657337279
2023-07-02,PROD-009,152,8494.419687207517
2023-07-03,PROD-009,170,8203.281560671636
2023-07-04,PROD-009,238,15712.600815957296
2023-07-05,PROD-009,256,29213.823437964413
2023-07-06,PROD-009,256,21956.060971485538
2023-07-07,PROD-009,206,5406.854153239596
2023-07-08,PROD-009,148,5406.434473780051
2023-07-09,PROD-009,121,10115.00400493215
2023-07-10,PROD-009,199,17624.728338805184
2023-07-11,PROD-009,222,11377.471244755518
2023-07-12,PROD-009,248,18539.246928465906
2023-07-13,PROD-009,284,14025.830860842874
2023-07-14,PROD-009,230,26069.780245231897
2023-07-15,PROD-009,149,15743.07252732471
2023-07-16,PROD-009,163,5583.902417700316
2023-07-17,PROD-009,172,18213.136382175235
2023-07-18,PROD-009,250,15026.457025831658
2023-07-19,PROD-009,196,17957.737928849838
2023-07-20,PROD-009,201,5303.2153873695515
2023-07-21,PROD-009,200,26834.650163480354
2023-07-22,PROD-009,186,22391.289748279374
2023-07-23,PROD-009,143,20215.7089826168
2023-07-24,PROD-009,206,6402.615135839592
2023-07-25,PROD-009,262,6980.128368350056
2023-07-26,PROD-009,178,25651.878776132064
2023-07-27,PROD-009,208,8983.422534450732
2023-07-28,PROD-009,254,32083.64741202682
2023-07-29,PROD-009,141,11501.693209285819
2023-07-30,PROD-009,194,25189.729865280584
2023-07-31,PROD-009,217,7570.701095446589
2023-08-01,PROD-009,304,20626.254546329772
2023-08-02,PROD-009,224,12377.900087613007
2023-08-03,PROD-009,193,11903.492967468756
2023-08-04,PROD-009,285,16639.589454357392
2023-08-05,PROD-009,183,26164.336778097575
2023-08-06,PROD-009,156,16879.686565757518
2023-08-07,PROD-009,277,8180.3616041191
2023-08-08,PROD-009,263,25677.072926693447
2023-08-09,PROD-009,205,16943.074828323126
2023-08-10,PROD-009,237,31182.843611958495
2023-08-11,PROD-009,244,35100.301006367874
2023-08-12,PROD-009,206,21719.599688136113
2023-08-13,PROD-009,178,5925.404204223209
2023-08-14,PROD-009,307,36349.41043505864
2023-08-15,PROD-009,180,24418.265377482105
2023-08-16,PROD-009,253,27959.499737616727
2023-08-17,PROD-009,273,28208.471518736395
2023-08-18,PROD-009,319,35201.65531443257
2023-08-19,PROD-009,130,15756.776882890927
2023-08-20,PROD-009,184,10644.8236993371
2023-08-21,PROD-009,190,15207.105231924263
2023-08-22,PROD-009,311,37714.06215402552
2023-08-23,PROD-009,244,18257.379988503137
2023-08-24,PROD-009,265,26048.61643398198
2023-08-25,PROD-009,309,32528.666550347305
2023-08-26,PROD-009,165,17142.86399238084
2023-08-27,PROD-009,124,5507.649761657027
2023-08-28,PROD-009,296,20871.11970129036
2023-08-29,PROD-009,280,20209.78405643311
2023-08-30,PROD-009,194,16702.521866088424
2023-08-31,PROD-009,250,9116.479232668833
2023-09-01,PROD-009,221,15807.946752270465
2023-09-02,PROD-009,184,16166.964368919253
2023-09-03,PROD-009,148,11983.860425309605
2023-09-04,PROD-009,226,14879.482471924484
2023-09-05,PROD-009,315,28573.34337755868
2023-09-06,PROD-009,232,14987.718231207215
2023-09-07,PROD-009,286,20219.787525976524
2023-09-08,PROD-009,290,41583.73125031637
2023-09-09,PROD-009,157,13768.036294541971
2023-09-10,PROD-009,158,9619.715298577974
2023-09-11,PROD-009,324,17391.355106120547
2023-09-12,PROD-009,242,25536.561034084436
2023-09-13,PROD-009,327,21500.941014241595
2023-09-14,PROD-009,222,18083.48775899009
2023-09-15,PROD-009,301,38712.87010093237
2023-09-16,PROD-009,184,7461.027205268308
2023-09-17,PROD-009,148,17510.70770862172
2023-09-18,PROD-009,321,26101.712816273415
2023-09-19,PROD-009,324,14042.100131563255
2023-09-20,PROD-009,323,31111.908964087514
2023-09-21,PROD-009,296,36895.96933155246
2023-09-22,PROD-009,221,23250.793864016166
2023-09-23,PROD-009,187,8967.537844290724
2023-09-24,PROD-009,114,10028.041098066322
2023-09-25,PROD-009,237,13831.352883971971
2023-09-26,PROD-009,265,11295.293527137432
2023-09-27,PROD-009,195,6917.300087924023
2023-09-28,PROD-009,299,24253.12874670085
2023-09-29,PROD-009,291,34558.82756845513
2023-09-30,PROD-009,142,7339.59472249211
2023-10-01,PROD-009,125,17580.139758634177
2023-10-02,PROD-009,178,20832.60138037379
2023-10-03,PROD-009,308,11684.641550279472
2023-10-04,PROD-009,300,43030.334499342825
2023-10-05,PROD-009,189,11038.629660221346
2023-10-06,PROD-009,296,40124.03261383861
2023-10-07,PROD-009,121,7426.33108030377
2023-10-08,PROD-009,145,17643.678861911816
2023-10-09,PROD-009,253,27177.24353569809
2023-10-10,PROD-009,204,24260.151366620077
2023-10-11,PROD-009,309,31602.789749328917
2023-10-12,PROD-009,291,17373.718021607652
2023-10-13,PROD-009,290,40874.656584070945
2023-10-14,PROD-009,176,16856.549482465736
2023-10-15,PROD-009,109,11593.424560974752
2023-10-16,PROD-009,216,29832.29676727734
2023-10-17,PROD-009,189,7989.327703201583
2023-10-18,PROD-009,255,8307.71564021367
2023-10-19,PROD-009,252,21235.845900708788
2023-10-20,PROD-009,179,13804.467583631254
2023-10-21,PROD-009,107,7035.0174697173925
2023-10-22,PROD-009,114,11142.374974600001
2023-10-23,PROD-009,255,27501.03282205528
2023-10-24,PROD-009,285,33884.81370743059
2023-10-25,PROD-009,180,11562.628893695479
2023-10-26,PROD-009,171,24515.302707619976
2023-10-27,PROD-009,189,19007.252451258624
2023-10-28,PROD-009,161,11679.526128866164
2023-10-29,PROD-009,176,26269.644042765416
2023-10-30,PROD-009,271,22795.996749949438
2023-10-31,PROD-009,239,34062.841249641635
2023-11-01,PROD-009,164,14843.961240275805
2023-11-02,PROD-009,242,6379.505679488999
2023-11-03,PROD-009,159,18047.50380372185
2023-11-04,PROD-009,174,10570.480842603098
2023-11-05,PROD-009,160,6420.730303145491
2023-11-06,PROD-009,173,18729.784400796707
2023-11-07,PROD-009,186,11287.650872134202
2023-11-08,PROD-009,177,8462.82283160573
2023-11-09,PROD-009,254,14796.400438516619
2023-11-10,PROD-009,216,31940.271820225615
2023-11-11,PROD-009,160,22986.723624644856
2023-11-12,PROD-009,165,6852.570552027162
2023-11-13,PROD-009,232,18450.222958868224
2023-11-14,PROD-009,273,36448.752177677576
2023-11-15,PROD-009,187,15318.92496257777
2023-11-16,PROD-009,245,32033.270737801395
2023-11-17,PROD-009,182,19299.93170518333
2023-11-18,PROD-009,97,3588.2545727852
2023-11-19,PROD-009,159,17397.25141805924
2023-11-20,PROD-009,145,8188.933024992965
2023-11-21,PROD-009,220,19043.139023271084
2023-11-22,PROD-009,149,19659.61900258405
2023-11-23,PROD-009,181,14337.228074370421
2023-11-24,PROD-009,161,21223.151655970738
2023-11-25,PROD-009,127,10015.006563245975
2023-11-26,PROD-009,90,9721.665951017047
2023-11-27,PROD-009,163,6306.843687365231
2023-11-28,PROD-009,171,24934.772337795283
2023-11-29,PROD-009,142,14032.943235585131
2023-11-30,PROD-009,228,18335.344961936575
2023-12-01,PROD-009,189,19586.87544609141
2023-12-02,PROD-009,103,3601.9546765951454
2023-12-03,PROD-009,119,6232.320627383915
2023-12-04,PROD-009,182,13641.356217200331
2023-12-05,PROD-009,178,8661.801928576806
2023-12-06,PROD-009,240,15374.53523473804
2023-12-07,PROD-009,222,26628.312370856835
2023-12-08,PROD-009,190,17328.616445126794
2023-12-09,PROD-009,88,6022.863217780468
2023-12-10,PROD-009,98,14589.669763541988
2023-12-11,PROD-009,205,15557.951507392538
2023-12-12,PROD-009,175,4460.063635027866
2023-12-13,PROD-009,218,11031.044597805892
2023-12-14,PROD-009,140,5905.3590151469025
2023-12-15,PROD-009,215,11913.296711425404
2023-12-16,PROD-009,82,10938.269499882557
2023-12-17,PROD-009,114,11597.75616082743
2023-12-18,PROD-009,156,10734.297644833616
2023-12-19,PROD-009,220,14690.728133962277
2023-12-20,PROD-009,184,20749.486163598944
2023-12-21,PROD-009,161,20531.200021986537
2023-12-22,PROD-009,141,7894.943823109907
2023-12-23,PROD-009,81,9114.884770778095
2023-12-24,PROD-009,93,8818.10343967668
2023-12-25,PROD-009,170,12973.019358592
2023-12-26,PROD-009,187,7449.748746938725
2023-12-27,PROD-009,145,4491.438981488009
2023-12-28,PROD-009,181,21275.29276486626
2023-12-29,PROD-009,189,12141.564839640645
2023-12-30,PROD-009,125,13987.245081617666
2023-12-31,PROD-009,82,6301.735957520322
2024-01-01,PROD-009,156,13771.13898283101
2024-01-02,PROD-009,126,8225.965861574807
2024-01-03,PROD-009,169,23443.191415530873
2024-01-04,PROD-009,131,10077.332724929305
2024-01-05,PROD-009,140,12097.931576942063
2024-01-06,PROD-009,85,6601.610597209956
2024-01-07,PROD-009,89,11476.900227459813
2024-01-08,PROD-009,173,15022.894874131127
2024-01-09,PROD-009,136,13518.745978959538
2024-01-10,PROD-009,148,18727.822899473696
2024-01-11,PROD-009,168,16550.690104926303
2024-01-12,PROD-009,186,13812.542269233269
2024-01-13,PROD-009,97,8846.88396357741
2024-01-14,PROD-009,87,9700.929593643787
2024-01-15,PROD-009,140,11611.889338210109
2024-01-16,PROD-009,143,7390.1960544616
2024-01-17,PROD-009,182,11794.807099116939
2024-01-18,PROD-009,117,16037.541967194788
2024-01-19,PROD-009,182,15919.594158104372
2024-01-20,PROD-009,76,4435.936462273684
2024-01-21,PROD-009,79,10499.17441080679
2024-01-22,PROD-009,177,9866.21366382417
2024-01-23,PROD-009,138,12972.803442448683
2024-01-24,PROD-009,115,15713.098772325066
2024-01-25,PROD-009,98,6244.693223196868
2024-01-26,PROD-009,178,11594.680726440653
2024-01-27,PROD-009,72,8514.124710718728
2024-01-28,PROD-009,76,5575.5489452314805
2024-01-29,PROD-009,137,3620.0854745837896
2024-01-30,PROD-009,112,10404.220323850557
2024-01-31,PROD-009,146,4161.557259174341
2024-02-01,PROD-009,114,11435.74935140929
2024-02-02,PROD-009,164,19997.917929871855
2024-02-03,PROD-009,86,4625.268948006665
2024-02-04,PROD-009,104,6542.832934252946
2024-02-05,PROD-009,100,6859.141917502086
2024-02-06,PROD-009,102,11764.168791096881
2024-02-07,PROD-009,95,13297.546657568984
2024-02-08,PROD-009,148,4482.512575770769
2024-02-09,PROD-009,160,23182.923014689048
2024-02-10,PROD-009,77,7565.917016110123
2024-02-11,PROD-009,74,2879.9792241747195
2024-02-12,PROD-009,93,3603.193588951622
2024-02-13,PROD-009,148,10678.92181380466
2024-02-14,PROD-009,160,20207.422327774384
2024-02-15,PROD-009,133,14108.812292774232
2024-02-16,PROD-009,109,6120.585522941118
2024-02-17,PROD-009,81,11121.654908544042
2024-02-18,PROD-009,103,6997.809841554501
2024-02-19,PROD-009,99,10240.229011813237
2024-02-20,PROD-009,120,4279.770084758389
2024-02-21,PROD-009,122,7605.922708930916
2024-02-22,PROD-009,92,4221.522074678998
2024-02-23,PROD-009,162,7888.115470680423
2024-02-24,PROD-009,82,5503.656200194324
2024-02-25,PROD-009,63,3886.739733589218
2024-02-26,PROD-009,119,10726.999934947602
2024-02-27,PROD-009,138,12598.976965060325
2024-02-28,PROD-009,90,3436.6053210012597
2024-02-29,PROD-009,108,12858.60900067032
2024-03-01,PROD-009,106,8046.765134925811
2024-03-02,PROD-009,86,3654.1079032346074
2024-03-03,PROD-009,76,8527.70993191317
2024-03-04,PROD-009,133,4748.076738728007
2024-03-05,PROD-009,134,18154.413991833
2024-03-06,PROD-009,158,23018.541265480577
2024-03-07,PROD-009,121,15008.45902349499
2024-03-08,PROD-009,155,16120.416772357727
2024-03-09,PROD-009,90,6867.480900529347
2024-03-10,PROD-009,80,7613.224824926228
2024-03-11,PROD-009,96,13229.970151154313
2024-03-12,PROD-009,144,19870.079271512226
2024-03-13,PROD-009,150,9622.897781803435
2024-03-14,PROD-009,140,7340.778126117458
2024-03-15,PROD-009,136,18291.72243613345
2024-03-16,PROD-009,93,7986.134950464332
2024-03-17,PROD-009,101,3333.0882866203196
2024-03-18,PROD-009,132,5775.485009882659
2024-03-19,PROD-009,94,3315.448433696729
2024-03-20,PROD-009,172,17820.69841217126
2024-03-21,PROD-009,167,11839.834956955525
2024-03-22,PROD-009,133,6254.995489654704
2024-03-23,PROD-009,90,5882.0577848169105
2024-03-24,PROD-009,63,4468.518625036685
2024-03-25,PROD-009,141,15681.42236929945
2024-03-26,PROD-009,131,8814.959059350158
2024-03-27,PROD-009,145,12598.357498430161
2024-03-28,PROD-009,140,17586.015516622472
2024-03-29,PROD-009,120,4465.9552155856645
2024-03-30,PROD-009,68,9655.513550244375
2024-03-31,PROD-009,100,10324.885540438134
2024-04-01,PROD-009,149,15188.515515900826
2024-04-02,PROD-009,131,7929.504748679125
2024-04-03,PROD-009,169,17732.393903863478
2024-04-04,PROD-009,164,20003.119561158805
2024-04-05,PROD-009,131,10037.973973153812
2024-04-06,PROD-009,92,6226.988450209658
2024-04-07,PROD-009,77,9533.44478494639
2024-04-08,PROD-009,140,17312.858814082094
2024-04-09,PROD-009,134,14570.578139426661
2024-04-10,PROD-009,117,13857.718976635457
2024-04-11,PROD-009,178,11889.251573806983
2024-04-12,PROD-009,112,3310.2770060816333
2024-04-13,PROD-009,87,7360.657498838494
2024-04-14,PROD-009,115,3804.2212661182502
2024-04-15,PROD-009,145,18096.546519207826
2024-04-16,PROD-009,128,5722.460872389409
2024-04-17,PROD-009,132,4104.955690779239
2024-04-18,PROD-009,133,3905.9513710073666
2024-04-19,PROD-009,158,4888.198854217138
2024-04-20,PROD-009,130,7785.920252060828
2024-04-21,PROD-009,119,14850.792876781807
2024-04-22,PROD-009,127,4100.521649285846
2024-04-23,PROD-009,184,14752.235426914147
2024-04-24,PROD-009,144,21502.965272265956
2024-04-25,PROD-009,119,5282.334949631168
2024-04-26,PROD-009,166,9481.386512688903
2024-04-27,PROD-009,101,6220.237077067661
2024-04-28,PROD-009,78,4710.839938318972
2024-04-29,PROD-009,199,26243.984885727677
2024-04-30,PROD-009,159,14196.457628355332
2024-05-01,PROD-009,150,22474.02443576968
2024-05-02,PROD-009,134,8932.319196528662
2024-05-03,PROD-009,184,16826.448746595765
2024-05-04,PROD-009,122,14425.641501221215
2024-05-05,PROD-009,103,4393.074117792135
2024-05-06,PROD-009,194,20966.198503704283
2024-05-07,PROD-009,132,4591.318585230544
2024-05-08,PROD-009,216,20038.060948229588
2024-05-09,PROD-009,149,18563.158664667448
2024-05-10,PROD-009,144,9344.212798562028
2024-05-11,PROD-009,89,5939.647011962535
2024-05-12,PROD-009,122,11867.038435185314
2024-05-13,PROD-009,205,5450.332804439136
2024-05-14,PROD-009,243,24318.41629011604
2024-05-15,PROD-009,188,6702.516496761708
2024-05-16,PROD-009,235,24927.667112436837
2024-05-17,PROD-009,230,16728.842516154178
2024-05-18,PROD-009,144,18290.37710650485
2024-05-19,PROD-009,94,11172.686601555626
2024-05-20,PROD-009,220,23063.427956172607
2024-05-21,PROD-009,243,9539.254326083323
2024-05-22,PROD-009,239,28592.747603910717
2024-05-23,PROD-009,210,21776.860011497833
2024-05-24,PROD-009,141,18090.048987834172
2024-05-25,PROD-009,139,10143.047021482304
2024-05-26,PROD-009,141,9424.794265046634
2024-05-27,PROD-009,202,29325.962183552398
2024-05-28,PROD-009,154,11476.716028553854
2024-05-29,PROD-009,158,16376.275871862013
2024-05-30,PROD-009,175,5816.802290320862
2024-05-31,PROD-009,205,18006.321143331745
2024-06-01,PROD-009,121,10463.76258535702
2024-06-02,PROD-009,97,12055.707935777644
2024-06-03,PROD-009,210,27829.095589986857
2024-06-04,PROD-009,279,22829.475649200685
2024-06-05,PROD-009,169,8442.137283066057
2024-06-06,PROD-009,227,5692.662922212556
2024-06-07,PROD-009,161,17926.053644247644
2024-06-08,PROD-009,119,5276.376406718046
2024-06-09,PROD-009,159,5851.457538957215
2024-06-10,PROD-009,192,12558.368925844434
2024-06-11,PROD-009,185,7068.177234665388
2024-06-12,PROD-009,248,34745.50132572793
2024-06-13,PROD-009,227,30566.077573285955
2024-06-14,PROD-009,178,12661.538980439182
2024-06-15,PROD-009,187,16021.852393407207
2024-06-16,PROD-009,156,7678.685288415547
2024-06-17,PROD-009,181,17836.586254144408
2024-06-18,PROD-009,298,44318.34909073682
2024-06-19,PROD-009,228,24246.623222715923
2024-06-20,PROD-009,249,9956.366887907923
2024-06-21,PROD-009,218,6283.514038591893
2024-06-22,PROD-009,149,3964.984063867104
2024-06-23,PROD-009,131,9489.539557479953
2024-06-24,PROD-009,289,8553.72775600411
2024-06-25,PROD-009,194,14240.106687784117
2024-06-26,PROD-009,194,17056.53948125925
2024-06-27,PROD-009,268,8249.703781784538
2024-06-28,PROD-009,188,18922.09554846878
2024-06-29,PROD-009,156,15390.600252163358
2024-06-30,PROD-009,200,13020.320426369573
2024-07-01,PROD-009,268,38829.520309988504
2024-07-02,PROD-009,202,25176.240650440126
2024-07-03,PROD-009,249,24662.388913197126
2024-07-04,PROD-009,261,18258.514530255277
2024-07-05,PROD-009,231,33088.17396255081
2024-07-06,PROD-009,143,12959.713264828448
2024-07-07,PROD-009,163,13434.424408775103
2024-07-08,PROD-009,316,28201.249881134874
2024-07-09,PROD-009,259,34041.540586321586
2024-07-10,PROD-009,198,19886.41538862706
2024-07-11,PROD-009,325,28260.832918599
2024-07-12,PROD-009,291,36647.98783564614
2024-07-13,PROD-009,214,18431.111166259885
2024-07-14,PROD-009,173,12369.45177381108
2024-07-15,PROD-009,316,14027.407008881411
2024-07-16,PROD-009,325,16647.9499287437
2024-07-17,PROD-009,255,20391.105002615746
2024-07-18,PROD-009,334,25466.97253839362
2024-07-19,PROD-009,207,29193.352949326094
2024-07-20,PROD-009,147,11114.19575637703
2024-07-21,PROD-009,177,4682.8468737091935
2024-07-22,PROD-009,306,13725.984642053096
2024-07-23,PROD-009,235,34795.542040219996
2024-07-24,PROD-009,197,5562.360499336449
2024-07-25,PROD-009,350,49253.94393421822
2024-07-26,PROD-009,239,30515.163418534266
2024-07-27,PROD-009,197,16167.217445943588
2024-07-28,PROD-009,221,27052.819468554346
2024-07-29,PROD-009,206,15009.217810797501
2024-07-30,PROD-009,360,19793.32834043281
2024-07-31,PROD-009,253,24395.919546557485
2024-08-01,PROD-009,324,24311.128843185918
2024-08-02,PROD-009,255,24016.443875753168
2024-08-03,PROD-009,234,34730.76661159982
2024-08-04,PROD-009,151,13219.106610778172
2024-08-05,PROD-009,343,28078.841960293263
2024-08-06,PROD-009,370,26873.988018142125
2024-08-07,PROD-009,338,25103.501433412173
2024-08-08,PROD-009,304,26096.011807768897
2024-08-09,PROD-009,353,40437.96102324195
2024-08-10,PROD-009,231,30069.335820727243
2024-08-11,PROD-009,230,17953.604017374175
2024-08-12,PROD-009,267,18128.58659082633
2024-08-13,PROD-009,293,41340.204104944576
2024-08-14,PROD-009,247,27711.59974937919
2024-08-15,PROD-009,306,34209.808587067695
2024-08-16,PROD-009,289,26408.73727765089
2024-08-17,PROD-009,209,26626.671294478074
2024-08-18,PROD-009,218,14042.60107725626
2024-08-19,PROD-009,338,34306.00219965013
2024-08-20,PROD-009,301,18118.688164240433
2024-08-21,PROD-009,375,20974.990173962102
2024-08-22,PROD-009,330,45429.81496099482
2024-08-23,PROD-009,280,15309.770590386848
2024-08-24,PROD-009,204,23887.306904231984
2024-08-25,PROD-009,200,26899.58122500359
2024-08-26,PROD-009,362,38430.41510597062
2024-08-27,PROD-009,208,5758.1503425554165
2024-08-28,PROD-009,294,39205.698890349675
2024-08-29,PROD-009,231,20666.69334851217
2024-08-30,PROD-009,351,45773.02887967865
2024-08-31,PROD-009,164,16471.51391402121
2024-09-01,PROD-009,219,12288.204900672106
2024-09-02,PROD-009,359,50101.61975490294
2024-09-03,PROD-009,282,18921.18175859078
2024-09-04,PROD-009,369,29102.657214878836
2024-09-05,PROD-009,250,21246.11615475804
2024-09-06,PROD-009,236,19420.52145398301
2024-09-07,PROD-009,141,7567.723953495107
2024-09-08,PROD-009,144,11668.016979824612
2024-09-09,PROD-009,372,12501.971744369443
2024-09-10,PROD-009,382,55819.92201385215
2024-09-11,PROD-009,231,14145.15785648548
2024-09-12,PROD-009,355,39354.348086263126
2024-09-13,PROD-009,207,18212.59014210517
2024-09-14,PROD-009,178,23340.48973284153
2024-09-15,PROD-009,136,16600.967193609285
2024-09-16,PROD-009,366,31576.46330494026
2024-09-17,PROD-009,269,36807.00009466734
2024-09-18,PROD-009,216,10895.548615723828
2024-09-19,PROD-009,210,12837.218310044185
2024-09-20,PROD-009,292,22400.645320040185
2024-09-21,PROD-009,181,15236.308608869884
2024-09-22,PROD-009,217,23845.293682966854
2024-09-23,PROD-009,291,15120.880143268907
2024-09-24,PROD-009,315,10770.65255160954
2024-09-25,PROD-009,246,7943.046861850183
2024-09-26,PROD-009,371,17968.55747280693
2024-09-27,PROD-009,262,23731.0348300735
2024-09-28,PROD-009,154,15777.204878608894
2024-09-29,PROD-009,208,28019.36187987054
2024-09-30,PROD-009,294,20169.692518316024
2024-10-01,PROD-009,283,30028.51218091079
2024-10-02,PROD-009,249,19329.869934110055
2024-10-03,PROD-009,208,28486.980360276622
2024-10-04,PROD-009,310,39821.2239166171
2024-10-05,PROD-009,153,8983.920714826156
2024-10-06,PROD-009,212,5760.661612499327
2024-10-07,PROD-009,227,15592.017729081948
2024-10-08,PROD-009,248,24127.014394267408
2024-10-09,PROD-009,343,20002.071404984097
2024-10-10,PROD-009,199,22442.851421294265
2024-10-11,PROD-009,283,37151.05469155604
2024-10-12,PROD-009,130,13088.8973783438
2024-10-13,PROD-009,147,17489.466146556217
2024-10-14,PROD-009,270,17212.7545270493
2024-10-15,PROD-009,283,40575.189675903595
2024-10-16,PROD-009,317,32328.889440215404
2024-10-17,PROD-009,214,26603.808558052537
2024-10-18,PROD-009,282,28137.172851643256
2024-10-19,PROD-009,169,7157.978286905858
2024-10-20,PROD-009,128,18463.655106899605
2024-10-21,PROD-009,316,38997.288588893316
2024-10-22,PROD-009,254,30556.984297131934
2024-10-23,PROD-009,283,28877.94453193589
2024-10-24,PROD-009,300,22271.11599611871
2024-10-25,PROD-009,215,31862.901849208036
2024-10-26,PROD-009,187,13732.544807608507
2024-10-27,PROD-009,156,18040.36535407639
2024-10-28,PROD-009,239,33236.605509375535
2024-10-29,PROD-009,264,16644.355563831436
2024-10-30,PROD-009,227,22806.79424565469
2024-10-31,PROD-009,263,36988.72678281187
2024-11-01,PROD-009,239,22828.137373543657
2024-11-02,PROD-009,157,17483.779914535568
2024-11-03,PROD-009,118,12578.48482607028
2024-11-04,PROD-009,225,23853.38370437859
2024-11-05,PROD-009,285,28475.332832118198
2024-11-06,PROD-009,244,21341.409263689933
2024-11-07,PROD-009,204,9493.75071299771
2024-11-08,PROD-009,298,40049.32501535416
2024-11-09,PROD-009,159,6763.087624708358
2024-11-10,PROD-009,145,10574.254922631533
2024-11-11,PROD-009,249,28315.106312474887
2024-11-12,PROD-009,311,13521.842404346833
2024-11-13,PROD-009,208,14681.508310802614
2024-11-14,PROD-009,187,25226.80115933921
2024-11-15,PROD-009,240,16151.716665003094
2024-11-16,PROD-009,140,16137.93712676339
2024-11-17,PROD-009,179,26221.510530697
2024-11-18,PROD-009,227,18835.1931735972
2024-11-19,PROD-009,259,28495.690396655315
2024-11-20,PROD-009,163,11585.214411952367
2024-11-21,PROD-009,194,26726.83318114852
2024-11-22,PROD-009,205,10428.588766955896
2024-11-23,PROD-009,173,15024.905775456122
2024-11-24,PROD-009,149,21959.204725056465
2024-11-25,PROD-009,187,28040.03095088059
2024-11-26,PROD-009,183,25755.053095884883
2024-11-27,PROD-009,181,22102.06621575622
2024-11-28,PROD-009,192,28356.913567903874
2024-11-29,PROD-009,163,14545.56615168787
2024-11-30,PROD-009,160,9508.765927911305
2024-12-01,PROD-009,122,7289.565283152388
2024-12-02,PROD-009,262,31055.477919462413
2024-12-03,PROD-009,275,20677.531175202574
2024-12-04,PROD-009,206,28429.233581238248
2024-12-05,PROD-009,242,26745.617583777188
2024-12-06,PROD-009,202,25267.96938387099
2024-12-07,PROD-009,157,18467.249110658933
2024-12-08,PROD-009,133,9728.430351539395
2024-12-09,PROD-009,241,8638.329813085555
2024-12-10,PROD-009,249,31525.69972958793
2024-12-11,PROD-009,229,22415.911764132576
2024-12-12,PROD-009,154,4282.270102704981
2024-12-13,PROD-009,238,32014.401284591935
2024-12-14,PROD-009,101,6093.239197077623
2024-12-15,PROD-009,90,7145.189109698975
2024-12-16,PROD-009,144,7539.647817333653
2024-12-17,PROD-009,187,22416.98508108339
2024-12-18,PROD-009,240,22113.971641459855
2024-12-19,PROD-009,179,7313.194288138389
2024-12-20,PROD-009,145,18932.59861451151
2024-12-21,PROD-009,85,10293.777559530035
2024-12-22,PROD-009,92,11028.321853699481
2024-12-23,PROD-009,167,21236.696490419865
2024-12-24,PROD-009,186,8962.825566575613
2024-12-25,PROD-009,186,21087.889148012426
2024-12-26,PROD-009,175,21005.87930576439
2024-12-27,PROD-009,149,14681.6437418509
2024-12-28,PROD-009,96,3771.340746603293
2024-12-29,PROD-009,105,8848.171244915206
2024-12-30,PROD-009,177,16753.583061065718
2024-12-31,PROD-009,209,7987.143948309298
2025-01-01,PROD-009,193,26984.995072306978
2025-01-02,PROD-009,128,13357.659580176105
2025-01-03,PROD-009,215,8372.902606024005
2025-01-04,PROD-009,143,12894.631810811305
2025-01-05,PROD-009,90,7821.218296385129
2025-01-06,PROD-009,188,22708.135821426615
2025-01-07,PROD-009,222,7984.189535570382
2025-01-08,PROD-009,180,26664.81788514924
2025-01-09,PROD-009,199,26974.095562710227
2025-01-10,PROD-009,138,8735.08094349024
2025-01-11,PROD-009,128,4564.096733211866
2025-01-12,PROD-009,93,5378.981205298624
2025-01-13,PROD-009,167,22585.133987941615
2025-01-14,PROD-009,187,10413.544221443324
2025-01-15,PROD-009,180,10913.598337225838
2025-01-16,PROD-009,164,13502.491138527976
2025-01-17,PROD-009,165,11707.017083425542
2025-01-18,PROD-009,94,6494.296080525381
2025-01-19,PROD-009,122,4843.931634885978
2025-01-20,PROD-009,136,3421.0755334241603
2025-01-21,PROD-009,145,11701.888951397641
2025-01-22,PROD-009,163,4320.580067527664
2025-01-23,PROD-009,149,18208.100629130975
2025-01-24,PROD-009,176,7312.110702774977
2025-01-25,PROD-009,128,16441.76450853882
2025-01-26,PROD-009,82,3056.9552061868317
2025-01-27,PROD-009,168,22635.77028038192
2025-01-28,PROD-009,117,9292.068744861519
2025-01-29,PROD-009,176,15620.16803256215
2025-01-30,PROD-009,144,13542.840929169392
2025-01-31,PROD-009,145,5325.407705230011
2025-02-01,PROD-009,108,12107.560758810709
2025-02-02,PROD-009,73,8972.515546348486
2025-02-03,PROD-009,162,8581.000713396194
2025-02-04,PROD-009,160,10194.267050796805
2025-02-05,PROD-009,132,10929.122224313098
2025-02-06,PROD-009,148,11667.44460086816
2025-02-07,PROD-009,131,13241.560084990208
2025-02-08,PROD-009,109,13272.618466906151
2025-02-09,PROD-009,97,12283.58104277477
2025-02-10,PROD-009,121,17480.65891223787
2025-02-11,PROD-009,117,12452.120856816324
2025-02-12,PROD-009,162,8586.940177099248
2025-02-13,PROD-009,161,9784.673753042234
2025-02-14,PROD-009,158,13062.64784758689
2025-02-15,PROD-009,99,12935.255870418423
2025-02-16,PROD-009,112,13982.409597654252
2025-02-17,PROD-009,160,10884.980025316447
2025-02-18,PROD-009,179,5098.117216994421
2025-02-19,PROD-009,132,9544.451152905065
2025-02-20,PROD-009,163,11951.256171660172
2025-02-21,PROD-009,182,26724.849651451106
2025-02-22,PROD-009,112,8640.998252233285
2025-02-23,PROD-009,109,7193.917946636608
2025-02-24,PROD-009,157,5035.473191154284
2025-02-25,PROD-009,136,16967.206030292527
2025-02-26,PROD-009,131,17070.380851434667
2025-02-27,PROD-009,119,15166.981053625414
2025-02-28,PROD-009,135,17612.73672280386
2025-03-01,PROD-009,100,8653.85171728991
2025-03-02,PROD-009,80,2064.3652540776275
2025-03-03,PROD-009,111,3533.465489481913
2025-03-04,PROD-009,115,6938.745113228031
2025-03-05,PROD-009,102,11703.427861561215
2025-03-06,PROD-009,187,24817.16775031073
2025-03-07,PROD-009,169,24164.100543056677
2025-03-08,PROD-009,118,4880.155151382217
2025-03-09,PROD-009,110,5307.402402393436
2025-03-10,PROD-009,160,5092.43688137032
2025-03-11,PROD-009,118,7929.014207904949
2025-03-12,PROD-009,187,16013.142030220752
2025-03-13,PROD-009,179,23184.598919627435
2025-03-14,PROD-009,142,11025.930332449487
2025-03-15,PROD-009,107,15453.952061418007
2025-03-16,PROD-009,121,9033.655523819592
2025-03-17,PROD-009,163,20901.682740422384
2025-03-18,PROD-009,114,8361.965825446761
2025-03-19,PROD-009,130,6577.363563596554
2025-03-20,PROD-009,147,21894.17535249425
2025-03-21,PROD-009,175,11474.325223212252
2025-03-22,PROD-009,111,4093.393784489779
2025-03-23,PROD-009,106,3565.9800453089883
2025-03-24,PROD-009,120,14150.022553642548
2025-03-25,PROD-009,155,8042.243218150055
2025-03-26,PROD-009,115,5559.403314733249
2025-03-27,PROD-009,185,20457.13522327853
2025-03-28,PROD-009,156,16804.20870626878
2025-03-29,PROD-009,107,6370.040983505318
2025-03-30,PROD-009,70,8845.141563095034
2025-03-31,PROD-009,126,5888.8876150606
2025-04-01,PROD-009,126,7591.7069082018925
2025-04-02,PROD-009,197,16000.311592143076
2025-04-03,PROD-009,161,13055.108107683916
2025-04-04,PROD-009,162,5555.020931617758
2025-04-05,PROD-009,100,13755.108157808067
2025-04-06,PROD-009,134,12250.10168503586
2025-04-07,PROD-009,187,5741.9746223689845
2025-04-08,PROD-009,158,21512.3853110717
2025-04-09,PROD-009,193,17602.886776434207
2025-04-10,PROD-009,196,18757.09434387487
2025-04-11,PROD-009,206,10509.556211057079
2025-04-12,PROD-009,135,20023.92639664735
2025-04-13,PROD-009,126,13344.356132962384
2025-04-14,PROD-009,178,16955.590099858942
2025-04-15,PROD-009,153,18868.182234948526
2025-04-16,PROD-009,188,23723.668561500737
2025-04-17,PROD-009,174,12630.555139279653
2025-04-18,PROD-009,192,27525.2972600411
2025-04-19,PROD-009,136,14918.064182182883
2025-04-20,PROD-009,102,5688.859785322395
2025-04-21,PROD-009,171,20480.571765956294
2025-04-22,PROD-009,193,26606.330383553184
2025-04-23,PROD-009,188,16380.913234940164
2025-04-24,PROD-009,138,15394.312754983725
2025-04-25,PROD-009,169,23516.66729237035
2025-04-26,PROD-009,129,4824.268080346251
2025-04-27,PROD-009,141,20472.408259555166
2025-04-28,PROD-009,229,27622.65814733116
2025-04-29,PROD-009,222,13311.433296834717
2025-04-30,PROD-009,140,10088.690770335425
2025-05-01,PROD-009,206,16498.155366800132
2025-05-02,PROD-009,216,25945.112157728192
2025-05-03,PROD-009,157,5750.448645441009
2025-05-04,PROD-009,160,8999.310960045925
2025-05-05,PROD-009,186,9569.58520064111
2025-05-06,PROD-009,210,27371.13987686705
2025-05-07,PROD-009,151,12541.40514763284
2025-05-08,PROD-009,163,10512.247167942834
2025-05-09,PROD-009,182,17907.552785406617
2025-05-10,PROD-009,134,15832.057250025957
2025-05-11,PROD-009,158,8057.37423597805
2025-05-12,PROD-009,178,12005.324820279237
2025-05-13,PROD-009,230,11074.884565110246
2025-05-14,PROD-009,195,20757.21489885765
2025-05-15,PROD-009,153,10973.887936075089
2025-05-16,PROD-009,156,20757.916971430972
2025-05-17,PROD-009,107,5148.183907945824
2025-05-18,PROD-009,169,23452.448333930854
2025-05-19,PROD-009,245,23090.038956057084
2025-05-20,PROD-009,174,7870.238261393574
2025-05-21,PROD-009,264,34797.88566905187
2025-05-22,PROD-009,250,14678.514457456467
2025-05-23,PROD-009,166,18703.077752722773
2025-05-24,PROD-009,174,15254.18744164348
2025-05-25,PROD-009,138,19036.82997705646
2025-05-26,PROD-009,188,18207.405261354164
2025-05-27,PROD-009,236,26164.454168750184
2025-05-28,PROD-009,300,12509.331524845784
2025-05-29,PROD-009,272,28335.278776413146
2025-05-30,PROD-009,235,10071.711648984256
2025-05-31,PROD-009,133,3624.1803797420307
2025-06-01,PROD-009,185,25950.107179621788
2025-06-02,PROD-009,228,6133.720558344582
2025-06-03,PROD-009,313,10364.498276644132
2025-06-04,PROD-009,291,24593.429265299623
2025-06-05,PROD-009,278,41673.39712576765
2025-06-06,PROD-009,303,7696.697353019036
2025-06-07,PROD-009,177,7858.218697402792
2025-06-08,PROD-009,168,10103.961872464059
2025-06-09,PROD-009,266,12990.438604471286
2025-06-10,PROD-009,269,29544.015647055687
2025-06-11,PROD-009,228,14778.614265879163
2025-06-12,PROD-009,229,26196.07135306313
2025-06-13,PROD-009,326,17760.08729647996
2025-06-14,PROD-009,186,10175.612715231426
2025-06-15,PROD-009,143,11137.694261404102
2025-06-16,PROD-009,218,20047.74523992914
2025-06-17,PROD-009,187,5215.1228280043015
2025-06-18,PROD-009,210,11077.32127474172
2025-06-19,PROD-009,317,40115.45545172675
2025-06-20,PROD-009,195,9738.11013946868
2025-06-21,PROD-009,148,19680.466044719444
2025-06-22,PROD-009,182,6034.992453830153
2025-06-23,PROD-009,300,38171.12605887753
2025-06-24,PROD-009,289,19592.0686180671
2025-06-25,PROD-009,212,26322.82344560935
2025-06-26,PROD-009,266,18373.537320030522
2025-06-27,PROD-009,285,28539.31391416301
2025-06-28,PROD-009,142,14255.208916808975
2025-06-29,PROD-009,153,8210.025645194819
2025-06-30,PROD-009,262,24395.903912593778
2025-07-01,PROD-009,300,11239.750769976345
2025-07-02,PROD-009,282,15026.589641031454
2025-07-03,PROD-009,327,15400.748064326464
2025-07-04,PROD-009,327,18743.53901791342
2025-07-05,PROD-009,140,13995.723952933575
2025-07-06,PROD-009,192,27749.924161591814
2025-07-07,PROD-009,238,9223.511198763405
2025-07-08,PROD-009,267,34166.782979648466
2025-07-09,PROD-009,315,14474.782459883116
2025-07-10,PROD-009,280,15736.876994970124
2025-07-11,PROD-009,338,35001.88743027974
2025-07-12,PROD-009,188,15923.234007366038
2025-07-13,PROD-009,145,11508.944722553984
2025-07-14,PROD-009,324,48450.21879689178
2025-07-15,PROD-009,320,17443.086186410696
2025-07-16,PROD-009,364,42116.37769123319
2025-07-17,PROD-009,226,27297.21511619047
2025-07-18,PROD-009,217,21476.972265307584
2025-07-19,PROD-009,216,18779.99821312229
2025-07-20,PROD-009,148,6397.862122108953
2025-07-21,PROD-009,308,41178.247406736424
2025-07-22,PROD-009,243,26243.03858344058
2025-07-23,PROD-009,340,10144.747984917782
2025-07-24,PROD-009,359,13381.549437774738
2025-07-25,PROD-009,402,24383.11636975949
2025-07-26,PROD-009,188,18383.879384645483
2025-07-27,PROD-009,232,28551.251416247887
2025-07-28,PROD-009,229,13860.279124148656
2025-07-29,PROD-009,238,17494.860647162346
2025-07-30,PROD-009,407,40709.47100934724
2025-07-31,PROD-009,282,9346.862636897336
2025-08-01,PROD-009,265,9307.72351206421
2025-08-02,PROD-009,200,15698.476486486823
2025-08-03,PROD-009,171,23057.62771679148
2025-08-04,PROD-009,285,11969.918148552928
2025-08-05,PROD-009,282,8769.221570226722
2025-08-06,PROD-009,408,12136.01077848966
2025-08-07,PROD-009,355,12714.510042452084
2025-08-08,PROD-009,347,35068.248900885264
2025-08-09,PROD-009,180,21690.73953902566
2025-08-10,PROD-009,211,8462.997480098824
2025-08-11,PROD-009,391,35870.13547039637
2025-08-12,PROD-009,243,7137.470653891186
2025-08-13,PROD-009,305,38233.99628299363
2025-08-14,PROD-009,421,51222.46586023453
2025-08-15,PROD-009,399,19710.972090429437
2025-08-16,PROD-009,254,37381.435065062076
2025-08-17,PROD-009,189,9834.992586606135
2025-08-18,PROD-009,396,25610.560289362096
2025-08-19,PROD-009,417,52228.50847542623
2025-08-20,PROD-009,331,14606.305946443621
2025-08-21,PROD-009,305,33983.15252081825
2025-08-22,PROD-009,383,30212.440772926428
2025-08-23,PROD-009,226,18340.06339034825
2025-08-24,PROD-009,223,10650.199092650748
2025-08-25,PROD-009,422,19158.883567022072
2025-08-26,PROD-009,382,52737.76025156527
2025-08-27,PROD-009,325,21086.058986336866
2025-08-28,PROD-009,263,16042.948131742893
2025-08-29,PROD-009,391,51952.10299660177
2025-08-30,PROD-009,268,22397.961560299405
2025-08-31,PROD-009,194,13592.288993272103
2025-09-01,PROD-009,311,41666.097954429184
2025-09-02,PROD-009,359,17985.199647166588
2025-09-03,PROD-009,419,57540.20020235763
2025-09-04,PROD-009,408,17685.471638158764
2025-09-05,PROD-009,385,42838.15003918261
2025-09-06,PROD-009,249,21186.440372531662
2025-09-07,PROD-009,196,23807.484748796516
2025-09-08,PROD-009,283,41607.034782577204
2025-09-09,PROD-009,373,11829.535931765115
2025-09-10,PROD-009,389,23431.471336793686
2025-09-11,PROD-009,297,35098.6559975997
2025-09-12,PROD-009,331,36620.71209432496
2025-09-13,PROD-009,148,6068.319128411571
2025-09-14,PROD-009,158,4879.906349880792
2025-09-15,PROD-009,369,34764.75985181844
2025-09-16,PROD-009,273,7473.995393528214
2025-09-17,PROD-009,283,28529.604134269375
2025-09-18,PROD-009,358,42953.861816144585
2025-09-19,PROD-009,390,21881.090769000555
2025-09-20,PROD-009,167,7718.735400454333
2025-09-21,PROD-009,181,5994.02392757421
2025-09-22,PROD-009,290,17728.103343393563
2025-09-23,PROD-009,265,25567.479453698106
2025-09-24,PROD-009,304,24056.96769036072
2025-09-25,PROD-009,233,31641.907527302814
2025-09-26,PROD-009,402,11559.393696173713
2025-09-27,PROD-009,175,12304.756179823296
2025-09-28,PROD-009,189,13368.066445040926
2025-09-29,PROD-009,335,30513.243036177046
2025-09-30,PROD-009,340,29326.480224899005
2025-10-01,PROD-009,416,35607.257171364494
2025-10-02,PROD-009,356,19897.408993431643
2025-10-03,PROD-009,385,17414.355262985737
2025-10-04,PROD-009,182,15680.174589224654
2025-10-05,PROD-009,250,33511.93563341366
2025-10-06,PROD-009,224,26076.815992721647
2025-10-07,PROD-009,381,16390.13852951235
2025-10-08,PROD-009,403,24481.517515018957
2025-10-09,PROD-009,368,30140.073551517413
2025-10-10,PROD-009,318,43715.17189153517
2025-10-11,PROD-009,223,9519.395057739093
2025-10-12,PROD-009,224,6239.001598683915
2025-10-13,PROD-009,226,31712.662747678518
2025-10-14,PROD-009,294,40719.17672929992
2025-10-15,PROD-009,266,23714.886561128635
2025-10-16,PROD-009,377,41381.576554375766
2025-10-17,PROD-009,312,30597.51890124038
2025-10-18,PROD-009,170,22168.114287862387
2025-10-19,PROD-009,237,10281.599690006902
2025-10-20,PROD-009,339,35844.85042160498
2025-10-21,PROD-009,323,38612.20831135597
2025-10-22,PROD-009,211,17289.217572702477
2025-10-23,PROD-009,264,21096.505326075894
2025-10-24,PROD-009,227,16526.53481845713
2025-10-25,PROD-009,232,12094.697162688868
2025-10-26,PROD-009,173,6825.673258994954
2025-10-27,PROD-009,338,10548.590138510559
2025-10-28,PROD-009,214,16336.74744807745
2025-10-29,PROD-009,345,40868.81643779648
2025-10-30,PROD-009,244,26317.03686695063
2025-10-31,PROD-009,245,15687.922885117048
2025-11-01,PROD-009,217,12230.829135342196
2025-11-02,PROD-009,167,13639.494394750564
2025-11-03,PROD-009,205,13975.398646050919
2025-11-04,PROD-009,240,23116.668147347293
2025-11-05,PROD-009,212,14165.584242699679
2025-11-06,PROD-009,280,28641.478517562093
2025-11-07,PROD-009,234,6518.616761004132
2025-11-08,PROD-009,156,8703.96895415591
2025-11-09,PROD-009,143,11253.674338885914
2025-11-10,PROD-009,272,30721.451916365942
2025-11-11,PROD-009,347,30094.593473210123
2025-11-12,PROD-009,200,23436.638128553444
2025-11-13,PROD-009,284,39753.41003641979
2025-11-14,PROD-009,236,13312.041953330965
2025-11-15,PROD-009,123,11021.921613557775
2025-11-16,PROD-009,202,22297.452871933212
2025-11-17,PROD-009,243,22269.465528895937
2025-11-18,PROD-009,321,25144.987045749338
2025-11-19,PROD-009,234,22044.301441453554
2025-11-20,PROD-009,240,7005.147573181977
2025-11-21,PROD-009,290,11615.829230932663
2025-11-22,PROD-009,148,7204.018869518676
2025-11-23,PROD-009,168,14005.680869262553
2025-11-24,PROD-009,215,26472.915379864036
2025-11-25,PROD-009,215,24836.97688174112
2025-11-26,PROD-009,304,8652.338314047542
2025-11-27,PROD-009,228,26496.856075003143
2025-11-28,PROD-009,222,13912.92062040133
2025-11-29,PROD-009,198,18959.789648113336
2025-11-30,PROD-009,144,7243.749734315746
2025-12-01,PROD-009,278,21266.926385485433
2025-12-02,PROD-009,313,33594.04037469223
2025-12-03,PROD-009,198,12173.011489052506
2025-12-04,PROD-009,287,7508.125253335471
2025-12-05,PROD-009,263,34327.44789503478
2025-12-06,PROD-009,193,24355.807266802673
2025-12-07,PROD-009,148,5261.9301895549825
2025-12-08,PROD-009,180,5773.912234536911
2025-12-09,PROD-009,229,20872.43459902421
2025-12-10,PROD-009,230,14141.154319677426
2025-12-11,PROD-009,221,30945.367179065903
2025-12-12,PROD-009,290,43261.01697274481
2025-12-13,PROD-009,150,9249.539589354232
2025-12-14,PROD-009,185,17740.64960216136
2025-12-15,PROD-009,159,19021.318241111218
2025-12-16,PROD-009,262,10843.523642702945
2025-12-17,PROD-009,282,39458.97497698847
2025-12-18,PROD-009,264,39143.697789868194
2025-12-19,PROD-009,236,10301.189543787495
2025-12-20,PROD-009,156,16072.70304723962
2025-12-21,PROD-009,110,3109.747179970641
2025-12-22,PROD-009,264,24669.926112303394
2025-12-23,PROD-009,245,35797.636661182456
2025-12-24,PROD-009,194,10077.598302389179
2025-12-25,PROD-009,156,11046.09590232776
2025-12-26,PROD-009,267,14501.67819463815
2025-12-27,PROD-009,112,16327.917725116586
2025-12-28,PROD-009,115,6017.797312850964
2025-12-29,PROD-009,231,10242.620556665785
2025-12-30,PROD-009,166,4153.830630080909
2025-12-31,PROD-009,188,5438.6035070824955
2026-01-01,PROD-009,194,13384.455490519598
2026-01-02,PROD-009,215,11080.872900915207
2026-01-03,PROD-009,136,19150.625484304415
2026-01-04,PROD-009,127,10671.416397996883
2026-01-05,PROD-009,172,9588.444247449315
2026-01-06,PROD-009,221,9162.162019318439
2026-01-07,PROD-009,193,25225.870598316505
2026-01-08,PROD-009,186,11112.739138781186
2026-01-09,PROD-009,219,29235.336719165436
2026-01-10,PROD-009,96,4608.028124128805
2026-01-11,PROD-009,134,13094.793618442627
2026-01-12,PROD-009,139,17288.654449080208
2026-01-13,PROD-009,161,7098.113427343412
2026-01-14,PROD-009,161,16334.228919893347
2026-01-15,PROD-009,214,17134.71122669144
2026-01-16,PROD-009,150,21248.243637551277
2026-01-17,PROD-009,149,7856.422941384047
2026-01-18,PROD-009,85,2215.7498397625527
2026-01-19,PROD-009,225,18249.442233874837
2026-01-20,PROD-009,196,21723.73186525261
2026-01-21,PROD-009,142,10019.760945535534
2026-01-22,PROD-009,179,11262.938607744021
2026-01-23,PROD-009,141,7573.71393754111
2026-01-24,PROD-009,117,10104.443184598273
2026-01-25,PROD-009,141,5888.80967786874
2026-01-26,PROD-009,200,9110.405152266565
2026-01-27,PROD-009,125,16571.168395262644
2026-01-28,PROD-009,171,15308.650015498199
2026-01-29,PROD-009,148,15335.710997661408
2026-01-30,PROD-009,130,8749.344050738626
2026-01-31,PROD-009,139,4213.40873735533
2026-02-01,PROD-009,95,13849.866620596173
2026-02-02,PROD-009,153,7184.870103485208
2026-02-03,PROD-009,181,23001.724998737267
2026-02-04,PROD-009,177,14708.228780672805
2026-02-05,PROD-009,206,16325.914860541166
2026-02-06,PROD-009,142,12616.187849277328
2026-02-07,PROD-009,133,11893.915096941742
2026-02-08,PROD-009,118,14082.895749021973
2026-02-09,PROD-009,166,17663.49387955694
2026-02-10,PROD-009,205,22240.39455173039
2026-02-11,PROD-009,156,12267.902283240852
2026-02-12,PROD-009,165,11276.854299328388
2026-02-13,PROD-009,195,12869.38660201919
2021-02-14,PROD-010,65,2348.667305349883
2021-02-15,PROD-010,59,3751.92724023733
2021-02-16,PROD-010,83,2983.3409114898004
2021-02-17,PROD-010,91,2980.6449513249026
2021-02-18,PROD-010,100,8449.774904945229
2021-02-19,PROD-010,98,9447.00757641637
2021-02-20,PROD-010,40,4563.368697258603
2021-02-21,PROD-010,38,4755.172300165396
2021-02-22,PROD-010,87,6292.758637701928
2021-02-23,PROD-010,75,3566.8357735901263
2021-02-24,PROD-010,87,7681.481136702173
2021-02-25,PROD-010,59,4694.284706080811
2021-02-26,PROD-010,101,12920.233087668676
2021-02-27,PROD-010,50,7186.044546625317
2021-02-28,PROD-010,49,2679.90604954121
2021-03-01,PROD-010,70,2418.553513562875
2021-03-02,PROD-010,87,10950.72621481422
2021-03-03,PROD-010,95,2902.2559862987096
2021-03-04,PROD-010,95,10606.162916993326
2021-03-05,PROD-010,100,13494.830983098118
2021-03-06,PROD-010,43,6202.191290666842
2021-03-07,PROD-010,48,5173.042299540472
2021-03-08,PROD-010,79,9638.763716403351
2021-03-09,PROD-010,85,5096.3748457536285
2021-03-10,PROD-010,97,6906.926078275208
2021-03-11,PROD-010,69,4215.795510138948
2021-03-12,PROD-010,89,4310.519857120826
2021-03-13,PROD-010,56,6836.392861907224
2021-03-14,PROD-010,41,1170.685442144946
2021-03-15,PROD-010,106,9426.857848104082
2021-03-16,PROD-010,85,8653.463025793091
2021-03-17,PROD-010,73,2376.0856775660814
2021-03-18,PROD-010,86,7792.598161185228
2021-03-19,PROD-010,75,6731.5297921928
2021-03-20,PROD-010,53,6497.3618016590535
2021-03-21,PROD-010,39,4745.096908192417
2021-03-22,PROD-010,62,9278.641287433102
2021-03-23,PROD-010,98,5973.71586270587
2021-03-24,PROD-010,83,10110.37182419633
2021-03-25,PROD-010,66,5849.271729377934
2021-03-26,PROD-010,109,5326.944531818876
2021-03-27,PROD-010,46,1816.2635020625946
2021-03-28,PROD-010,56,7910.310432913471
2021-03-29,PROD-010,102,6009.587230854055
2021-03-30,PROD-010,89,3667.9236659684316
2021-03-31,PROD-010,115,14059.416444806557
2021-04-01,PROD-010,86,8913.00681032446
2021-04-02,PROD-010,87,5249.034067329435
2021-04-03,PROD-010,64,4809.431692791346
2021-04-04,PROD-010,55,1862.9045360396435
2021-04-05,PROD-010,103,9357.606076006168
2021-04-06,PROD-010,119,12497.016543669579
2021-04-07,PROD-010,112,15553.185018639308
2021-04-08,PROD-010,122,13413.833247527575
2021-04-09,PROD-010,119,12220.47591657687
2021-04-10,PROD-010,61,8528.897088329064
2021-04-11,PROD-010,75,4491.367756689326
2021-04-12,PROD-010,93,7227.3982226215985
2021-04-13,PROD-010,115,9677.047468800709
2021-04-14,PROD-010,118,6318.198148712026
2021-04-15,PROD-010,98,10275.519806823952
2021-04-16,PROD-010,85,12709.731522764401
2021-04-17,PROD-010,52,4517.0217362837575
2021-04-18,PROD-010,70,9023.366937667774
2021-04-19,PROD-010,80,10285.560545830667
2021-04-20,PROD-010,89,8454.976558768329
2021-04-21,PROD-010,85,5139.337691582948
2021-04-22,PROD-010,104,10059.403185884214
2021-04-23,PROD-010,131,13071.174148014567
2021-04-24,PROD-010,61,6154.34585727942
2021-04-25,PROD-010,73,9512.51415817811
2021-04-26,PROD-010,79,2636.1363353678857
2021-04-27,PROD-010,104,8753.015710865917
2021-04-28,PROD-010,81,3122.1052561416095
2021-04-29,PROD-010,88,3848.235425809718
2021-04-30,PROD-010,123,9799.172433184864
2021-05-01,PROD-010,67,1983.043111866281
2021-05-02,PROD-010,88,8164.453392138365
2021-05-03,PROD-010,93,10588.264722619266
2021-05-04,PROD-010,125,16870.1191010039
2021-05-05,PROD-010,108,2772.37935675083
2021-05-06,PROD-010,144,14183.3706016162
2021-05-07,PROD-010,121,3659.111760076325
2021-05-08,PROD-010,90,12125.21442013049
2021-05-09,PROD-010,91,9153.267403260883
2021-05-10,PROD-010,93,4594.2548394197265
2021-05-11,PROD-010,157,21153.518274563063
2021-05-12,PROD-010,128,6407.11202463339
2021-05-13,PROD-010,145,16913.913545047024
2021-05-14,PROD-010,111,6870.16472369946
2021-05-15,PROD-010,59,6285.642896594757
2021-05-16,PROD-010,66,6807.719908894803
2021-05-17,PROD-010,102,10241.083152443314
2021-05-18,PROD-010,122,13149.135997920916
2021-05-19,PROD-010,167,22757.663920825587
2021-05-20,PROD-010,106,14310.532944333474
2021-05-21,PROD-010,168,15158.334178739004
2021-05-22,PROD-010,109,12106.322975211495
2021-05-23,PROD-010,99,6912.465459975072
2021-05-24,PROD-010,95,3272.6135603379576
2021-05-25,PROD-010,134,18878.317677004332
2021-05-26,PROD-010,153,4066.2859758041086
2021-05-27,PROD-010,133,18337.93155645277
2021-05-28,PROD-010,118,10407.94273051162
2021-05-29,PROD-010,63,7370.184473728002
2021-05-30,PROD-010,114,5642.714149155629
2021-05-31,PROD-010,167,10831.416768595256
2021-06-01,PROD-010,104,6293.659635363272
2021-06-02,PROD-010,170,21215.403289931495
2021-06-03,PROD-010,178,13954.978945908631
2021-06-04,PROD-010,123,9842.166822978654
2021-06-05,PROD-010,96,11632.693002505212
2021-06-06,PROD-010,69,8728.41834416378
2021-06-07,PROD-010,186,14261.21807936523
2021-06-08,PROD-010,194,28163.430591492233
2021-06-09,PROD-010,109,10847.173744839627
2021-06-10,PROD-010,167,7627.990849191236
2021-06-11,PROD-010,186,16353.032828869385
2021-06-12,PROD-010,99,8095.378540642931
2021-06-13,PROD-010,88,5842.9883929610005
2021-06-14,PROD-010,129,7515.284018228612
2021-06-15,PROD-010,113,12647.302356541637
2021-06-16,PROD-010,138,17745.06435620411
2021-06-17,PROD-010,118,13115.208215921803
2021-06-18,PROD-010,122,7621.268481282861
2021-06-19,PROD-010,127,17672.18401647971
2021-06-20,PROD-010,74,4516.063390403819
2021-06-21,PROD-010,135,13604.006996213617
2021-06-22,PROD-010,211,6754.532170258128
2021-06-23,PROD-010,119,16486.58355481134
2021-06-24,PROD-010,206,22681.364436289557
2021-06-25,PROD-010,202,15814.47558001
2021-06-26,PROD-010,78,9134.291814267443
2021-06-27,PROD-010,87,7575.991466061098
2021-06-28,PROD-010,159,13759.173626496991
2021-06-29,PROD-010,153,20220.40703877209
2021-06-30,PROD-010,146,19283.392166845366
2021-07-01,PROD-010,223,5935.373690471539
2021-07-02,PROD-010,177,10634.059885756644
2021-07-03,PROD-010,82,12155.997045763057
2021-07-04,PROD-010,115,7390.308132729655
2021-07-05,PROD-010,181,16065.971128156874
2021-07-06,PROD-010,163,10597.405336908612
2021-07-07,PROD-010,219,31466.36928037129
2021-07-08,PROD-010,162,18510.40605675125
2021-07-09,PROD-010,169,17773.506647796206
2021-07-10,PROD-010,101,14849.956600979513
2021-07-11,PROD-010,95,11472.978411610118
2021-07-12,PROD-010,212,18828.21185831656
2021-07-13,PROD-010,213,16946.2427643897
2021-07-14,PROD-010,148,7561.027659415071
2021-07-15,PROD-010,192,28771.3531260363
2021-07-16,PROD-010,159,16136.987151405403
2021-07-17,PROD-010,126,8832.495140683617
2021-07-18,PROD-010,91,10267.99913269792
2021-07-19,PROD-010,202,22490.564891721202
2021-07-20,PROD-010,145,4471.9306595593025
2021-07-21,PROD-010,240,29817.169279303806
2021-07-22,PROD-010,213,19674.21431215647
2021-07-23,PROD-010,163,14630.389600082946
2021-07-24,PROD-010,144,7742.916467569168
2021-07-25,PROD-010,141,12565.079359164229
2021-07-26,PROD-010,224,9564.851482016205
2021-07-27,PROD-010,174,23660.179069525446
2021-07-28,PROD-010,187,26039.08895459855
2021-07-29,PROD-010,162,12302.275873119064
2021-07-30,PROD-010,216,24266.21738513083
2021-07-31,PROD-010,130,13080.260645674864
2021-08-01,PROD-010,157,17324.06149402392
2021-08-02,PROD-010,154,13910.619133458813
2021-08-03,PROD-010,216,27955.440284362045
2021-08-04,PROD-010,259,28425.139199885245
2021-08-05,PROD-010,241,26551.55005429716
2021-08-06,PROD-010,241,10544.072992179772
2021-08-07,PROD-010,160,12053.392949478399
2021-08-08,PROD-010,125,16273.353557875314
2021-08-09,PROD-010,261,9786.749380058589
2021-08-10,PROD-010,166,14585.46209520904
2021-08-11,PROD-010,262,38654.378230645925
2021-08-12,PROD-010,221,22537.760044971703
2021-08-13,PROD-010,201,15123.27375258465
2021-08-14,PROD-010,157,4172.478071614915
2021-08-15,PROD-010,141,17664.39207391941
2021-08-16,PROD-010,226,30282.096520674826
2021-08-17,PROD-010,162,22697.78363509983
2021-08-18,PROD-010,162,21299.785169427767
2021-08-19,PROD-010,215,23910.85065364367
2021-08-20,PROD-010,187,21398.59426231558
2021-08-21,PROD-010,161,15493.369540329482
2021-08-22,PROD-010,165,21705.481935682088
2021-08-23,PROD-010,210,23436.359755856298
2021-08-24,PROD-010,206,22574.257039888493
2021-08-25,PROD-010,226,29061.156441591953
2021-08-26,PROD-010,161,5792.584585952466
2021-08-27,PROD-010,246,21341.754555957734
2021-08-28,PROD-010,121,4288.141463595234
2021-08-29,PROD-010,99,2554.5176551113373
2021-08-30,PROD-010,168,21034.561899665212
2021-08-31,PROD-010,230,8466.515109773965
2021-09-01,PROD-010,154,18800.481310741754
2021-09-02,PROD-010,239,9676.183911326518
2021-09-03,PROD-010,179,16875.168012014663
2021-09-04,PROD-010,168,6463.742815234235
2021-09-05,PROD-010,103,11334.094185010765
2021-09-06,PROD-010,240,27217.226577886733
2021-09-07,PROD-010,166,6209.221189487308
2021-09-08,PROD-010,219,13933.150753944963
2021-09-09,PROD-010,245,12941.754997095459
2021-09-10,PROD-010,252,11348.117884633351
2021-09-11,PROD-010,114,5841.178123092861
2021-09-12,PROD-010,138,4498.368366467835
2021-09-13,PROD-010,170,24904.907474371466
2021-09-14,PROD-010,207,23822.9535423977
2021-09-15,PROD-010,184,19108.735835739724
2021-09-16,PROD-010,220,23932.699258167824
2021-09-17,PROD-010,269,36013.561969508926
2021-09-18,PROD-010,95,8007.244208336856
2021-09-19,PROD-010,162,4254.269844743385
2021-09-20,PROD-010,172,8561.605651692898
2021-09-21,PROD-010,163,8987.741947721339
2021-09-22,PROD-010,215,27525.11399965866
2021-09-23,PROD-010,154,21265.096779587162
2021-09-24,PROD-010,216,12672.22463178965
2021-09-25,PROD-010,148,13914.991011557875
2021-09-26,PROD-010,105,14562.255915568827
2021-09-27,PROD-010,217,28879.898207337694
2021-09-28,PROD-010,172,9844.020378874275
2021-09-29,PROD-010,177,21692.09440571688
2021-09-30,PROD-010,228,20032.61222648358
2021-10-01,PROD-010,179,6667.617681404288
2021-10-02,PROD-010,156,8828.970577294118
2021-10-03,PROD-010,138,17089.008349598724
2021-10-04,PROD-010,240,27958.76322665486
2021-10-05,PROD-010,184,7663.33215018812
2021-10-06,PROD-010,175,20854.677765071985
2021-10-07,PROD-010,153,16905.90750720058
2021-10-08,PROD-010,172,12346.229606212348
2021-10-09,PROD-010,117,17347.943646531556
2021-10-10,PROD-010,134,10475.27591438192
2021-10-11,PROD-010,216,21092.672715990226
2021-10-12,PROD-010,253,29092.951058074752
2021-10-13,PROD-010,217,22555.19255496813
2021-10-14,PROD-010,199,8740.692124238076
2021-10-15,PROD-010,188,28155.792692846764
2021-10-16,PROD-010,130,8760.296791384882
2021-10-17,PROD-010,92,5272.717041458105
2021-10-18,PROD-010,200,28048.54036854663
2021-10-19,PROD-010,229,15795.046945608723
2021-10-20,PROD-010,175,13254.022448373378
2021-10-21,PROD-010,173,5155.289495703269
2021-10-22,PROD-010,228,33655.75392575113
2021-10-23,PROD-010,97,12455.915222255158
2021-10-24,PROD-010,116,10232.896463985662
2021-10-25,PROD-010,206,26848.297425066165
2021-10-26,PROD-010,215,19498.603909996393
2021-10-27,PROD-010,183,6857.785896086259
2021-10-28,PROD-010,183,13866.65191475065
2021-10-29,PROD-010,223,17501.615271102673
2021-10-30,PROD-010,125,7474.560071798571
2021-10-31,PROD-010,134,11588.241794646508
2021-11-01,PROD-010,226,14132.150963658834
2021-11-02,PROD-010,171,5868.997499290921
2021-11-03,PROD-010,217,25193.737197449813
2021-11-04,PROD-010,129,18650.373061792612
2021-11-05,PROD-010,205,12747.246541367069
2021-11-06,PROD-010,92,13336.877432790792
2021-11-07,PROD-010,127,14200.239458337115
2021-11-08,PROD-010,218,21912.922777886393
2021-11-09,PROD-010,191,5171.584416716264
2021-11-10,PROD-010,152,11914.270017960524
2021-11-11,PROD-010,183,6499.819727555072
2021-11-12,PROD-010,134,8985.368796730867
2021-11-13,PROD-010,97,9934.02329481898
2021-11-14,PROD-010,125,10076.171590308864
2021-11-15,PROD-010,173,14547.985410511066
2021-11-16,PROD-010,151,20444.099210956814
2021-11-17,PROD-010,131,9604.766005145477
2021-11-18,PROD-010,147,9783.770007143574
2021-11-19,PROD-010,150,5818.058684566497
2021-11-20,PROD-010,96,3978.9348835260007
2021-11-21,PROD-010,88,4596.698518506577
2021-11-22,PROD-010,206,22648.477741268976
2021-11-23,PROD-010,186,12389.82974474837
2021-11-24,PROD-010,125,18483.849805464757
2021-11-25,PROD-010,179,22702.250781303832
2021-11-26,PROD-010,193,21942.20922506969
2021-11-27,PROD-010,98,5876.655586383683
2021-11-28,PROD-010,89,4593.209292338295
2021-11-29,PROD-010,182,21531.36110720135
2021-11-30,PROD-010,164,7800.656063812099
2021-12-01,PROD-010,196,11665.956586628348
2021-12-02,PROD-010,165,14410.936331519013
2021-12-03,PROD-010,183,26893.803926997873
2021-12-04,PROD-010,98,3918.0535676458912
2021-12-05,PROD-010,118,15465.716399722383
2021-12-06,PROD-010,162,7419.329501409375
2021-12-07,PROD-010,133,6496.565119103509
2021-12-08,PROD-010,168,22049.39824790777
2021-12-09,PROD-010,179,17860.51821669855
2021-12-10,PROD-010,177,4537.45743328622
2021-12-11,PROD-010,93,13003.990757786101
2021-12-12,PROD-010,88,9073.566222896628
2021-12-13,PROD-010,147,12448.12884164104
2021-12-14,PROD-010,147,8198.13990494157
2021-12-15,PROD-010,112,5657.366669906998
2021-12-16,PROD-010,142,11939.521525155229
2021-12-17,PROD-010,149,11899.30034991107
2021-12-18,PROD-010,110,12962.401035557614
2021-12-19,PROD-010,85,7249.643981191505
2021-12-20,PROD-010,120,11085.170549388815
2021-12-21,PROD-010,152,13749.230453809407
2021-12-22,PROD-010,123,9148.13011903621
2021-12-23,PROD-010,166,18601.051875047855
2021-12-24,PROD-010,114,5559.5923577842605
2021-12-25,PROD-010,68,9451.285885013805
2021-12-26,PROD-010,108,9326.921711495706
2021-12-27,PROD-010,131,6029.295279676803
2021-12-28,PROD-010,100,5038.016506914229
2021-12-29,PROD-010,123,9361.0127018035
2021-12-30,PROD-010,99,3305.837039352889
2021-12-31,PROD-010,126,17103.370870992825
2022-01-01,PROD-010,97,10969.984102948005
2022-01-02,PROD-010,56,6281.931150144832
2022-01-03,PROD-010,126,10181.454433856232
2022-01-04,PROD-010,151,15438.18027660832
2022-01-05,PROD-010,103,14517.403157097016
2022-01-06,PROD-010,115,4223.498347469233
2022-01-07,PROD-010,146,14646.105566605034
2022-01-08,PROD-010,85,6355.388247842825
2022-01-09,PROD-010,64,8603.345233849053
2022-01-10,PROD-010,150,3877.881285537901
2022-01-11,PROD-010,129,12022.758961911675
2022-01-12,PROD-010,130,17865.585155968383
2022-01-13,PROD-010,128,17292.07810682821
2022-01-14,PROD-010,106,4573.326462533292
2022-01-15,PROD-010,69,3219.4145504700023
2022-01-16,PROD-010,93,9848.413232652683
2022-01-17,PROD-010,83,5315.288737794697
2022-01-18,PROD-010,83,9556.472563807958
2022-01-19,PROD-010,124,12674.610412617189
2022-01-20,PROD-010,109,5246.908214140028
2022-01-21,PROD-010,128,14829.208809472597
2022-01-22,PROD-010,82,7546.80950829875
2022-01-23,PROD-010,58,7668.1984413908895
2022-01-24,PROD-010,93,11192.077330510721
2022-01-25,PROD-010,127,4509.401063505799
2022-01-26,PROD-010,116,10240.354965736231
2022-01-27,PROD-010,82,7057.048751897741
2022-01-28,PROD-010,121,11074.87961053285
2022-01-29,PROD-010,67,5163.052723498938
2022-01-30,PROD-010,61,4015.008187397703
2022-01-31,PROD-010,131,19101.212137857627
2022-02-01,PROD-010,114,7303.7117164261335
2022-02-02,PROD-010,110,13567.36282583301
2022-02-03,PROD-010,76,5866.7260527439075
2022-02-04,PROD-010,108,11388.816712545764
2022-02-05,PROD-010,68,6482.645306711246
2022-02-06,PROD-010,72,8115.610853416876
2022-02-07,PROD-010,77,8845.91436897502
2022-02-08,PROD-010,72,4606.334156354609
2022-02-09,PROD-010,106,13041.496323525978
2022-02-10,PROD-010,125,6909.945468829084
2022-02-11,PROD-010,88,9998.022224602868
2022-02-12,PROD-010,77,2321.4469657376167
2022-02-13,PROD-010,55,5212.816396232268
2022-02-14,PROD-010,127,5107.893783472464
2022-02-15,PROD-010,105,13411.07413385433
2022-02-16,PROD-010,124,5852.368356261747
2022-02-17,PROD-010,88,8185.964311011025
2022-02-18,PROD-010,102,4391.5102661938745
2022-02-19,PROD-010,76,9815.714956335014
2022-02-20,PROD-010,73,9312.795064617514
2022-02-21,PROD-010,89,13166.99137224637
2022-02-22,PROD-010,84,6308.867708984188
2022-02-23,PROD-010,110,15361.294413692043
2022-02-24,PROD-010,127,17235.51211768202
2022-02-25,PROD-010,113,13611.066619650996
2022-02-26,PROD-010,54,6499.527178191186
2022-02-27,PROD-010,78,11447.065043600853
2022-02-28,PROD-010,101,3152.372849955497
2022-03-01,PROD-010,87,8623.626580121034
2022-03-02,PROD-010,109,4309.272869934159
2022-03-03,PROD-010,72,7366.5789732854155
2022-03-04,PROD-010,110,6912.483894331289
2022-03-05,PROD-010,60,8854.26114288086
2022-03-06,PROD-010,55,4610.685918306187
2022-03-07,PROD-010,100,10641.776595988695
2022-03-08,PROD-010,78,8249.155663626167
2022-03-09,PROD-010,101,12052.623444125384
2022-03-10,PROD-010,71,7455.629716038192
2022-03-11,PROD-010,103,7018.244246850392
2022-03-12,PROD-010,59,5988.635702445924
2022-03-13,PROD-010,73,3324.1780843421875
2022-03-14,PROD-010,96,2627.5605671105986
2022-03-15,PROD-010,95,13142.38014197938
2022-03-16,PROD-010,114,11081.358293877805
2022-03-17,PROD-010,116,11326.236916217751
2022-03-18,PROD-010,73,3793.4171082042008
2022-03-19,PROD-010,80,10036.766743381602
2022-03-20,PROD-010,64,8839.162319824309
2022-03-21,PROD-010,79,4841.064811403792
2022-03-22,PROD-010,99,2842.0014794037315
2022-03-23,PROD-010,136,4049.427729261134
2022-03-24,PROD-010,116,8985.947369610169
2022-03-25,PROD-010,90,11326.81053639625
2022-03-26,PROD-010,81,7462.451487287925
2022-03-27,PROD-010,56,7138.102322374117
2022-03-28,PROD-010,108,12457.22355657193
2022-03-29,PROD-010,141,3741.479664138615
2022-03-30,PROD-010,103,4965.692865231364
2022-03-31,PROD-010,123,9567.910382097278
2022-04-01,PROD-010,130,18846.206439364792
2022-04-02,PROD-010,57,3825.8835701785097
2022-04-03,PROD-010,50,1716.1259510447949
2022-04-04,PROD-010,108,15632.525380968002
2022-04-05,PROD-010,147,21323.042145172873
2022-04-06,PROD-010,113,8043.253198785019
2022-04-07,PROD-010,129,10132.565426648858
2022-04-08,PROD-010,116,4590.429829669396
2022-04-09,PROD-010,87,2709.3847085134375
2022-04-10,PROD-010,86,6562.646092005071
2022-04-11,PROD-010,84,10684.011254409315
2022-04-12,PROD-010,138,8507.883751354684
2022-04-13,PROD-010,127,13270.509209330072
2022-04-14,PROD-010,145,20985.815640053417
2022-04-15,PROD-010,89,10805.765641969418
2022-04-16,PROD-010,83,6100.216631902887
2022-04-17,PROD-010,63,2398.9256054399266
2022-04-18,PROD-010,120,11305.527861623732
2022-04-19,PROD-010,156,4440.793654304408
2022-04-20,PROD-010,145,14938.200771209184
2022-04-21,PROD-010,101,7391.141047908946
2022-04-22,PROD-010,126,15558.378198249842
2022-04-23,PROD-010,78,4222.134166072921
2022-04-24,PROD-010,96,8551.904119877974
2022-04-25,PROD-010,109,3795.893768723872
2022-04-26,PROD-010,140,11631.550191151726
2022-04-27,PROD-010,163,9721.140077205708
2022-04-28,PROD-010,102,13103.82297139325
2022-04-29,PROD-010,132,4550.729007207693
2022-04-30,PROD-010,74,5516.538360179869
2022-05-01,PROD-010,106,8928.697701328685
2022-05-02,PROD-010,163,17923.052415767546
2022-05-03,PROD-010,129,17994.346997877165
2022-05-04,PROD-010,129,7394.403019134649
2022-05-05,PROD-010,180,20638.89972907324
2022-05-06,PROD-010,157,13858.816701955646
2022-05-07,PROD-010,115,3595.8043366253705
2022-05-08,PROD-010,100,4411.674339616997
2022-05-09,PROD-010,167,20994.9216804921
2022-05-10,PROD-010,116,4234.066324268998
2022-05-11,PROD-010,123,9526.419026579311
2022-05-12,PROD-010,153,8202.253557763162
2022-05-13,PROD-010,118,2994.5411161517145
2022-05-14,PROD-010,69,7280.053288180499
2022-05-15,PROD-010,80,9786.016958010443
2022-05-16,PROD-010,154,11301.123828584186
2022-05-17,PROD-010,171,25535.96539034933
2022-05-18,PROD-010,137,19366.814357649153
2022-05-19,PROD-010,198,14288.509745307383
2022-05-20,PROD-010,169,16424.579253069736
2022-05-21,PROD-010,107,10503.671631691344
2022-05-22,PROD-010,103,7550.684562312607
2022-05-23,PROD-010,184,8888.747205890406
2022-05-24,PROD-010,118,10671.511434793467
2022-05-25,PROD-010,200,14415.328799769875
2022-05-26,PROD-010,201,22755.820973828842
2022-05-27,PROD-010,202,24770.247214220104
2022-05-28,PROD-010,91,6656.921283162088
2022-05-29,PROD-010,100,3700.540020979497
2022-05-30,PROD-010,166,22089.052475580327
2022-05-31,PROD-010,180,7913.543447312088
2022-06-01,PROD-010,209,23110.74592682842
2022-06-02,PROD-010,216,6605.78904455976
2022-06-03,PROD-010,145,12886.803020604426
2022-06-04,PROD-010,99,9646.113513800437
2022-06-05,PROD-010,117,5924.9004766337675
2022-06-06,PROD-010,182,26114.103309034155
2022-06-07,PROD-010,197,9553.892912046727
2022-06-08,PROD-010,232,27294.421868357396
2022-06-09,PROD-010,240,32555.09531649072
2022-06-10,PROD-010,197,5829.275441837964
2022-06-11,PROD-010,141,20417.165454997114
2022-06-12,PROD-010,149,7198.00579700071
2022-06-13,PROD-010,140,14077.045349694488
2022-06-14,PROD-010,244,32677.42224509376
2022-06-15,PROD-010,207,6059.6183196967295
2022-06-16,PROD-010,147,12332.847658519531
2022-06-17,PROD-010,225,30638.795185252813
2022-06-18,PROD-010,143,19483.684434852832
2022-06-19,PROD-010,161,14536.591212547346
2022-06-20,PROD-010,188,16648.284452447293
2022-06-21,PROD-010,177,10027.083979185065
2022-06-22,PROD-010,212,25153.135393270204
2022-06-23,PROD-010,202,17961.504037097955
2022-06-24,PROD-010,173,5170.2215264930255
2022-06-25,PROD-010,110,8878.524102129915
2022-06-26,PROD-010,143,14348.900672608865
2022-06-27,PROD-010,219,8184.219449008881
2022-06-28,PROD-010,149,7833.443529937814
2022-06-29,PROD-010,260,32350.504781576346
2022-06-30,PROD-010,271,19708.209150479288
2022-07-01,PROD-010,237,34611.40518736241
2022-07-02,PROD-010,169,24878.87359111465
2022-07-03,PROD-010,150,8676.661419854428
2022-07-04,PROD-010,194,9657.80905107157
2022-07-05,PROD-010,273,21546.56629630745
2022-07-06,PROD-010,252,17388.99627198791
2022-07-07,PROD-010,278,16049.451058427418
2022-07-08,PROD-010,197,7022.097859754348
2022-07-09,PROD-010,176,8883.31743903225
2022-07-10,PROD-010,120,8633.320906849158
2022-07-11,PROD-010,280,32301.051342757142
2022-07-12,PROD-010,294,43400.96236267022
2022-07-13,PROD-010,177,23258.291192826524
2022-07-14,PROD-010,252,20594.14473411743
2022-07-15,PROD-010,186,19809.390050390935
2022-07-16,PROD-010,139,4932.565548680895
2022-07-17,PROD-010,165,16409.601405334433
2022-07-18,PROD-010,278,15815.420657383118
2022-07-19,PROD-010,274,14418.708067112604
2022-07-20,PROD-010,229,24403.272365448807
2022-07-21,PROD-010,171,23615.355923393854
2022-07-22,PROD-010,261,20913.591236368662
2022-07-23,PROD-010,127,18615.05489427841
2022-07-24,PROD-010,115,4194.957094314037
2022-07-25,PROD-010,256,22679.00308329412
2022-07-26,PROD-010,229,28725.14775660339
2022-07-27,PROD-010,196,7496.064690527132
2022-07-28,PROD-010,228,12390.551458438276
2022-07-29,PROD-010,184,9515.67722053077
2022-07-30,PROD-010,181,13682.800917409046
2022-07-31,PROD-010,118,5570.815871643191
2022-08-01,PROD-010,278,34834.640366638996
2022-08-02,PROD-010,231,26113.88801870928
2022-08-03,PROD-010,253,7491.494939693562
2022-08-04,PROD-010,282,12338.451921487635
2022-08-05,PROD-010,200,24922.968603962297
2022-08-06,PROD-010,123,7779.671822409644
2022-08-07,PROD-010,199,29760.744290667215
2022-08-08,PROD-010,228,8550.780492883152
2022-08-09,PROD-010,191,22240.314792437744
2022-08-10,PROD-010,291,27723.178658501354
2022-08-11,PROD-010,319,35612.94862312782
2022-08-12,PROD-010,322,9244.1675375725
2022-08-13,PROD-010,140,11366.06471946112
2022-08-14,PROD-010,116,10163.554061343735
2022-08-15,PROD-010,193,16258.992302832725
2022-08-16,PROD-010,276,24242.875394303122
2022-08-17,PROD-010,322,45760.60077108073
2022-08-18,PROD-010,299,20075.034499377343
2022-08-19,PROD-010,237,6902.216734296492
2022-08-20,PROD-010,177,15625.375045077344
2022-08-21,PROD-010,206,9179.062990728378
2022-08-22,PROD-010,286,25602.721860797305
2022-08-23,PROD-010,190,6017.954660190185
2022-08-24,PROD-010,329,30169.78921069879
2022-08-25,PROD-010,237,32897.17379609255
2022-08-26,PROD-010,322,11953.797998526212
2022-08-27,PROD-010,185,24386.161667491466
2022-08-28,PROD-010,149,8291.029641624167
2022-08-29,PROD-010,316,15854.241630246397
2022-08-30,PROD-010,181,20707.702081274572
2022-08-31,PROD-010,204,9749.31351590589
2022-09-01,PROD-010,329,14412.886399324043
2022-09-02,PROD-010,206,30409.833720839026
2022-09-03,PROD-010,190,24808.213595258803
2022-09-04,PROD-010,122,6870.351354516671
2022-09-05,PROD-010,252,28336.27366970918
2022-09-06,PROD-010,216,15975.125580380829
2022-09-07,PROD-010,249,35637.974624154245
2022-09-08,PROD-010,257,31677.572723483965
2022-09-09,PROD-010,192,5960.612218178332
2022-09-10,PROD-010,198,24649.141521138776
2022-09-11,PROD-010,169,23737.721658105944
2022-09-12,PROD-010,219,8064.537735258645
2022-09-13,PROD-010,190,11784.503441038478
2022-09-14,PROD-010,278,18883.93461999898
2022-09-15,PROD-010,281,37930.80905434621
2022-09-16,PROD-010,294,13642.54938439515
2022-09-17,PROD-010,138,9996.935002256656
2022-09-18,PROD-010,181,11957.823012903891
2022-09-19,PROD-010,250,21001.62987007858
2022-09-20,PROD-010,205,11635.596610342822
2022-09-21,PROD-010,185,6464.242397492913
2022-09-22,PROD-010,287,36206.3373528899
2022-09-23,PROD-010,190,14031.895226717712
2022-09-24,PROD-010,208,17809.382468036623
2022-09-25,PROD-010,190,8504.967477437089
2022-09-26,PROD-010,197,26009.39252785001
2022-09-27,PROD-010,271,33231.56718433081
2022-09-28,PROD-010,248,22419.678715769354
2022-09-29,PROD-010,208,18419.55918216932
2022-09-30,PROD-010,196,24732.615479976168
2022-10-01,PROD-010,141,10464.211879391496
2022-10-02,PROD-010,161,22772.52773883804
2022-10-03,PROD-010,252,31910.40259396548
2022-10-04,PROD-010,305,23310.534302096843
2022-10-05,PROD-010,212,14523.362555252039
2022-10-06,PROD-010,183,7386.857222588461
2022-10-07,PROD-010,305,32289.74915867345
2022-10-08,PROD-010,143,12196.03594169367
2022-10-09,PROD-010,130,11948.254298529682
2022-10-10,PROD-010,206,23669.029637078696
2022-10-11,PROD-010,189,9781.856590143254
2022-10-12,PROD-010,226,6929.231405919884
2022-10-13,PROD-010,293,20725.827635955324
2022-10-14,PROD-010,169,6328.411588738039
2022-10-15,PROD-010,163,17351.096533114964
2022-10-16,PROD-010,180,16522.947707849777
2022-10-17,PROD-010,225,6495.962203742777
2022-10-18,PROD-010,298,44477.28579415892
2022-10-19,PROD-010,252,16487.84173862847
2022-10-20,PROD-010,229,33864.95519003829
2022-10-21,PROD-010,301,36756.66921517874
2022-10-22,PROD-010,151,5945.072010055087
2022-10-23,PROD-010,138,20514.57967677722
2022-10-24,PROD-010,207,20773.22333383541
2022-10-25,PROD-010,244,11072.598593610815
2022-10-26,PROD-010,260,7356.8692209224155
2022-10-27,PROD-010,206,9119.394915701792
2022-10-28,PROD-010,165,15037.44750850839
2022-10-29,PROD-010,158,4670.68976240376
2022-10-30,PROD-010,107,11774.457010471428
2022-10-31,PROD-010,225,30339.761811088356
2022-11-01,PROD-010,188,26046.351890502
2022-11-02,PROD-010,175,18270.325024161655
2022-11-03,PROD-010,164,22723.15310597751
2022-11-04,PROD-010,180,17735.402801784774
2022-11-05,PROD-010,137,19431.611918363356
2022-11-06,PROD-010,145,21735.332690461088
2022-11-07,PROD-010,188,12134.115851814437
2022-11-08,PROD-010,244,17625.49696926882
2022-11-09,PROD-010,192,14813.910061536222
2022-11-10,PROD-010,199,8794.485897920802
2022-11-11,PROD-010,156,10930.557924699691
2022-11-12,PROD-010,121,11575.29919071047
2022-11-13,PROD-010,166,23678.006313933787
2022-11-14,PROD-010,194,21915.01810445505
2022-11-15,PROD-010,256,13262.857314103603
2022-11-16,PROD-010,175,7238.770693632437
2022-11-17,PROD-010,162,18167.30746016937
2022-11-18,PROD-010,219,32088.043061609806
2022-11-19,PROD-010,140,16424.790213579294
2022-11-20,PROD-010,146,17636.659920530434
2022-11-21,PROD-010,259,8292.721708505129
2022-11-22,PROD-010,215,30202.256431336096
2022-11-23,PROD-010,242,16370.178126242477
2022-11-24,PROD-010,253,23054.017133130907
2022-11-25,PROD-010,223,21193.569897226036
2022-11-26,PROD-010,130,6022.671458174697
2022-11-27,PROD-010,122,10330.028981656105
2022-11-28,PROD-010,150,8665.889224798295
2022-11-29,PROD-010,213,15799.750557176436
2022-11-30,PROD-010,211,16782.032095218343
2022-12-01,PROD-010,185,22721.493751652128
2022-12-02,PROD-010,216,14712.903257414964
2022-12-03,PROD-010,144,4474.351339448005
2022-12-04,PROD-010,126,18144.505771915115
2022-12-05,PROD-010,235,19300.69732983041
2022-12-06,PROD-010,187,25668.05126256311
2022-12-07,PROD-010,174,15337.180534844158
2022-12-08,PROD-010,196,6003.525385558445
2022-12-09,PROD-010,199,17895.397452984653
2022-12-10,PROD-010,119,10056.712713456005
2022-12-11,PROD-010,92,12846.409133966263
2022-12-12,PROD-010,187,6913.558643676432
2022-12-13,PROD-010,138,18374.92879293874
2022-12-14,PROD-010,166,24408.281242301728
2022-12-15,PROD-010,138,12505.583890151604
2022-12-16,PROD-010,156,19437.418419591475
2022-12-17,PROD-010,82,9005.715096480591
2022-12-18,PROD-010,76,10807.75964774427
2022-12-19,PROD-010,162,7887.544350002059
2022-12-20,PROD-010,129,5472.03443774614
2022-12-21,PROD-010,194,15400.17473979632
2022-12-22,PROD-010,164,5060.812579552573
2022-12-23,PROD-010,115,6293.089655824593
2022-12-24,PROD-010,92,2950.6582847335712
2022-12-25,PROD-010,74,10330.74165403439
2022-12-26,PROD-010,173,9368.331810033795
2022-12-27,PROD-010,172,24247.01346639512
2022-12-28,PROD-010,170,17498.908272577355
2022-12-29,PROD-010,187,18910.291852395425
2022-12-30,PROD-010,132,18184.961884163175
2022-12-31,PROD-010,105,13962.616569161848
2023-01-01,PROD-010,78,9348.379106484965
2023-01-02,PROD-010,181,16898.977146469482
2023-01-03,PROD-010,109,3758.070482474673
2023-01-04,PROD-010,174,4782.112277560278
2023-01-05,PROD-010,171,23971.650355611164
2023-01-06,PROD-010,106,8997.501892959466
2023-01-07,PROD-010,118,8153.169452276938
2023-01-08,PROD-010,66,8402.97224546503
2023-01-09,PROD-010,160,14412.66035767823
2023-01-10,PROD-010,182,7565.517945314184
2023-01-11,PROD-010,100,14187.537557446825
2023-01-12,PROD-010,120,3244.540270041899
2023-01-13,PROD-010,145,6258.9036752797265
2023-01-14,PROD-010,85,8247.990767846662
2023-01-15,PROD-010,100,5792.343836481039
2023-01-16,PROD-010,96,2706.8233159189563
2023-01-17,PROD-010,128,12692.00323506187
2023-01-18,PROD-010,130,18814.229700553045
2023-01-19,PROD-010,141,13786.416482150516
2023-01-20,PROD-010,161,13688.397746650127
2023-01-21,PROD-010,86,7360.204025049662
2023-01-22,PROD-010,81,9773.603613154248
2023-01-23,PROD-010,167,16064.784742190974
2023-01-24,PROD-010,101,3814.982084243328
2023-01-25,PROD-010,91,9048.910517054692
2023-01-26,PROD-010,130,7840.640580537456
2023-01-27,PROD-010,114,16557.759513879704
2023-01-28,PROD-010,92,11041.97201407254
2023-01-29,PROD-010,88,2573.6929575835766
2023-01-30,PROD-010,149,20843.23717281531
2023-01-31,PROD-010,134,12169.760186795073
2023-02-01,PROD-010,95,13592.712457293419
2023-02-02,PROD-010,154,8535.206161336588
2023-02-03,PROD-010,125,17549.32774741924
2023-02-04,PROD-010,87,8197.939427937925
2023-02-05,PROD-010,87,6638.718738500073
2023-02-06,PROD-010,122,11937.546055994744
2023-02-07,PROD-010,104,13971.985494195786
2023-02-08,PROD-010,101,11685.691251358545
2023-02-09,PROD-010,109,4413.875657636391
2023-02-10,PROD-010,152,4316.317886237753
2023-02-11,PROD-010,68,4342.067664893842
2023-02-12,PROD-010,64,8169.698751902966
2023-02-13,PROD-010,108,14465.931286585137
2023-02-14,PROD-010,100,10976.203166320585
2023-02-15,PROD-010,153,4820.2021279876635
2023-02-16,PROD-010,90,6986.618556966098
2023-02-17,PROD-010,131,11754.930111873704
2023-02-18,PROD-010,80,9844.85669872354
2023-02-19,PROD-010,90,10390.156149149452
2023-02-20,PROD-010,120,17591.29574483663
2023-02-21,PROD-010,98,10806.941119003326
2023-02-22,PROD-010,145,6406.659746166903
2023-02-23,PROD-010,125,16411.43341503123
2023-02-24,PROD-010,146,5362.661257911328
2023-02-25,PROD-010,55,1624.355541126318
2023-02-26,PROD-010,68,4803.843276511868
2023-02-27,PROD-010,92,4563.013499620919
2023-02-28,PROD-010,149,11937.430115552044
2023-03-01,PROD-010,148,19895.49078260885
2023-03-02,PROD-010,140,12186.990430702854
2023-03-03,PROD-010,136,14172.608472655733
2023-03-04,PROD-010,65,3423.041095587648
2023-03-05,PROD-010,70,4199.654049804107
2023-03-06,PROD-010,116,7144.902198970401
2023-03-07,PROD-010,147,21029.936344611266
2023-03-08,PROD-010,140,19563.732922037434
2023-03-09,PROD-010,103,7611.506068321739
2023-03-10,PROD-010,138,5279.576007741491
2023-03-11,PROD-010,85,4772.299229877848
2023-03-12,PROD-010,63,9006.6951757316
2023-03-13,PROD-010,98,4906.3043885685265
2023-03-14,PROD-010,135,4159.023216010692
2023-03-15,PROD-010,111,3191.160976546296
2023-03-16,PROD-010,128,15164.503985548326
2023-03-17,PROD-010,93,12214.244953657299
2023-03-18,PROD-010,65,6969.339967677698
2023-03-19,PROD-010,90,6162.7413892214545
2023-03-20,PROD-010,92,9364.42098526211
2023-03-21,PROD-010,96,13730.701981316062
2023-03-22,PROD-010,149,4026.615730758915
2023-03-23,PROD-010,131,18799.926691353026
2023-03-24,PROD-010,99,6339.683589998107
2023-03-25,PROD-010,105,12444.64313288198
2023-03-26,PROD-010,81,9858.82511898427
2023-03-27,PROD-010,118,15156.192329544036
2023-03-28,PROD-010,125,17798.058196716862
2023-03-29,PROD-010,133,18722.59970963315
2023-03-30,PROD-010,112,14305.163719252856
2023-03-31,PROD-010,163,8573.862413301704
2023-04-01,PROD-010,99,6382.518796363204
2023-04-02,PROD-010,104,8178.627299801571
2023-04-03,PROD-010,148,20361.364404125812
2023-04-04,PROD-010,152,10361.47006552593
2023-04-05,PROD-010,155,5955.128972469882
2023-04-06,PROD-010,142,20018.567210055513
2023-04-07,PROD-010,149,11736.195467209242
2023-04-08,PROD-010,113,15896.736368901355
2023-04-09,PROD-010,110,8215.542300008301
2023-04-10,PROD-010,167,4326.282953493658
2023-04-11,PROD-010,184,11437.575542424816
2023-04-12,PROD-010,110,7451.457838896501
2023-04-13,PROD-010,123,9970.863684748927
2023-04-14,PROD-010,159,12909.953464847
2023-04-15,PROD-010,75,6880.80425061016
2023-04-16,PROD-010,75,8217.25992425176
2023-04-17,PROD-010,143,7417.483981331624
2023-04-18,PROD-010,166,15516.347007082672
2023-04-19,PROD-010,137,5777.102726423879
2023-04-20,PROD-010,124,13914.490590021936
2023-04-21,PROD-010,147,16104.636063760841
2023-04-22,PROD-010,103,9761.44168068588
2023-04-23,PROD-010,72,2950.5985474807608
2023-04-24,PROD-010,125,12862.258712523693
2023-04-25,PROD-010,190,23435.591570820357
2023-04-26,PROD-010,111,9665.670747892369
2023-04-27,PROD-010,172,6477.725404077016
2023-04-28,PROD-010,199,23426.49699034824
2023-04-29,PROD-010,96,12735.725726834422
2023-04-30,PROD-010,123,4978.12635650294
2023-05-01,PROD-010,139,11793.260128893877
2023-05-02,PROD-010,121,4524.394035440112
2023-05-03,PROD-010,208,30488.905406972408
2023-05-04,PROD-010,146,20634.902664769957
2023-05-05,PROD-010,199,27871.221682275125
2023-05-06,PROD-010,123,17831.28694096189
2023-05-07,PROD-010,132,8849.72353146821
2023-05-08,PROD-010,131,11041.379467673376
2023-05-09,PROD-010,228,10696.909251022551
2023-05-10,PROD-010,145,15572.671309575893
2023-05-11,PROD-010,183,24589.774272093706
2023-05-12,PROD-010,185,10750.504928334462
2023-05-13,PROD-010,122,15681.783107246645
2023-05-14,PROD-010,134,10249.788544901827
2023-05-15,PROD-010,183,23998.401575278946
2023-05-16,PROD-010,178,26682.39100654206
2023-05-17,PROD-010,242,22193.176135976835
2023-05-18,PROD-010,168,17699.538663826814
2023-05-19,PROD-010,180,24151.93236156799
2023-05-20,PROD-010,154,4885.516405501313
2023-05-21,PROD-010,158,21967.05227242434
2023-05-22,PROD-010,139,6341.596528230856
2023-05-23,PROD-010,217,11769.008002836854
2023-05-24,PROD-010,213,11470.66630722712
2023-05-25,PROD-010,174,17579.57180557155
2023-05-26,PROD-010,155,20168.79937813522
2023-05-27,PROD-010,160,4061.3213134946955
2023-05-28,PROD-010,115,5201.578623314394
2023-05-29,PROD-010,241,10721.103415945987
2023-05-30,PROD-010,177,19693.67097225741
2023-05-31,PROD-010,218,13039.659654530858
2023-06-01,PROD-010,164,21985.627317317798
2023-06-02,PROD-010,251,31342.126696736213
2023-06-03,PROD-010,128,16467.68844107531
2023-06-04,PROD-010,118,14864.974643960126
2023-06-05,PROD-010,244,15725.050491596608
2023-06-06,PROD-010,203,20918.96526133038
2023-06-07,PROD-010,284,31736.25865194337
2023-06-08,PROD-010,218,22917.913115278447
2023-06-09,PROD-010,217,16614.463119313892
2023-06-10,PROD-010,140,7850.809069532002
2023-06-11,PROD-010,113,7623.875119625919
2023-06-12,PROD-010,278,34913.767823304035
2023-06-13,PROD-010,201,5799.38553595319
2023-06-14,PROD-010,249,24028.730113363952
2023-06-15,PROD-010,238,23313.391492282663
2023-06-16,PROD-010,254,34608.19739206354
2023-06-17,PROD-010,183,27195.188809247084
2023-06-18,PROD-010,131,11744.389752793239
2023-06-19,PROD-010,298,34510.299417688504
2023-06-20,PROD-010,289,28151.26294969093
2023-06-21,PROD-010,181,25199.216166824084
2023-06-22,PROD-010,202,18357.946434542653
2023-06-23,PROD-010,299,43176.74453482715
2023-06-24,PROD-010,120,8051.493672411505
2023-06-25,PROD-010,142,17337.37965839116
2023-06-26,PROD-010,285,37114.332295320884
2023-06-27,PROD-010,224,16938.885742498253
2023-06-28,PROD-010,322,37341.24165880884
2023-06-29,PROD-010,321,40732.09308367256
2023-06-30,PROD-010,185,18978.75038785401
2023-07-01,PROD-010,124,12261.025430132182
2023-07-02,PROD-010,201,23739.736630778425
2023-07-03,PROD-010,305,21111.978262383287
2023-07-04,PROD-010,329,21647.37659505928
2023-07-05,PROD-010,324,11219.112426064901
2023-07-06,PROD-010,312,10879.61311483645
2023-07-07,PROD-010,251,30326.20407738081
2023-07-08,PROD-010,120,17880.979612822768
2023-07-09,PROD-010,130,15540.244906392312
2023-07-10,PROD-010,218,15612.866204267213
2023-07-11,PROD-010,278,11259.453409757358
2023-07-12,PROD-010,218,10344.766625161945
2023-07-13,PROD-010,254,14214.095162090218
2023-07-14,PROD-010,345,25080.947547405613
2023-07-15,PROD-010,132,7718.071611953221
2023-07-16,PROD-010,130,10674.823226614548
2023-07-17,PROD-010,317,15821.586440275098
2023-07-18,PROD-010,346,32399.96310913568
2023-07-19,PROD-010,275,25648.433283051607
2023-07-20,PROD-010,328,41142.38819077432
2023-07-21,PROD-010,215,14631.866093821509
2023-07-22,PROD-010,125,17023.007046166244
2023-07-23,PROD-010,129,6445.658993981423
2023-07-24,PROD-010,299,15511.014294991684
2023-07-25,PROD-010,300,8398.852419134866
2023-07-26,PROD-010,237,28309.422296332817
2023-07-27,PROD-010,304,7762.393680763742
2023-07-28,PROD-010,361,11523.053594117482
2023-07-29,PROD-010,175,4702.341270229112
2023-07-30,PROD-010,167,20829.688937453946
2023-07-31,PROD-010,303,16415.916433035847
2023-08-01,PROD-010,208,16799.72643599624
2023-08-02,PROD-010,223,8664.164390396114
2023-08-03,PROD-010,372,21190.334359997094
2023-08-04,PROD-010,205,21484.098365295315
2023-08-05,PROD-010,155,15100.979213421539
2023-08-06,PROD-010,145,14908.484915963556
2023-08-07,PROD-010,299,43987.478374314385
2023-08-08,PROD-010,360,50294.67870336202
2023-08-09,PROD-010,285,40436.02552078228
2023-08-10,PROD-010,277,13069.520734136006
2023-08-11,PROD-010,235,21005.80110103156
2023-08-12,PROD-010,166,23777.55174815508
2023-08-13,PROD-010,225,26867.313071564546
2023-08-14,PROD-010,208,12664.775904361859
2023-08-15,PROD-010,340,47646.60911056619
2023-08-16,PROD-010,317,11273.327283381752
2023-08-17,PROD-010,215,11462.824162943838
2023-08-18,PROD-010,258,36229.475717479334
2023-08-19,PROD-010,219,16396.698433825044
2023-08-20,PROD-010,246,11199.873533877488
2023-08-21,PROD-010,334,16005.667204326657
2023-08-22,PROD-010,360,33488.76786389213
2023-08-23,PROD-010,305,15462.663033344465
2023-08-24,PROD-010,299,38161.496197647146
2023-08-25,PROD-010,333,49755.41353069808
2023-08-26,PROD-010,143,8292.480413188516
2023-08-27,PROD-010,173,21225.235360136845
2023-08-28,PROD-010,270,12665.09153551247
2023-08-29,PROD-010,312,33608.02990766242
2023-08-30,PROD-010,330,33783.70627495381
2023-08-31,PROD-010,311,22481.265338538396
2023-09-01,PROD-010,350,34378.49243744264
2023-09-02,PROD-010,177,11930.435679459957
2023-09-03,PROD-010,156,20142.902856666682
2023-09-04,PROD-010,319,23388.185630968754
2023-09-05,PROD-010,299,9919.063113986878
2023-09-06,PROD-010,233,31338.99881729408
2023-09-07,PROD-010,267,27674.392712331904
2023-09-08,PROD-010,216,29773.63555972045
2023-09-09,PROD-010,202,24458.024798809667
2023-09-10,PROD-010,191,25026.5278171984
2023-09-11,PROD-010,349,27853.38805752603
2023-09-12,PROD-010,245,29034.294404852102
2023-09-13,PROD-010,272,34972.538435128175
2023-09-14,PROD-010,234,26286.368992108513
2023-09-15,PROD-010,338,38603.76867761512
2023-09-16,PROD-010,165,9121.586927648163
2023-09-17,PROD-010,244,27674.747822500405
2023-09-18,PROD-010,360,24540.834985740952
2023-09-19,PROD-010,373,40254.661891988
2023-09-20,PROD-010,337,43169.5720398655
2023-09-21,PROD-010,268,34549.02433198537
2023-09-22,PROD-010,279,12510.865231830472
2023-09-23,PROD-010,140,18103.100767873835
2023-09-24,PROD-010,193,23268.735435754894
2023-09-25,PROD-010,334,22719.070601156272
2023-09-26,PROD-010,272,40397.228220602825
2023-09-27,PROD-010,209,28182.657026309815
2023-09-28,PROD-010,209,9929.319340839895
2023-09-29,PROD-010,299,44351.18006779927
2023-09-30,PROD-010,158,12361.947207607576
2023-10-01,PROD-010,163,15526.443326021697
2023-10-02,PROD-010,312,15387.127809986827
2023-10-03,PROD-010,327,34913.12700313035
2023-10-04,PROD-010,230,24874.752831531547
2023-10-05,PROD-010,354,36991.677030617066
2023-10-06,PROD-010,327,37228.28830253843
2023-10-07,PROD-010,206,14442.41008844683
2023-10-08,PROD-010,129,14457.600390132613
2023-10-09,PROD-010,237,16050.604943924189
2023-10-10,PROD-010,302,34981.88202554162
2023-10-11,PROD-010,317,17487.385677895447
2023-10-12,PROD-010,334,28916.72904200945
2023-10-13,PROD-010,365,33999.45873125808
2023-10-14,PROD-010,221,27391.778502946305
2023-10-15,PROD-010,154,20413.428520433295
2023-10-16,PROD-010,227,7066.919577149685
2023-10-17,PROD-010,234,10821.976163878839
2023-10-18,PROD-010,252,12451.123829068933
2023-10-19,PROD-010,354,45617.28079009884
2023-10-20,PROD-010,301,37410.869149296304
2023-10-21,PROD-010,207,6127.396164312701
2023-10-22,PROD-010,145,12426.167211910111
2023-10-23,PROD-010,251,34149.52837069318
2023-10-24,PROD-010,199,14948.599630989702
2023-10-25,PROD-010,268,38220.513544872934
2023-10-26,PROD-010,322,18154.375292910452
2023-10-27,PROD-010,300,22109.743654150952
2023-10-28,PROD-010,167,17362.61025569108
2023-10-29,PROD-010,182,26821.088601412113
2023-10-30,PROD-010,188,18914.472672523858
2023-10-31,PROD-010,313,9752.36353142468
2023-11-01,PROD-010,237,7811.038692825304
2023-11-02,PROD-010,338,48393.191714161316
2023-11-03,PROD-010,226,13964.3891748414
2023-11-04,PROD-010,169,11043.487612235098
2023-11-05,PROD-010,144,14476.841628539703
2023-11-06,PROD-010,237,17480.781374751616
2023-11-07,PROD-010,259,34449.239764575585
2023-11-08,PROD-010,247,28923.252849663957
2023-11-09,PROD-010,253,32452.056610524687
2023-11-10,PROD-010,278,15335.516659643507
2023-11-11,PROD-010,133,3994.7269287096155
2023-11-12,PROD-010,124,16058.665676453908
2023-11-13,PROD-010,241,8345.520195938498
2023-11-14,PROD-010,267,15798.703775873571
2023-11-15,PROD-010,248,17570.653401320174
2023-11-16,PROD-010,312,26625.999007686674
2023-11-17,PROD-010,194,6994.647955123601
2023-11-18,PROD-010,172,5592.705667920979
2023-11-19,PROD-010,110,14201.772843371657
2023-11-20,PROD-010,228,12474.488736571668
2023-11-21,PROD-010,294,24152.055302109602
2023-11-22,PROD-010,188,5402.215633728112
2023-11-23,PROD-010,207,22887.250601281397
2023-11-24,PROD-010,227,9135.758130085102
2023-11-25,PROD-010,182,7294.969731889731
2023-11-26,PROD-010,112,8757.291058174866
2023-11-27,PROD-010,286,15849.159439000628
2023-11-28,PROD-010,182,8612.245590216717
2023-11-29,PROD-010,195,25900.262824429443
2023-11-30,PROD-010,228,8518.951216918971
2023-12-01,PROD-010,211,20533.250270661138
2023-12-02,PROD-010,110,13549.300212602744
2023-12-03,PROD-010,167,24317.38691333602
2023-12-04,PROD-010,249,15817.568255666192
2023-12-05,PROD-010,236,28428.555818501016
2023-12-06,PROD-010,161,17120.465821800495
2023-12-07,PROD-010,157,21735.985045506393
2023-12-08,PROD-010,150,21436.504566919823
2023-12-09,PROD-010,166,5532.238107334825
2023-12-10,PROD-010,100,11010.29958653283
2023-12-11,PROD-010,149,4838.528092819419
2023-12-12,PROD-010,162,18214.842348556533
2023-12-13,PROD-010,232,24005.457029081652
2023-12-14,PROD-010,173,13963.797174162355
2023-12-15,PROD-010,225,21190.376033150547
2023-12-16,PROD-010,149,7166.3165955464965
2023-12-17,PROD-010,133,14753.037058687847
2023-12-18,PROD-010,189,16094.77721539767
2023-12-19,PROD-010,174,23990.739098736256
2023-12-20,PROD-010,188,27181.903715081164
2023-12-21,PROD-010,225,28298.2053755913
2023-12-22,PROD-010,230,25749.972023685274
2023-12-23,PROD-010,125,11653.894279056169
2023-12-24,PROD-010,99,2492.951633420497
2023-12-25,PROD-010,193,23688.20041137262
2023-12-26,PROD-010,210,6486.686153195027
2023-12-27,PROD-010,206,30307.95272388291
2023-12-28,PROD-010,223,16977.6699338291
2023-12-29,PROD-010,153,21607.503217721238
2023-12-30,PROD-010,81,7243.260738167778
2023-12-31,PROD-010,109,13842.28547330377
2024-01-01,PROD-010,127,13057.374594275936
2024-01-02,PROD-010,155,9182.789528174602
2024-01-03,PROD-010,208,16865.90789994553
2024-01-04,PROD-010,192,16505.08448656273
2024-01-05,PROD-010,186,20087.55186824767
2024-01-06,PROD-010,120,13213.100971139544
2024-01-07,PROD-010,139,13746.009574794238
2024-01-08,PROD-010,122,7825.840304112966
2024-01-09,PROD-010,164,16626.02568928976
2024-01-10,PROD-010,196,5778.2555051867785
2024-01-11,PROD-010,200,23128.31624885678
2024-01-12,PROD-010,198,27364.314054840248
2024-01-13,PROD-010,76,7598.429197672357
2024-01-14,PROD-010,89,6974.48314637779
2024-01-15,PROD-010,140,4270.814742367277
2024-01-16,PROD-010,193,25823.053454367113
2024-01-17,PROD-010,144,6916.498202061371
2024-01-18,PROD-010,148,8221.910206331466
2024-01-19,PROD-010,141,12637.356315495459
2024-01-20,PROD-010,117,3572.9758519426764
2024-01-21,PROD-010,87,9560.213295252968
2024-01-22,PROD-010,167,18410.017701044788
2024-01-23,PROD-010,197,13070.968029679356
2024-01-24,PROD-010,148,7739.71175241226
2024-01-25,PROD-010,153,18098.912241665326
2024-01-26,PROD-010,113,7731.745376649705
2024-01-27,PROD-010,89,12856.23445270913
2024-01-28,PROD-010,68,8708.359770183213
2024-01-29,PROD-010,125,11254.157234517494
2024-01-30,PROD-010,125,12605.541344793357
2024-01-31,PROD-010,119,15377.136594382777
2024-02-01,PROD-010,120,7230.08087669772
2024-02-02,PROD-010,176,12624.599811245585
2024-02-03,PROD-010,97,12766.646215236107
2024-02-04,PROD-010,111,12161.409323104714
2024-02-05,PROD-010,106,15386.205717584242
2024-02-06,PROD-010,166,17623.85310443737
2024-02-07,PROD-010,186,16357.293233720715
2024-02-08,PROD-010,142,13813.531433845907
2024-02-09,PROD-010,152,20426.55293327899
2024-02-10,PROD-010,98,12445.23562672225
2024-02-11,PROD-010,70,2310.7666409449985
2024-02-12,PROD-010,141,19012.0284022129
2024-02-13,PROD-010,99,12306.177564244028
2024-02-14,PROD-010,127,15854.163869163625
2024-02-15,PROD-010,154,6124.213068029162
2024-02-16,PROD-010,130,18061.342303206566
2024-02-17,PROD-010,66,4690.382242803304
2024-02-18,PROD-010,114,15924.058398079473
2024-02-19,PROD-010,121,8843.279851506368
2024-02-20,PROD-010,155,6406.899192949757
2024-02-21,PROD-010,154,8391.703299321845
2024-02-22,PROD-010,98,10212.73753271592
2024-02-23,PROD-010,152,11618.026384712883
2024-02-24,PROD-010,94,12585.427662760472
2024-02-25,PROD-010,100,3134.813345244735
2024-02-26,PROD-010,117,9830.883282672818
2024-02-27,PROD-010,132,8292.37408210774
2024-02-28,PROD-010,129,11118.940780398338
2024-02-29,PROD-010,103,12968.922749477535
2024-03-01,PROD-010,167,17702.099093770295
2024-03-02,PROD-010,64,6085.767575219886
2024-03-03,PROD-010,113,5302.5826352691365
2024-03-04,PROD-010,152,4388.093188710592
2024-03-05,PROD-010,150,16667.67420827801
2024-03-06,PROD-010,122,16832.89284989751
2024-03-07,PROD-010,174,15390.379201244416
2024-03-08,PROD-010,160,12580.006203439745
2024-03-09,PROD-010,63,3200.90812829881
2024-03-10,PROD-010,73,10716.134968911056
2024-03-11,PROD-010,146,12614.153103221475
2024-03-12,PROD-010,135,3425.506017192981
2024-03-13,PROD-010,138,11333.63034911705
2024-03-14,PROD-010,107,7293.738203976762
2024-03-15,PROD-010,166,5963.912299202038
2024-03-16,PROD-010,73,6537.708136347153
2024-03-17,PROD-010,78,3549.7258829820184
2024-03-18,PROD-010,103,9306.850930594854
2024-03-19,PROD-010,141,5205.236306701506
2024-03-20,PROD-010,153,21216.611883947724
2024-03-21,PROD-010,158,6318.79288540132
2024-03-22,PROD-010,188,5798.043489981066
2024-03-23,PROD-010,121,3615.9589174498337
2024-03-24,PROD-010,85,7768.032323426452
2024-03-25,PROD-010,116,3727.618170449179
2024-03-26,PROD-010,127,12435.916286335787
2024-03-27,PROD-010,108,7305.750668934503
2024-03-28,PROD-010,112,14829.505823887528
2024-03-29,PROD-010,139,11360.396908248631
2024-03-30,PROD-010,87,8008.568692719158
2024-03-31,PROD-010,94,11844.461021403027
2024-04-01,PROD-010,112,3005.260806389299
2024-04-02,PROD-010,135,12602.98531487014
2024-04-03,PROD-010,155,17642.53739603254
2024-04-04,PROD-010,138,12908.303212866367
2024-04-05,PROD-010,153,8892.307552711532
2024-04-06,PROD-010,86,10240.928463331493
2024-04-07,PROD-010,131,9775.063063831209
2024-04-08,PROD-010,140,8362.612696458804
2024-04-09,PROD-010,175,12432.250972691894
2024-04-10,PROD-010,123,5132.723736185431
2024-04-11,PROD-010,158,11708.719653086926
2024-04-12,PROD-010,166,24765.49071623795
2024-04-13,PROD-010,133,8590.189051044918
2024-04-14,PROD-010,126,16542.353792835096
2024-04-15,PROD-010,142,7155.799802628782
2024-04-16,PROD-010,155,21310.18576408597
2024-04-17,PROD-010,181,22309.81456926749
2024-04-18,PROD-010,174,10996.227197180748
2024-04-19,PROD-010,139,7334.070454963809
2024-04-20,PROD-010,88,11321.14162490394
2024-04-21,PROD-010,124,12827.422658057932
2024-04-22,PROD-010,227,9156.39872194661
2024-04-23,PROD-010,133,4873.435609289442
2024-04-24,PROD-010,182,22793.34524661839
2024-04-25,PROD-010,146,11902.31841500279
2024-04-26,PROD-010,187,5772.559889959684
2024-04-27,PROD-010,155,13734.760214867409
2024-04-28,PROD-010,95,10878.661119145128
2024-04-29,PROD-010,177,13245.902034798375
2024-04-30,PROD-010,191,10603.748070770342
2024-05-01,PROD-010,237,30433.259026032738
2024-05-02,PROD-010,214,8143.045485466399
2024-05-03,PROD-010,225,16088.230153290533
2024-05-04,PROD-010,116,8826.893783456999
2024-05-05,PROD-010,141,13538.993069559778
2024-05-06,PROD-010,256,35183.281306193625
2024-05-07,PROD-010,244,11233.08982462057
2024-05-08,PROD-010,205,28984.402980694234
2024-05-09,PROD-010,242,19066.18381482022
2024-05-10,PROD-010,202,13859.648069649917
2024-05-11,PROD-010,166,14795.04204280247
2024-05-12,PROD-010,160,13451.640306419438
2024-05-13,PROD-010,161,5366.594905775492
2024-05-14,PROD-010,207,16875.240764875834
2024-05-15,PROD-010,255,13031.994835687137
2024-05-16,PROD-010,163,14001.886203124548
2024-05-17,PROD-010,269,32641.783877682723
2024-05-18,PROD-010,155,22775.111785984314
2024-05-19,PROD-010,166,23033.39376024852
2024-05-20,PROD-010,197,28099.327449960558
2024-05-21,PROD-010,261,22902.564139293598
2024-05-22,PROD-010,259,26084.178815722786
2024-05-23,PROD-010,209,7358.212610449651
2024-05-24,PROD-010,285,23773.856822048176
2024-05-25,PROD-010,136,16243.546547397622
2024-05-26,PROD-010,139,16963.636339355548
2024-05-27,PROD-010,245,6175.22056966654
2024-05-28,PROD-010,189,22134.704230608768
2024-05-29,PROD-010,291,43215.76024671289
2024-05-30,PROD-010,244,32077.996640043835
2024-05-31,PROD-010,203,25043.87542816751
2024-06-01,PROD-010,110,9337.64987040992
2024-06-02,PROD-010,138,4227.040698071299
2024-06-03,PROD-010,261,16440.091556835123
2024-06-04,PROD-010,227,14160.426027276844
2024-06-05,PROD-010,320,45396.98509969954
2024-06-06,PROD-010,232,34046.482687739175
2024-06-07,PROD-010,280,38716.56478569651
2024-06-08,PROD-010,189,23986.598246090543
2024-06-09,PROD-010,193,5566.297889133653
2024-06-10,PROD-010,242,13653.715667025072
2024-06-11,PROD-010,310,21073.18131192526
2024-06-12,PROD-010,322,13227.770180016789
2024-06-13,PROD-010,293,25295.69657056477
2024-06-14,PROD-010,329,25189.5394575797
2024-06-15,PROD-010,199,9651.95940254739
2024-06-16,PROD-010,197,6882.844505676117
2024-06-17,PROD-010,199,11306.172718879425
2024-06-18,PROD-010,289,30752.2372917806
2024-06-19,PROD-010,288,37997.926754177446
2024-06-20,PROD-010,261,23346.19922145996
2024-06-21,PROD-010,223,12618.380894011047
2024-06-22,PROD-010,186,18542.08535562033
2024-06-23,PROD-010,128,14898.899549350017
2024-06-24,PROD-010,318,31763.89306237687
2024-06-25,PROD-010,314,46037.38774632495
2024-06-26,PROD-010,293,21635.83820736581
2024-06-27,PROD-010,225,24117.62957943066
2024-06-28,PROD-010,344,43990.71698620071
2024-06-29,PROD-010,174,24278.78097483416
2024-06-30,PROD-010,173,16506.055366206536
2024-07-01,PROD-010,364,18639.178282667253
2024-07-02,PROD-010,210,17664.371310116207
2024-07-03,PROD-010,282,34864.39124567377
2024-07-04,PROD-010,280,17654.640891488274
2024-07-05,PROD-010,371,50950.55970887454
2024-07-06,PROD-010,208,23507.329312713362
2024-07-07,PROD-010,237,12553.74316502208
2024-07-08,PROD-010,369,20289.32886351637
2024-07-09,PROD-010,323,9623.084076670937
2024-07-10,PROD-010,262,9222.43016843908
2024-07-11,PROD-010,302,28529.025207411665
2024-07-12,PROD-010,387,31675.503434264876
2024-07-13,PROD-010,197,9736.205722666418
2024-07-14,PROD-010,153,15396.087547467932
2024-07-15,PROD-010,338,22516.970486778442
2024-07-16,PROD-010,247,18685.34734919885
2024-07-17,PROD-010,241,12766.861706915639
2024-07-18,PROD-010,406,34595.25187855821
2024-07-19,PROD-010,320,13470.628618015844
2024-07-20,PROD-010,248,19228.695692597965
2024-07-21,PROD-010,247,35228.19594626955
2024-07-22,PROD-010,363,17800.48643780546
2024-07-23,PROD-010,382,46746.90010011158
2024-07-24,PROD-010,356,12713.297127000204
2024-07-25,PROD-010,304,9718.018280698288
2024-07-26,PROD-010,340,31252.903137843972
2024-07-27,PROD-010,207,8335.18888354908
2024-07-28,PROD-010,258,32347.077296951284
2024-07-29,PROD-010,243,33818.46233877704
2024-07-30,PROD-010,351,43357.57053854909
2024-07-31,PROD-010,269,32964.76547951894
2024-08-01,PROD-010,414,38829.69776143655
2024-08-02,PROD-010,301,12222.45184894242
2024-08-03,PROD-010,253,13077.343514626096
2024-08-04,PROD-010,203,13199.439699654882
2024-08-05,PROD-010,325,38895.930099348814
2024-08-06,PROD-010,321,29351.06186858628
2024-08-07,PROD-010,319,31840.089867746494
2024-08-08,PROD-010,289,40328.549523082766
2024-08-09,PROD-010,353,34316.33096685697
2024-08-10,PROD-010,271,26802.40547878921
2024-08-11,PROD-010,271,13313.25603187933
2024-08-12,PROD-010,367,32605.91886912263
2024-08-13,PROD-010,282,29446.924718244583
2024-08-14,PROD-010,430,16817.616145447286
2024-08-15,PROD-010,284,12338.756900479377
2024-08-16,PROD-010,341,40808.385364819405
2024-08-17,PROD-010,235,13804.590363330763
2024-08-18,PROD-010,226,10941.066710172074
2024-08-19,PROD-010,338,21379.068837613097
2024-08-20,PROD-010,282,18944.59021928413
2024-08-21,PROD-010,438,62558.71902588231
2024-08-22,PROD-010,401,22751.845203782996
2024-08-23,PROD-010,329,23296.818847235576
2024-08-24,PROD-010,200,12425.585810152439
2024-08-25,PROD-010,275,18301.079243668177
2024-08-26,PROD-010,364,19277.645222463416
2024-08-27,PROD-010,298,11912.539789916404
2024-08-28,PROD-010,321,10577.389152807811
2024-08-29,PROD-010,436,20303.971295549014
2024-08-30,PROD-010,407,16575.469623570563
2024-08-31,PROD-010,205,8077.617504528887
2024-09-01,PROD-010,206,16433.978753101368
2024-09-02,PROD-010,358,19801.887007586764
2024-09-03,PROD-010,390,15798.575081426558
2024-09-04,PROD-010,407,31050.385369407388
2024-09-05,PROD-010,281,7739.342287988939
2024-09-06,PROD-010,364,13466.44001537247
2024-09-07,PROD-010,240,27245.96184974731
2024-09-08,PROD-010,251,35995.402994814904
2024-09-09,PROD-010,304,15288.785097324602
2024-09-10,PROD-010,415,23413.221148373435
2024-09-11,PROD-010,376,30568.142718708004
2024-09-12,PROD-010,443,50927.759165577525
2024-09-13,PROD-010,431,26038.440081053053
2024-09-14,PROD-010,245,7132.613452759251
2024-09-15,PROD-010,226,30308.79863715115
2024-09-16,PROD-010,313,36884.51893468717
2024-09-17,PROD-010,409,38438.69790227994
2024-09-18,PROD-010,429,33341.29679987913
2024-09-19,PROD-010,405,21626.811934027453
2024-09-20,PROD-010,260,14214.858134211356
2024-09-21,PROD-010,187,21231.010974115496
2024-09-22,PROD-010,232,12612.23450086071
2024-09-23,PROD-010,333,10967.093261046319
2024-09-24,PROD-010,406,58123.4553869635
2024-09-25,PROD-010,416,35018.08608042308
2024-09-26,PROD-010,327,15234.39083376492
2024-09-27,PROD-010,377,18612.043099414102
2024-09-28,PROD-010,155,20908.175294014134
2024-09-29,PROD-010,259,27135.985079016165
2024-09-30,PROD-010,406,30715.54543325263
2024-10-01,PROD-010,389,52714.70487862299
2024-10-02,PROD-010,378,26079.634302396742
2024-10-03,PROD-010,334,49054.16031928919
2024-10-04,PROD-010,392,10383.327864402143
2024-10-05,PROD-010,222,20657.328667839003
2024-10-06,PROD-010,187,5461.580186199575
2024-10-07,PROD-010,359,50687.77577577623
2024-10-08,PROD-010,257,29735.22507949135
2024-10-09,PROD-010,406,31862.199699069894
2024-10-10,PROD-010,242,8488.422817631874
2024-10-11,PROD-010,393,39020.60256132109
2024-10-12,PROD-010,256,31897.404681626147
2024-10-13,PROD-010,254,35098.41083263451
2024-10-14,PROD-010,323,8399.571473115342
2024-10-15,PROD-010,347,42952.16486317058
2024-10-16,PROD-010,336,14942.831106640071
2024-10-17,PROD-010,375,56166.077617289775
2024-10-18,PROD-010,336,23462.641011368883
2024-10-19,PROD-010,240,30530.522174096102
2024-10-20,PROD-010,259,28295.926098448337
2024-10-21,PROD-010,220,30618.52789168801
2024-10-22,PROD-010,248,26103.140413066696
2024-10-23,PROD-010,383,36565.14303366523
2024-10-24,PROD-010,253,21567.06647848922
2024-10-25,PROD-010,277,37344.42175671915
2024-10-26,PROD-010,194,11734.571099542936
2024-10-27,PROD-010,230,12737.904982985981
2024-10-28,PROD-010,342,49907.22238711732
2024-10-29,PROD-010,346,33405.32387551339
2024-10-30,PROD-010,224,16375.248745944926
2024-10-31,PROD-010,367,28894.889094225124
2024-11-01,PROD-010,340,30148.213395566836
2024-11-02,PROD-010,139,3983.2657021887535
2024-11-03,PROD-010,187,11884.699855103761
2024-11-04,PROD-010,321,30194.460703363693
2024-11-05,PROD-010,343,35560.31896861087
2024-11-06,PROD-010,240,18761.155128861265
2024-11-07,PROD-010,225,33732.880258551646
2024-11-08,PROD-010,231,30426.607043828182
2024-11-09,PROD-010,177,8715.82311175145
2024-11-10,PROD-010,205,12147.909857258255
2024-11-11,PROD-010,285,26610.27769418961
2024-11-12,PROD-010,352,44724.126106232026
2024-11-13,PROD-010,258,28017.643355097636
2024-11-14,PROD-010,313,16598.16778899348
2024-11-15,PROD-010,332,39398.824988914836
2024-11-16,PROD-010,125,3724.8297465592113
2024-11-17,PROD-010,183,8253.923560211755
2024-11-18,PROD-010,279,7293.376460065951
2024-11-19,PROD-010,213,29365.467507537756
2024-11-20,PROD-010,335,39947.815933579455
2024-11-21,PROD-010,244,22774.85937020068
2024-11-22,PROD-010,190,9838.481487088487
2024-11-23,PROD-010,212,28188.966850645513
2024-11-24,PROD-010,151,6539.814419696995
2024-11-25,PROD-010,243,9635.191634033796
2024-11-26,PROD-010,192,13235.148669969163
2024-11-27,PROD-010,307,19065.276519498428
2024-11-28,PROD-010,326,22390.418789083393
2024-11-29,PROD-010,279,18317.40168355612
2024-11-30,PROD-010,144,7330.744597990981
2024-12-01,PROD-010,132,5315.079396497109
2024-12-02,PROD-010,205,17391.13082760285
2024-12-03,PROD-010,227,24997.681002148885
2024-12-04,PROD-010,194,11655.129222173777
2024-12-05,PROD-010,238,30200.473216980612
2024-12-06,PROD-010,230,13357.772259045501
2024-12-07,PROD-010,131,11205.177086612217
2024-12-08,PROD-010,162,15630.727329241876
2024-12-09,PROD-010,296,10974.934167046546
2024-12-10,PROD-010,279,9644.42717958669
2024-12-11,PROD-010,167,19094.8001608381
2024-12-12,PROD-010,291,20070.07139349033
2024-12-13,PROD-010,258,12488.460123190052
2024-12-14,PROD-010,152,22253.82942987038
2024-12-15,PROD-010,131,14362.378235130445
2024-12-16,PROD-010,256,10027.664591341287
2024-12-17,PROD-010,245,29126.625192297375
2024-12-18,PROD-010,207,5479.094206758252
2024-12-19,PROD-010,198,27517.4196583877
2024-12-20,PROD-010,183,15782.951722025302
2024-12-21,PROD-010,140,10455.260616766564
2024-12-22,PROD-010,147,7006.008807469412
2024-12-23,PROD-010,279,22476.13140990734
2024-12-24,PROD-010,172,22503.80553861897
2024-12-25,PROD-010,266,12227.224678918585
2024-12-26,PROD-010,184,10281.87113163385
2024-12-27,PROD-010,216,13519.753623218836
2024-12-28,PROD-010,164,4780.2214430842
2024-12-29,PROD-010,141,4271.627598032615
2024-12-30,PROD-010,233,15567.66100486268
2024-12-31,PROD-010,171,11759.891157791495
2025-01-01,PROD-010,177,6921.106993468971
2025-01-02,PROD-010,175,24819.63103620495
2025-01-03,PROD-010,259,20624.810564354968
2025-01-04,PROD-010,134,11586.103743915372
2025-01-05,PROD-010,100,3834.169604025845
2025-01-06,PROD-010,151,12039.730017807315
2025-01-07,PROD-010,186,7223.145455782107
2025-01-08,PROD-010,184,26064.236937382524
2025-01-09,PROD-010,197,5044.869285883923
2025-01-10,PROD-010,177,19053.068600607654
2025-01-11,PROD-010,91,13571.756984850423
2025-01-12,PROD-010,129,14385.606923909227
2025-01-13,PROD-010,224,24784.42060196186
2025-01-14,PROD-010,165,11454.374389809518
2025-01-15,PROD-010,129,7144.9437408945005
2025-01-16,PROD-010,194,20618.50162236528
2025-01-17,PROD-010,212,31734.541834965938
2025-01-18,PROD-010,134,9713.142822302809
2025-01-19,PROD-010,105,12710.479984939268
2025-01-20,PROD-010,158,10426.278139972317
2025-01-21,PROD-010,203,13016.838924666758
2025-01-22,PROD-010,133,12926.693176683997
2025-01-23,PROD-010,132,10692.190994026285
2025-01-24,PROD-010,180,7451.329835904415
2025-01-25,PROD-010,133,4735.750904029857
2025-01-26,PROD-010,137,5437.472620959047
2025-01-27,PROD-010,138,10077.420016940754
2025-01-28,PROD-010,199,22316.324514798736
2025-01-29,PROD-010,165,10869.571261067073
2025-01-30,PROD-010,183,9404.74048727817
2025-01-31,PROD-010,131,7415.302509225221
2025-02-01,PROD-010,83,7101.76178542882
2025-02-02,PROD-010,103,10728.705982906597
2025-02-03,PROD-010,152,12333.588363771769
2025-02-04,PROD-010,209,16621.332032987066
2025-02-05,PROD-010,165,8852.89652228106
2025-02-06,PROD-010,176,21971.926482713883
2025-02-07,PROD-010,172,22195.46869073024
2025-02-08,PROD-010,108,13810.625184774974
2025-02-09,PROD-010,110,11990.73260005356
2025-02-10,PROD-010,189,24296.044789570347
2025-02-11,PROD-010,176,24474.89892414189
2025-02-12,PROD-010,209,22547.940221293695
2025-02-13,PROD-010,115,3424.7277698668818
2025-02-14,PROD-010,201,21748.082723400887
2025-02-15,PROD-010,95,12971.868681177102
2025-02-16,PROD-010,90,7468.036600233201
2025-02-17,PROD-010,137,9777.98038843156
2025-02-18,PROD-010,129,17813.6221608299
2025-02-19,PROD-010,183,5376.624278632947
2025-02-20,PROD-010,172,24503.451341408774
2025-02-21,PROD-010,175,22408.817123203666
2025-02-22,PROD-010,82,3656.3101606663176
2025-02-23,PROD-010,71,6955.656196637501
2025-02-24,PROD-010,194,18881.70401184026
2025-02-25,PROD-010,203,24041.362889545726
2025-02-26,PROD-010,125,17675.667114723972
2025-02-27,PROD-010,165,9667.210010302624
2025-02-28,PROD-010,176,5753.669964152117
2025-03-01,PROD-010,122,15717.733795675904
2025-03-02,PROD-010,125,7586.4608783725325
2025-03-03,PROD-010,112,3244.6050861944404
2025-03-04,PROD-010,205,29164.21651370148
2025-03-05,PROD-010,136,18527.884410259456
2025-03-06,PROD-010,174,17618.897117860448
2025-03-07,PROD-010,192,18220.354250484907
2025-03-08,PROD-010,87,9884.760609696392
2025-03-09,PROD-010,97,5846.767801153716
2025-03-10,PROD-010,185,7881.707880896816
2025-03-11,PROD-010,162,5386.261651800411
2025-03-12,PROD-010,153,5869.746352919096
2025-03-13,PROD-010,187,5867.495714412623
2025-03-14,PROD-010,175,9057.885232245117
2025-03-15,PROD-010,126,10646.32988621549
2025-03-16,PROD-010,92,6144.403566910731
2025-03-17,PROD-010,208,18468.538702066362
2025-03-18,PROD-010,188,17767.644695893305
2025-03-19,PROD-010,161,9981.782045850285
2025-03-20,PROD-010,210,10852.066716623014
2025-03-21,PROD-010,138,20272.172099144955
2025-03-22,PROD-010,94,11645.029122325079
2025-03-23,PROD-010,131,14441.035612918882
2025-03-24,PROD-010,139,19381.84531085028
2025-03-25,PROD-010,125,10134.782552311146
2025-03-26,PROD-010,206,26625.807357086018
2025-03-27,PROD-010,178,16975.82865709754
2025-03-28,PROD-010,220,12714.417008112236
2025-03-29,PROD-010,143,10990.287176731992
2025-03-30,PROD-010,90,2492.673969594941
2025-03-31,PROD-010,208,27926.932661775758
2025-04-01,PROD-010,225,11387.511047046262
2025-04-02,PROD-010,152,20682.06195559413
2025-04-03,PROD-010,169,14353.215547551416
2025-04-04,PROD-010,139,17054.050575372126
2025-04-05,PROD-010,90,7119.259972663572
2025-04-06,PROD-010,147,4804.144408311669
2025-04-07,PROD-010,211,17859.84324543911
2025-04-08,PROD-010,175,7849.337626442053
2025-04-09,PROD-010,194,9379.835990384576
2025-04-10,PROD-010,216,17473.44005754467
2025-04-11,PROD-010,159,6847.045340654589
2025-04-12,PROD-010,151,13827.289276242946
2025-04-13,PROD-010,125,3646.3181403486387
2025-04-14,PROD-010,240,13279.167806330204
2025-04-15,PROD-010,197,17493.917757261283
2025-04-16,PROD-010,234,34603.0734633037
2025-04-17,PROD-010,141,6154.933273546865
2025-04-18,PROD-010,216,14859.264651894911
2025-04-19,PROD-010,125,12267.480863315268
2025-04-20,PROD-010,155,9781.92838050829
2025-04-21,PROD-010,179,16287.576836210768
2025-04-22,PROD-010,253,16039.75151861715
2025-04-23,PROD-010,170,24312.351239172964
2025-04-24,PROD-010,244,12405.506653067434
2025-04-25,PROD-010,164,20438.377869910946
2025-04-26,PROD-010,162,11180.268433351406
2025-04-27,PROD-010,133,14915.841330773455
2025-04-28,PROD-010,242,35844.71430733669
2025-04-29,PROD-010,197,24743.092222130006
2025-04-30,PROD-010,270,13636.489485111138
2025-05-01,PROD-010,268,13704.626800851913
2025-05-02,PROD-010,189,12382.546613653843
2025-05-03,PROD-010,145,16415.083968543808
2025-05-04,PROD-010,182,16099.524199269212
2025-05-05,PROD-010,279,7833.631546113563
2025-05-06,PROD-010,207,26167.073191834792
2025-05-07,PROD-010,180,21246.292553196534
2025-05-08,PROD-010,192,15636.482524672383
2025-05-09,PROD-010,296,13134.214662385708
2025-05-10,PROD-010,177,7657.222257776228
2025-05-11,PROD-010,144,15171.2361220766
2025-05-12,PROD-010,273,13314.933082140347
2025-05-13,PROD-010,212,11787.556009713308
2025-05-14,PROD-010,234,19847.324046697577
2025-05-15,PROD-010,244,32946.69504674625
2025-05-16,PROD-010,249,14371.834980470028
2025-05-17,PROD-010,126,11718.781868724827
2025-05-18,PROD-010,137,12092.180305755986
2025-05-19,PROD-010,253,8783.11424920247
2025-05-20,PROD-010,242,16881.492554051063
2025-05-21,PROD-010,221,13281.094616885493
2025-05-22,PROD-010,235,33196.94075504361
2025-05-23,PROD-010,183,12817.754706412485
2025-05-24,PROD-010,146,18482.973131229493
2025-05-25,PROD-010,159,5899.214366242525
2025-05-26,PROD-010,258,17738.30789283826
2025-05-27,PROD-010,344,17070.89196665089
2025-05-28,PROD-010,215,21820.183645445286
2025-05-29,PROD-010,326,34212.17506739779
2025-05-30,PROD-010,246,19532.85610000864
2025-05-31,PROD-010,167,14178.033321965693
2025-06-01,PROD-010,197,6066.547930733943
2025-06-02,PROD-010,259,28583.50632256897
2025-06-03,PROD-010,290,32515.965539044697
2025-06-04,PROD-010,330,27686.056387661927
2025-06-05,PROD-010,359,16991.826007129723
2025-06-06,PROD-010,209,6934.587192760544
2025-06-07,PROD-010,209,17221.833506321607
2025-06-08,PROD-010,177,19495.038450576376
2025-06-09,PROD-010,269,15520.113927714083
2025-06-10,PROD-010,368,27692.127544573563
2025-06-11,PROD-010,274,19220.094956086486
2025-06-12,PROD-010,291,36423.68188448222
2025-06-13,PROD-010,340,15089.911660135242
2025-06-14,PROD-010,229,24092.374783685227
2025-06-15,PROD-010,210,12678.484309721933
2025-06-16,PROD-010,311,36491.94091324795
2025-06-17,PROD-010,307,41133.040166623825
2025-06-18,PROD-010,396,40131.925251290646
2025-06-19,PROD-010,394,58926.61512684101
2025-06-20,PROD-010,318,32027.34803132757
2025-06-21,PROD-010,237,7697.958731265945
2025-06-22,PROD-010,223,17731.44035947676
2025-06-23,PROD-010,256,36050.043076663234
2025-06-24,PROD-010,251,6681.832690832257
2025-06-25,PROD-010,409,61291.47483361571
2025-06-26,PROD-010,300,27298.841519285532
2025-06-27,PROD-010,387,48812.65718080163
2025-06-28,PROD-010,245,13784.174946206984
2025-06-29,PROD-010,239,14552.250658182478
2025-06-30,PROD-010,333,10041.350189717876
2025-07-01,PROD-010,276,36509.980819612705
2025-07-02,PROD-010,404,21335.30327382067
2025-07-03,PROD-010,428,60112.969113985404
2025-07-04,PROD-010,244,36270.95163523633
2025-07-05,PROD-010,185,13177.00333719207
2025-07-06,PROD-010,232,32130.963350910428
2025-07-07,PROD-010,273,15333.218668119567
2025-07-08,PROD-010,438,28631.44264075915
2025-07-09,PROD-010,316,22633.804627678583
2025-07-10,PROD-010,448,42966.66137383997
2025-07-11,PROD-010,438,13636.762885754573
2025-07-12,PROD-010,243,14804.83581037872
2025-07-13,PROD-010,159,15487.161156938057
2025-07-14,PROD-010,278,9862.813651880773
2025-07-15,PROD-010,431,55711.12751271642
2025-07-16,PROD-010,411,52277.13680217981
2025-07-17,PROD-010,365,11655.132606570747
2025-07-18,PROD-010,425,18769.128429721197
2025-07-19,PROD-010,231,21108.683178238778
2025-07-20,PROD-010,225,28202.440865534907
2025-07-21,PROD-010,351,41053.27955915132
2025-07-22,PROD-010,379,35873.18477998416
2025-07-23,PROD-010,385,50308.19529351208
2025-07-24,PROD-010,426,14068.408790471105
2025-07-25,PROD-010,418,51678.97008811912
2025-07-26,PROD-010,204,14072.601760321948
2025-07-27,PROD-010,296,15195.237412403088
2025-07-28,PROD-010,300,33873.18245473008
2025-07-29,PROD-010,316,40737.291612281246
2025-07-30,PROD-010,349,28606.955316867374
2025-07-31,PROD-010,268,28519.513144405522
2025-08-01,PROD-010,380,32289.649907804174
2025-08-02,PROD-010,264,16716.42409535666
2025-08-03,PROD-010,251,27583.077531273728
2025-08-04,PROD-010,308,32881.494643264195
2025-08-05,PROD-010,486,70534.15116665637
2025-08-06,PROD-010,359,35603.06684022438
2025-08-07,PROD-010,440,40883.265258261934
2025-08-08,PROD-010,279,16886.19620830854
2025-08-09,PROD-010,266,32430.32727599476
2025-08-10,PROD-010,248,23087.65994329579
2025-08-11,PROD-010,502,44616.79770838123
2025-08-12,PROD-010,461,12476.174322671766
2025-08-13,PROD-010,456,56266.315860872564
2025-08-14,PROD-010,307,15102.455599649771
2025-08-15,PROD-010,501,55394.90093041022
2025-08-16,PROD-010,216,5749.344722724364
2025-08-17,PROD-010,306,11345.474471136335
2025-08-18,PROD-010,301,10132.129302678903
2025-08-19,PROD-010,335,17459.91541926118
2025-08-20,PROD-010,277,10866.190432076999
2025-08-21,PROD-010,406,53646.19677948764
2025-08-22,PROD-010,275,13265.837121619774
2025-08-23,PROD-010,311,36961.40817352821
2025-08-24,PROD-010,299,39024.20275725409
2025-08-25,PROD-010,504,64228.93882737603
2025-08-26,PROD-010,356,19795.263717523718
2025-08-27,PROD-010,406,59309.91685656404
2025-08-28,PROD-010,417,61603.81321960749
2025-08-29,PROD-010,439,30760.591568567794
2025-08-30,PROD-010,258,30739.276919516153
2025-08-31,PROD-010,232,19442.804079587255
2025-09-01,PROD-010,290,15426.963314865921
2025-09-02,PROD-010,298,20892.80212392711
2025-09-03,PROD-010,383,36452.10455301171
2025-09-04,PROD-010,485,54691.41676276036
2025-09-05,PROD-010,473,34999.43254498973
2025-09-06,PROD-010,214,13910.865492916562
2025-09-07,PROD-010,202,26826.284860457505
2025-09-08,PROD-010,483,28084.588731079348
2025-09-09,PROD-010,337,14141.764505905057
2025-09-10,PROD-010,323,9102.008415458173
2025-09-11,PROD-010,412,20152.60717010084
2025-09-12,PROD-010,367,18600.56420100662
2025-09-13,PROD-010,200,8679.050214178056
2025-09-14,PROD-010,289,33733.43381981662
2025-09-15,PROD-010,405,30796.46999787341
2025-09-16,PROD-010,434,59846.645681313355
2025-09-17,PROD-010,343,18647.939417588663
2025-09-18,PROD-010,334,18660.461594305307
2025-09-19,PROD-010,295,33733.772272219656
2025-09-20,PROD-010,290,39819.92905478818
2025-09-21,PROD-010,185,11971.426895639624
2025-09-22,PROD-010,475,59957.349444907755
2025-09-23,PROD-010,291,20561.340773221513
2025-09-24,PROD-010,350,21427.660446526286
2025-09-25,PROD-010,487,27916.236855898365
2025-09-26,PROD-010,380,54978.67486704305
2025-09-27,PROD-010,181,10512.766069184781
2025-09-28,PROD-010,266,20392.805593257326
2025-09-29,PROD-010,287,37437.70423785951
2025-09-30,PROD-010,490,58548.41887367253
2025-10-01,PROD-010,334,49475.97176546721
2025-10-02,PROD-010,400,11348.979839199204
2025-10-03,PROD-010,452,65416.13718545991
2025-10-04,PROD-010,230,15399.264947319716
2025-10-05,PROD-010,275,9553.325579193894
2025-10-06,PROD-010,390,26053.54592785313
2025-10-07,PROD-010,478,47360.55439055993
2025-10-08,PROD-010,479,16412.93790873648
2025-10-09,PROD-010,419,14942.904340725234
2025-10-10,PROD-010,404,46148.57494313578
2025-10-11,PROD-010,199,28392.605640736863
2025-10-12,PROD-010,252,27227.199998469998
2025-10-13,PROD-010,346,13037.920932081488
2025-10-14,PROD-010,445,48831.95634381313
2025-10-15,PROD-010,372,33237.834937811385
2025-10-16,PROD-010,373,14008.255077545306
2025-10-17,PROD-010,291,34766.64231721837
2025-10-18,PROD-010,264,33672.39088380344
2025-10-19,PROD-010,269,19164.323169809242
2025-10-20,PROD-010,393,41793.87694955039
2025-10-21,PROD-010,427,23031.835249030348
2025-10-22,PROD-010,311,38846.52935715065
2025-10-23,PROD-010,339,47605.21853069096
2025-10-24,PROD-010,383,41674.04334736941
2025-10-25,PROD-010,233,28101.850563186086
2025-10-26,PROD-010,272,38399.35975983395
2025-10-27,PROD-010,324,38008.40943289998
2025-10-28,PROD-010,258,21295.33834130187
2025-10-29,PROD-010,446,27345.356068128178
2025-10-30,PROD-010,400,49635.0402723875
2025-10-31,PROD-010,376,20246.223656930164
2025-11-01,PROD-010,208,14033.844751439432
2025-11-02,PROD-010,279,9875.925741727655
2025-11-03,PROD-010,322,22311.521752835153
2025-11-04,PROD-010,344,9273.464096930195
2025-11-05,PROD-010,271,30770.2756957129
2025-11-06,PROD-010,351,29808.24118327808
2025-11-07,PROD-010,388,42052.159519303015
2025-11-08,PROD-010,252,19837.922414337787
2025-11-09,PROD-010,218,16023.872505857124
2025-11-10,PROD-010,343,28955.369558443657
2025-11-11,PROD-010,332,16261.092360198834
2025-11-12,PROD-010,297,34171.47612405713
2025-11-13,PROD-010,298,12023.548308973159
2025-11-14,PROD-010,375,52714.9352029337
2025-11-15,PROD-010,239,26426.6876248333
2025-11-16,PROD-010,213,12926.148128776718
2025-11-17,PROD-010,238,25331.12539986953
2025-11-18,PROD-010,358,35709.33619761911
2025-11-19,PROD-010,370,33010.74607737282
2025-11-20,PROD-010,305,29030.47167043477
2025-11-21,PROD-010,331,12554.032814532507
2025-11-22,PROD-010,206,11055.099384019873
2025-11-23,PROD-010,151,19964.844424879706
2025-11-24,PROD-010,357,36904.09237358045
2025-11-25,PROD-010,252,13899.180302623388
2025-11-26,PROD-010,346,31936.8274291776
2025-11-27,PROD-010,301,22964.239382608463
2025-11-28,PROD-010,300,8902.209684574545
2025-11-29,PROD-010,172,14985.783301280959
2025-11-30,PROD-010,202,12017.584092320658
2025-12-01,PROD-010,216,21728.11816683464
2025-12-02,PROD-010,308,30443.69940608091
2025-12-03,PROD-010,321,44407.06335138831
2025-12-04,PROD-010,270,22706.298331147973
2025-12-05,PROD-010,262,13441.484534341751
2025-12-06,PROD-010,208,15318.011619980382
2025-12-07,PROD-010,200,20230.13187895735
2025-12-08,PROD-010,344,28194.586575829497
2025-12-09,PROD-010,335,41325.03211841547
2025-12-10,PROD-010,251,15813.66746875295
2025-12-11,PROD-010,291,10990.678649159576
2025-12-12,PROD-010,204,13590.051150453528
2025-12-13,PROD-010,215,25995.456304404903
2025-12-14,PROD-010,211,30148.126588399333
2025-12-15,PROD-010,306,18035.149267352186
2025-12-16,PROD-010,232,21171.31243394723
2025-12-17,PROD-010,283,15038.313061863788
2025-12-18,PROD-010,268,27403.833667053234
2025-12-19,PROD-010,197,28241.673187069067
2025-12-20,PROD-010,183,22320.447801702547
2025-12-21,PROD-010,116,6910.498365497284
2025-12-22,PROD-010,311,8721.327538363772
2025-12-23,PROD-010,228,21215.926852007644
2025-12-24,PROD-010,292,20270.033895797016
2025-12-25,PROD-010,232,20054.29368192047
2025-12-26,PROD-010,298,39864.039737981904
2025-12-27,PROD-010,110,12055.478257179873
2025-12-28,PROD-010,182,21521.163836418273
2025-12-29,PROD-010,180,17347.71875009274
2025-12-30,PROD-010,194,22706.77860291481
2025-12-31,PROD-010,297,17498.972052401157
2026-01-01,PROD-010,174,18653.273167001982
2026-01-02,PROD-010,173,22734.822410112596
2026-01-03,PROD-010,111,14480.416927642445
2026-01-04,PROD-010,171,11761.676799333904
2026-01-05,PROD-010,256,33310.160730639705
2026-01-06,PROD-010,221,11516.250522644044
2026-01-07,PROD-010,180,18194.863890511504
2026-01-08,PROD-010,174,24309.75055325347
2026-01-09,PROD-010,256,34784.451023586065
2026-01-10,PROD-010,133,16633.029527857587
2026-01-11,PROD-010,173,7548.780887674077
2026-01-12,PROD-010,227,17423.626725970953
2026-01-13,PROD-010,196,7543.150738525048
2026-01-14,PROD-010,258,14717.841362237106
2026-01-15,PROD-010,203,27994.90310318973
2026-01-16,PROD-010,153,14473.826419696521
2026-01-17,PROD-010,168,18631.90969169808
2026-01-18,PROD-010,135,17264.08965915733
2026-01-19,PROD-010,195,28628.90187608617
2026-01-20,PROD-010,181,13100.384513332612
2026-01-21,PROD-010,233,6925.106590395345
2026-01-22,PROD-010,162,5496.591176754361
2026-01-23,PROD-010,223,6044.269974651247
2026-01-24,PROD-010,161,15558.627177200207
2026-01-25,PROD-010,125,17357.840816969085
2026-01-26,PROD-010,190,19313.324974943112
2026-01-27,PROD-010,243,27005.66793510874
2026-01-28,PROD-010,162,23200.960669880154
2026-01-29,PROD-010,228,14560.290057020362
2026-01-30,PROD-010,174,18053.6201927812
2026-01-31,PROD-010,152,14875.583314983665
2026-02-01,PROD-010,100,12296.175687961198
2026-02-02,PROD-010,226,9786.477518516871
2026-02-03,PROD-010,176,24511.917514404235
2026-02-04,PROD-010,213,23687.46915926897
2026-02-05,PROD-010,214,17443.615406278434
2026-02-06,PROD-010,165,8517.30162096104
2026-02-07,PROD-010,90,4111.411479117486
2026-02-08,PROD-010,152,9092.92001245877
2026-02-09,PROD-010,202,17368.48837666679
2026-02-10,PROD-010,205,6316.75386861412
2026-02-11,PROD-010,205,17062.947556780433
2026-02-12,PROD-010,207,9247.180566847126
2026-02-13,PROD-010,229,20864.3358959581
