date,zone,zone_name,orders
2021-02-14,A,Manhattan,40
2021-02-15,A,Manhattan,104
2021-02-16,A,Manhattan,70
2021-02-17,A,Manhattan,86
2021-02-18,A,Manhattan,71
2021-02-19,A,Manhattan,92
2021-02-20,A,Manhattan,53
2021-02-21,A,Manhattan,43
2021-02-22,A,Manhattan,84
2021-02-23,A,Manhattan,85
2021-02-24,A,Manhattan,90
2021-02-25,A,Manhattan,71
2021-02-26,A,Manhattan,80
2021-02-27,A,Manhattan,41
2021-02-28,A,Manhattan,45
2021-03-01,A,Manhattan,79
2021-03-02,A,Manhattan,103
2021-03-03,A,Manhattan,79
2021-03-04,A,Manhattan,82
2021-03-05,A,Manhattan,75
2021-03-06,A,Manhattan,45
2021-03-07,A,Manhattan,52
2021-03-08,A,Manhattan,101
2021-03-09,A,Manhattan,77
2021-03-10,A,Manhattan,98
2021-03-11,A,Manhattan,76
2021-03-12,A,Manhattan,91
2021-03-13,A,Manhattan,47
2021-03-14,A,Manhattan,57
2021-03-15,A,Manhattan,79
2021-03-16,A,Manhattan,84
2021-03-17,A,Manhattan,102
2021-03-18,A,Manhattan,87
2021-03-19,A,Manhattan,94
2021-03-20,A,Manhattan,50
2021-03-21,A,Manhattan,50
2021-03-22,A,Manhattan,77
2021-03-23,A,Manhattan,105
2021-03-24,A,Manhattan,88
2021-03-25,A,Manhattan,74
2021-03-26,A,Manhattan,73
2021-03-27,A,Manhattan,59
2021-03-28,A,Manhattan,52
2021-03-29,A,Manhattan,97
2021-03-30,A,Manhattan,80
2021-03-31,A,Manhattan,96
2021-04-01,A,Manhattan,79
2021-04-02,A,Manhattan,82
2021-04-03,A,Manhattan,61
2021-04-04,A,Manhattan,57
2021-04-05,A,Manhattan,88
2021-04-06,A,Manhattan,92
2021-04-07,A,Manhattan,112
2021-04-08,A,Manhattan,104
2021-04-09,A,Manhattan,111
2021-04-10,A,Manhattan,45
2021-04-11,A,Manhattan,62
2021-04-12,A,Manhattan,88
2021-04-13,A,Manhattan,103
2021-04-14,A,Manhattan,86
2021-04-15,A,Manhattan,99
2021-04-16,A,Manhattan,102
2021-04-17,A,Manhattan,65
2021-04-18,A,Manhattan,58
2021-04-19,A,Manhattan,79
2021-04-20,A,Manhattan,100
2021-04-21,A,Manhattan,100
2021-04-22,A,Manhattan,99
2021-04-23,A,Manhattan,107
2021-04-24,A,Manhattan,53
2021-04-25,A,Manhattan,53
2021-04-26,A,Manhattan,107
2021-04-27,A,Manhattan,108
2021-04-28,A,Manhattan,96
2021-04-29,A,Manhattan,119
2021-04-30,A,Manhattan,87
2021-05-01,A,Manhattan,60
2021-05-02,A,Manhattan,70
2021-05-03,A,Manhattan,113
2021-05-04,A,Manhattan,100
2021-05-05,A,Manhattan,98
2021-05-06,A,Manhattan,120
2021-05-07,A,Manhattan,116
2021-05-08,A,Manhattan,50
2021-05-09,A,Manhattan,59
2021-05-10,A,Manhattan,96
2021-05-11,A,Manhattan,104
2021-05-12,A,Manhattan,111
2021-05-13,A,Manhattan,94
2021-05-14,A,Manhattan,122
2021-05-15,A,Manhattan,62
2021-05-16,A,Manhattan,61
2021-05-17,A,Manhattan,98
2021-05-18,A,Manhattan,93
2021-05-19,A,Manhattan,102
2021-05-20,A,Manhattan,98
2021-05-21,A,Manhattan,130
2021-05-22,A,Manhattan,77
2021-05-23,A,Manhattan,76
2021-05-24,A,Manhattan,140
2021-05-25,A,Manhattan,121
2021-05-26,A,Manhattan,129
2021-05-27,A,Manhattan,122
2021-05-28,A,Manhattan,131
2021-05-29,A,Manhattan,73
2021-05-30,A,Manhattan,62
2021-05-31,A,Manhattan,128
2021-06-01,A,Manhattan,110
2021-06-02,A,Manhattan,139
2021-06-03,A,Manhattan,138
2021-06-04,A,Manhattan,139
2021-06-05,A,Manhattan,71
2021-06-06,A,Manhattan,68
2021-06-07,A,Manhattan,120
2021-06-08,A,Manhattan,119
2021-06-09,A,Manhattan,145
2021-06-10,A,Manhattan,112
2021-06-11,A,Manhattan,140
2021-06-12,A,Manhattan,71
2021-06-13,A,Manhattan,66
2021-06-14,A,Manhattan,127
2021-06-15,A,Manhattan,110
2021-06-16,A,Manhattan,120
2021-06-17,A,Manhattan,134
2021-06-18,A,Manhattan,155
2021-06-19,A,Manhattan,61
2021-06-20,A,Manhattan,63
2021-06-21,A,Manhattan,156
2021-06-22,A,Manhattan,148
2021-06-23,A,Manhattan,140
2021-06-24,A,Manhattan,155
2021-06-25,A,Manhattan,130
2021-06-26,A,Manhattan,65
2021-06-27,A,Manhattan,81
2021-06-28,A,Manhattan,129
2021-06-29,A,Manhattan,132
2021-06-30,A,Manhattan,153
2021-07-01,A,Manhattan,152
2021-07-02,A,Manhattan,133
2021-07-03,A,Manhattan,72
2021-07-04,A,Manhattan,84
2021-07-05,A,Manhattan,128
2021-07-06,A,Manhattan,169
2021-07-07,A,Manhattan,143
2021-07-08,A,Manhattan,124
2021-07-09,A,Manhattan,144
2021-07-10,A,Manhattan,95
2021-07-11,A,Manhattan,81
2021-07-12,A,Manhattan,117
2021-07-13,A,Manhattan,140
2021-07-14,A,Manhattan,135
2021-07-15,A,Manhattan,155
2021-07-16,A,Manhattan,120
2021-07-17,A,Manhattan,86
2021-07-18,A,Manhattan,82
2021-07-19,A,Manhattan,158
2021-07-20,A,Manhattan,176
2021-07-21,A,Manhattan,173
2021-07-22,A,Manhattan,126
2021-07-23,A,Manhattan,129
2021-07-24,A,Manhattan,95
2021-07-25,A,Manhattan,92
2021-07-26,A,Manhattan,170
2021-07-27,A,Manhattan,157
2021-07-28,A,Manhattan,170
2021-07-29,A,Manhattan,144
2021-07-30,A,Manhattan,180
2021-07-31,A,Manhattan,96
2021-08-01,A,Manhattan,96
2021-08-02,A,Manhattan,146
2021-08-03,A,Manhattan,156
2021-08-04,A,Manhattan,135
2021-08-05,A,Manhattan,131
2021-08-06,A,Manhattan,157
2021-08-07,A,Manhattan,78
2021-08-08,A,Manhattan,98
2021-08-09,A,Manhattan,181
2021-08-10,A,Manhattan,161
2021-08-11,A,Manhattan,134
2021-08-12,A,Manhattan,135
2021-08-13,A,Manhattan,131
2021-08-14,A,Manhattan,72
2021-08-15,A,Manhattan,87
2021-08-16,A,Manhattan,171
2021-08-17,A,Manhattan,181
2021-08-18,A,Manhattan,139
2021-08-19,A,Manhattan,154
2021-08-20,A,Manhattan,128
2021-08-21,A,Manhattan,85
2021-08-22,A,Manhattan,79
2021-08-23,A,Manhattan,178
2021-08-24,A,Manhattan,137
2021-08-25,A,Manhattan,148
2021-08-26,A,Manhattan,180
2021-08-27,A,Manhattan,135
2021-08-28,A,Manhattan,104
2021-08-29,A,Manhattan,100
2021-08-30,A,Manhattan,185
2021-08-31,A,Manhattan,175
2021-09-01,A,Manhattan,184
2021-09-02,A,Manhattan,139
2021-09-03,A,Manhattan,178
2021-09-04,A,Manhattan,87
2021-09-05,A,Manhattan,104
2021-09-06,A,Manhattan,154
2021-09-07,A,Manhattan,158
2021-09-08,A,Manhattan,187
2021-09-09,A,Manhattan,180
2021-09-10,A,Manhattan,166
2021-09-11,A,Manhattan,104
2021-09-12,A,Manhattan,77
2021-09-13,A,Manhattan,141
2021-09-14,A,Manhattan,168
2021-09-15,A,Manhattan,171
2021-09-16,A,Manhattan,135
2021-09-17,A,Manhattan,162
2021-09-18,A,Manhattan,77
2021-09-19,A,Manhattan,102
2021-09-20,A,Manhattan,168
2021-09-21,A,Manhattan,169
2021-09-22,A,Manhattan,133
2021-09-23,A,Manhattan,158
2021-09-24,A,Manhattan,136
2021-09-25,A,Manhattan,99
2021-09-26,A,Manhattan,101
2021-09-27,A,Manhattan,157
2021-09-28,A,Manhattan,172
2021-09-29,A,Manhattan,132
2021-09-30,A,Manhattan,126
2021-10-01,A,Manhattan,171
2021-10-02,A,Manhattan,86
2021-10-03,A,Manhattan,90
2021-10-04,A,Manhattan,184
2021-10-05,A,Manhattan,184
2021-10-06,A,Manhattan,184
2021-10-07,A,Manhattan,130
2021-10-08,A,Manhattan,128
2021-10-09,A,Manhattan,83
2021-10-10,A,Manhattan,95
2021-10-11,A,Manhattan,122
2021-10-12,A,Manhattan,121
2021-10-13,A,Manhattan,166
2021-10-14,A,Manhattan,139
2021-10-15,A,Manhattan,147
2021-10-16,A,Manhattan,98
2021-10-17,A,Manhattan,84
2021-10-18,A,Manhattan,177
2021-10-19,A,Manhattan,134
2021-10-20,A,Manhattan,128
2021-10-21,A,Manhattan,141
2021-10-22,A,Manhattan,164
2021-10-23,A,Manhattan,76
2021-10-24,A,Manhattan,79
2021-10-25,A,Manhattan,159
2021-10-26,A,Manhattan,133
2021-10-27,A,Manhattan,135
2021-10-28,A,Manhattan,158
2021-10-29,A,Manhattan,146
2021-10-30,A,Manhattan,85
2021-10-31,A,Manhattan,87
2021-11-01,A,Manhattan,167
2021-11-02,A,Manhattan,129
2021-11-03,A,Manhattan,169
2021-11-04,A,Manhattan,137
2021-11-05,A,Manhattan,152
2021-11-06,A,Manhattan,73
2021-11-07,A,Manhattan,89
2021-11-08,A,Manhattan,114
2021-11-09,A,Manhattan,142
2021-11-10,A,Manhattan,129
2021-11-11,A,Manhattan,116
2021-11-12,A,Manhattan,158
2021-11-13,A,Manhattan,73
2021-11-14,A,Manhattan,71
2021-11-15,A,Manhattan,163
2021-11-16,A,Manhattan,136
2021-11-17,A,Manhattan,119
2021-11-18,A,Manhattan,112
2021-11-19,A,Manhattan,119
2021-11-20,A,Manhattan,91
2021-11-21,A,Manhattan,66
2021-11-22,A,Manhattan,140
2021-11-23,A,Manhattan,117
2021-11-24,A,Manhattan,109
2021-11-25,A,Manhattan,131
2021-11-26,A,Manhattan,114
2021-11-27,A,Manhattan,66
2021-11-28,A,Manhattan,65
2021-11-29,A,Manhattan,121
2021-11-30,A,Manhattan,143
2021-12-01,A,Manhattan,113
2021-12-02,A,Manhattan,125
2021-12-03,A,Manhattan,117
2021-12-04,A,Manhattan,82
2021-12-05,A,Manhattan,85
2021-12-06,A,Manhattan,121
2021-12-07,A,Manhattan,135
2021-12-08,A,Manhattan,121
2021-12-09,A,Manhattan,108
2021-12-10,A,Manhattan,115
2021-12-11,A,Manhattan,76
2021-12-12,A,Manhattan,56
2021-12-13,A,Manhattan,120
2021-12-14,A,Manhattan,112
2021-12-15,A,Manhattan,119
2021-12-16,A,Manhattan,106
2021-12-17,A,Manhattan,110
2021-12-18,A,Manhattan,62
2021-12-19,A,Manhattan,62
2021-12-20,A,Manhattan,101
2021-12-21,A,Manhattan,101
2021-12-22,A,Manhattan,138
2021-12-23,A,Manhattan,127
2021-12-24,A,Manhattan,130
2021-12-25,A,Manhattan,66
2021-12-26,A,Manhattan,63
2021-12-27,A,Manhattan,105
2021-12-28,A,Manhattan,138
2021-12-29,A,Manhattan,108
2021-12-30,A,Manhattan,133
2021-12-31,A,Manhattan,99
2022-01-01,A,Manhattan,61
2022-01-02,A,Manhattan,77
2022-01-03,A,Manhattan,127
2022-01-04,A,Manhattan,106
2022-01-05,A,Manhattan,96
2022-01-06,A,Manhattan,91
2022-01-07,A,Manhattan,110
2022-01-08,A,Manhattan,62
2022-01-09,A,Manhattan,57
2022-01-10,A,Manhattan,92
2022-01-11,A,Manhattan,129
2022-01-12,A,Manhattan,120
2022-01-13,A,Manhattan,94
2022-01-14,A,Manhattan,130
2022-01-15,A,Manhattan,60
2022-01-16,A,Manhattan,60
2022-01-17,A,Manhattan,115
2022-01-18,A,Manhattan,102
2022-01-19,A,Manhattan,87
2022-01-20,A,Manhattan,129
2022-01-21,A,Manhattan,97
2022-01-22,A,Manhattan,56
2022-01-23,A,Manhattan,52
2022-01-24,A,Manhattan,87
2022-01-25,A,Manhattan,125
2022-01-26,A,Manhattan,105
2022-01-27,A,Manhattan,109
2022-01-28,A,Manhattan,113
2022-01-29,A,Manhattan,55
2022-01-30,A,Manhattan,49
2022-01-31,A,Manhattan,89
2022-02-01,A,Manhattan,113
2022-02-02,A,Manhattan,113
2022-02-03,A,Manhattan,115
2022-02-04,A,Manhattan,122
2022-02-05,A,Manhattan,59
2022-02-06,A,Manhattan,48
2022-02-07,A,Manhattan,110
2022-02-08,A,Manhattan,121
2022-02-09,A,Manhattan,111
2022-02-10,A,Manhattan,122
2022-02-11,A,Manhattan,84
2022-02-12,A,Manhattan,67
2022-02-13,A,Manhattan,60
2022-02-14,A,Manhattan,109
2022-02-15,A,Manhattan,119
2022-02-16,A,Manhattan,85
2022-02-17,A,Manhattan,108
2022-02-18,A,Manhattan,107
2022-02-19,A,Manhattan,66
2022-02-20,A,Manhattan,58
2022-02-21,A,Manhattan,121
2022-02-22,A,Manhattan,110
2022-02-23,A,Manhattan,119
2022-02-24,A,Manhattan,100
2022-02-25,A,Manhattan,84
2022-02-26,A,Manhattan,61
2022-02-27,A,Manhattan,64
2022-02-28,A,Manhattan,120
2022-03-01,A,Manhattan,87
2022-03-02,A,Manhattan,82
2022-03-03,A,Manhattan,89
2022-03-04,A,Manhattan,85
2022-03-05,A,Manhattan,63
2022-03-06,A,Manhattan,52
2022-03-07,A,Manhattan,118
2022-03-08,A,Manhattan,109
2022-03-09,A,Manhattan,119
2022-03-10,A,Manhattan,83
2022-03-11,A,Manhattan,118
2022-03-12,A,Manhattan,62
2022-03-13,A,Manhattan,47
2022-03-14,A,Manhattan,116
2022-03-15,A,Manhattan,112
2022-03-16,A,Manhattan,113
2022-03-17,A,Manhattan,100
2022-03-18,A,Manhattan,99
2022-03-19,A,Manhattan,52
2022-03-20,A,Manhattan,67
2022-03-21,A,Manhattan,106
2022-03-22,A,Manhattan,91
2022-03-23,A,Manhattan,112
2022-03-24,A,Manhattan,86
2022-03-25,A,Manhattan,93
2022-03-26,A,Manhattan,70
2022-03-27,A,Manhattan,59
2022-03-28,A,Manhattan,123
2022-03-29,A,Manhattan,123
2022-03-30,A,Manhattan,95
2022-03-31,A,Manhattan,126
2022-04-01,A,Manhattan,104
2022-04-02,A,Manhattan,60
2022-04-03,A,Manhattan,71
2022-04-04,A,Manhattan,100
2022-04-05,A,Manhattan,126
2022-04-06,A,Manhattan,93
2022-04-07,A,Manhattan,101
2022-04-08,A,Manhattan,102
2022-04-09,A,Manhattan,59
2022-04-10,A,Manhattan,55
2022-04-11,A,Manhattan,125
2022-04-12,A,Manhattan,106
2022-04-13,A,Manhattan,96
2022-04-14,A,Manhattan,132
2022-04-15,A,Manhattan,100
2022-04-16,A,Manhattan,65
2022-04-17,A,Manhattan,56
2022-04-18,A,Manhattan,119
2022-04-19,A,Manhattan,113
2022-04-20,A,Manhattan,135
2022-04-21,A,Manhattan,131
2022-04-22,A,Manhattan,105
2022-04-23,A,Manhattan,67
2022-04-24,A,Manhattan,64
2022-04-25,A,Manhattan,138
2022-04-26,A,Manhattan,133
2022-04-27,A,Manhattan,135
2022-04-28,A,Manhattan,129
2022-04-29,A,Manhattan,137
2022-04-30,A,Manhattan,82
2022-05-01,A,Manhattan,73
2022-05-02,A,Manhattan,145
2022-05-03,A,Manhattan,136
2022-05-04,A,Manhattan,115
2022-05-05,A,Manhattan,107
2022-05-06,A,Manhattan,125
2022-05-07,A,Manhattan,59
2022-05-08,A,Manhattan,79
2022-05-09,A,Manhattan,115
2022-05-10,A,Manhattan,124
2022-05-11,A,Manhattan,105
2022-05-12,A,Manhattan,143
2022-05-13,A,Manhattan,109
2022-05-14,A,Manhattan,78
2022-05-15,A,Manhattan,65
2022-05-16,A,Manhattan,145
2022-05-17,A,Manhattan,158
2022-05-18,A,Manhattan,116
2022-05-19,A,Manhattan,128
2022-05-20,A,Manhattan,150
2022-05-21,A,Manhattan,83
2022-05-22,A,Manhattan,88
2022-05-23,A,Manhattan,122
2022-05-24,A,Manhattan,126
2022-05-25,A,Manhattan,146
2022-05-26,A,Manhattan,157
2022-05-27,A,Manhattan,138
2022-05-28,A,Manhattan,75
2022-05-29,A,Manhattan,91
2022-05-30,A,Manhattan,136
2022-05-31,A,Manhattan,149
2022-06-01,A,Manhattan,123
2022-06-02,A,Manhattan,148
2022-06-03,A,Manhattan,161
2022-06-04,A,Manhattan,66
2022-06-05,A,Manhattan,95
2022-06-06,A,Manhattan,121
2022-06-07,A,Manhattan,136
2022-06-08,A,Manhattan,133
2022-06-09,A,Manhattan,162
2022-06-10,A,Manhattan,136
2022-06-11,A,Manhattan,98
2022-06-12,A,Manhattan,73
2022-06-13,A,Manhattan,153
2022-06-14,A,Manhattan,163
2022-06-15,A,Manhattan,165
2022-06-16,A,Manhattan,168
2022-06-17,A,Manhattan,152
2022-06-18,A,Manhattan,94
2022-06-19,A,Manhattan,96
2022-06-20,A,Manhattan,141
2022-06-21,A,Manhattan,177
2022-06-22,A,Manhattan,152
2022-06-23,A,Manhattan,128
2022-06-24,A,Manhattan,141
2022-06-25,A,Manhattan,79
2022-06-26,A,Manhattan,81
2022-06-27,A,Manhattan,190
2022-06-28,A,Manhattan,176
2022-06-29,A,Manhattan,153
2022-06-30,A,Manhattan,141
2022-07-01,A,Manhattan,183
2022-07-02,A,Manhattan,77
2022-07-03,A,Manhattan,79
2022-07-04,A,Manhattan,186
2022-07-05,A,Manhattan,138
2022-07-06,A,Manhattan,169
2022-07-07,A,Manhattan,148
2022-07-08,A,Manhattan,148
2022-07-09,A,Manhattan,83
2022-07-10,A,Manhattan,104
2022-07-11,A,Manhattan,176
2022-07-12,A,Manhattan,141
2022-07-13,A,Manhattan,147
2022-07-14,A,Manhattan,202
2022-07-15,A,Manhattan,181
2022-07-16,A,Manhattan,105
2022-07-17,A,Manhattan,100
2022-07-18,A,Manhattan,138
2022-07-19,A,Manhattan,204
2022-07-20,A,Manhattan,148
2022-07-21,A,Manhattan,141
2022-07-22,A,Manhattan,167
2022-07-23,A,Manhattan,92
2022-07-24,A,Manhattan,110
2022-07-25,A,Manhattan,168
2022-07-26,A,Manhattan,196
2022-07-27,A,Manhattan,153
2022-07-28,A,Manhattan,174
2022-07-29,A,Manhattan,195
2022-07-30,A,Manhattan,95
2022-07-31,A,Manhattan,106
2022-08-01,A,Manhattan,187
2022-08-02,A,Manhattan,178
2022-08-03,A,Manhattan,160
2022-08-04,A,Manhattan,190
2022-08-05,A,Manhattan,192
2022-08-06,A,Manhattan,85
2022-08-07,A,Manhattan,100
2022-08-08,A,Manhattan,155
2022-08-09,A,Manhattan,202
2022-08-10,A,Manhattan,185
2022-08-11,A,Manhattan,148
2022-08-12,A,Manhattan,174
2022-08-13,A,Manhattan,117
2022-08-14,A,Manhattan,111
2022-08-15,A,Manhattan,183
2022-08-16,A,Manhattan,200
2022-08-17,A,Manhattan,179
2022-08-18,A,Manhattan,167
2022-08-19,A,Manhattan,198
2022-08-20,A,Manhattan,103
2022-08-21,A,Manhattan,109
2022-08-22,A,Manhattan,160
2022-08-23,A,Manhattan,157
2022-08-24,A,Manhattan,175
2022-08-25,A,Manhattan,194
2022-08-26,A,Manhattan,193
2022-08-27,A,Manhattan,103
2022-08-28,A,Manhattan,98
2022-08-29,A,Manhattan,167
2022-08-30,A,Manhattan,155
2022-08-31,A,Manhattan,173
2022-09-01,A,Manhattan,165
2022-09-02,A,Manhattan,176
2022-09-03,A,Manhattan,115
2022-09-04,A,Manhattan,120
2022-09-05,A,Manhattan,173
2022-09-06,A,Manhattan,177
2022-09-07,A,Manhattan,202
2022-09-08,A,Manhattan,197
2022-09-09,A,Manhattan,169
2022-09-10,A,Manhattan,99
2022-09-11,A,Manhattan,101
2022-09-12,A,Manhattan,181
2022-09-13,A,Manhattan,168
2022-09-14,A,Manhattan,190
2022-09-15,A,Manhattan,157
2022-09-16,A,Manhattan,218
2022-09-17,A,Manhattan,104
2022-09-18,A,Manhattan,112
2022-09-19,A,Manhattan,155
2022-09-20,A,Manhattan,200
2022-09-21,A,Manhattan,201
2022-09-22,A,Manhattan,209
2022-09-23,A,Manhattan,194
2022-09-24,A,Manhattan,117
2022-09-25,A,Manhattan,117
2022-09-26,A,Manhattan,201
2022-09-27,A,Manhattan,162
2022-09-28,A,Manhattan,195
2022-09-29,A,Manhattan,154
2022-09-30,A,Manhattan,188
2022-10-01,A,Manhattan,83
2022-10-02,A,Manhattan,113
2022-10-03,A,Manhattan,188
2022-10-04,A,Manhattan,180
2022-10-05,A,Manhattan,207
2022-10-06,A,Manhattan,168
2022-10-07,A,Manhattan,182
2022-10-08,A,Manhattan,104
2022-10-09,A,Manhattan,95
2022-10-10,A,Manhattan,194
2022-10-11,A,Manhattan,187
2022-10-12,A,Manhattan,144
2022-10-13,A,Manhattan,210
2022-10-14,A,Manhattan,200
2022-10-15,A,Manhattan,114
2022-10-16,A,Manhattan,111
2022-10-17,A,Manhattan,207
2022-10-18,A,Manhattan,180
2022-10-19,A,Manhattan,164
2022-10-20,A,Manhattan,173
2022-10-21,A,Manhattan,178
2022-10-22,A,Manhattan,80
2022-10-23,A,Manhattan,78
2022-10-24,A,Manhattan,204
2022-10-25,A,Manhattan,163
2022-10-26,A,Manhattan,158
2022-10-27,A,Manhattan,190
2022-10-28,A,Manhattan,148
2022-10-29,A,Manhattan,102
2022-10-30,A,Manhattan,78
2022-10-31,A,Manhattan,176
2022-11-01,A,Manhattan,196
2022-11-02,A,Manhattan,190
2022-11-03,A,Manhattan,184
2022-11-04,A,Manhattan,151
2022-11-05,A,Manhattan,100
2022-11-06,A,Manhattan,104
2022-11-07,A,Manhattan,159
2022-11-08,A,Manhattan,168
2022-11-09,A,Manhattan,174
2022-11-10,A,Manhattan,167
2022-11-11,A,Manhattan,133
2022-11-12,A,Manhattan,81
2022-11-13,A,Manhattan,73
2022-11-14,A,Manhattan,164
2022-11-15,A,Manhattan,149
2022-11-16,A,Manhattan,164
2022-11-17,A,Manhattan,176
2022-11-18,A,Manhattan,150
2022-11-19,A,Manhattan,81
2022-11-20,A,Manhattan,74
2022-11-21,A,Manhattan,136
2022-11-22,A,Manhattan,164
2022-11-23,A,Manhattan,144
2022-11-24,A,Manhattan,156
2022-11-25,A,Manhattan,125
2022-11-26,A,Manhattan,85
2022-11-27,A,Manhattan,71
2022-11-28,A,Manhattan,129
2022-11-29,A,Manhattan,153
2022-11-30,A,Manhattan,174
2022-12-01,A,Manhattan,156
2022-12-02,A,Manhattan,146
2022-12-03,A,Manhattan,100
2022-12-04,A,Manhattan,91
2022-12-05,A,Manhattan,154
2022-12-06,A,Manhattan,173
2022-12-07,A,Manhattan,171
2022-12-08,A,Manhattan,131
2022-12-09,A,Manhattan,141
2022-12-10,A,Manhattan,66
2022-12-11,A,Manhattan,66
2022-12-12,A,Manhattan,160
2022-12-13,A,Manhattan,163
2022-12-14,A,Manhattan,166
2022-12-15,A,Manhattan,136
2022-12-16,A,Manhattan,124
2022-12-17,A,Manhattan,85
2022-12-18,A,Manhattan,81
2022-12-19,A,Manhattan,143
2022-12-20,A,Manhattan,161
2022-12-21,A,Manhattan,162
2022-12-22,A,Manhattan,163
2022-12-23,A,Manhattan,137
2022-12-24,A,Manhattan,72
2022-12-25,A,Manhattan,74
2022-12-26,A,Manhattan,135
2022-12-27,A,Manhattan,134
2022-12-28,A,Manhattan,121
2022-12-29,A,Manhattan,139
2022-12-30,A,Manhattan,142
2022-12-31,A,Manhattan,81
2023-01-01,A,Manhattan,76
2023-01-02,A,Manhattan,153
2023-01-03,A,Manhattan,107
2023-01-04,A,Manhattan,149
2023-01-05,A,Manhattan,104
2023-01-06,A,Manhattan,133
2023-01-07,A,Manhattan,74
2023-01-08,A,Manhattan,84
2023-01-09,A,Manhattan,131
2023-01-10,A,Manhattan,123
2023-01-11,A,Manhattan,105
2023-01-12,A,Manhattan,103
2023-01-13,A,Manhattan,137
2023-01-14,A,Manhattan,61
2023-01-15,A,Manhattan,70
2023-01-16,A,Manhattan,118
2023-01-17,A,Manhattan,144
2023-01-18,A,Manhattan,117
2023-01-19,A,Manhattan,148
2023-01-20,A,Manhattan,124
2023-01-21,A,Manhattan,75
2023-01-22,A,Manhattan,67
2023-01-23,A,Manhattan,125
2023-01-24,A,Manhattan,112
2023-01-25,A,Manhattan,129
2023-01-26,A,Manhattan,100
2023-01-27,A,Manhattan,144
2023-01-28,A,Manhattan,56
2023-01-29,A,Manhattan,69
2023-01-30,A,Manhattan,107
2023-01-31,A,Manhattan,115
2023-02-01,A,Manhattan,130
2023-02-02,A,Manhattan,129
2023-02-03,A,Manhattan,132
2023-02-04,A,Manhattan,70
2023-02-05,A,Manhattan,69
2023-02-06,A,Manhattan,135
2023-02-07,A,Manhattan,105
2023-02-08,A,Manhattan,98
2023-02-09,A,Manhattan,111
2023-02-10,A,Manhattan,134
2023-02-11,A,Manhattan,54
2023-02-12,A,Manhattan,78
2023-02-13,A,Manhattan,126
2023-02-14,A,Manhattan,119
2023-02-15,A,Manhattan,100
2023-02-16,A,Manhattan,116
2023-02-17,A,Manhattan,140
2023-02-18,A,Manhattan,76
2023-02-19,A,Manhattan,78
2023-02-20,A,Manhattan,120
2023-02-21,A,Manhattan,104
2023-02-22,A,Manhattan,106
2023-02-23,A,Manhattan,109
2023-02-24,A,Manhattan,129
2023-02-25,A,Manhattan,68
2023-02-26,A,Manhattan,67
2023-02-27,A,Manhattan,124
2023-02-28,A,Manhattan,120
2023-03-01,A,Manhattan,101
2023-03-02,A,Manhattan,109
2023-03-03,A,Manhattan,124
2023-03-04,A,Manhattan,57
2023-03-05,A,Manhattan,67
2023-03-06,A,Manhattan,125
2023-03-07,A,Manhattan,103
2023-03-08,A,Manhattan,101
2023-03-09,A,Manhattan,125
2023-03-10,A,Manhattan,135
2023-03-11,A,Manhattan,54
2023-03-12,A,Manhattan,61
2023-03-13,A,Manhattan,119
2023-03-14,A,Manhattan,123
2023-03-15,A,Manhattan,106
2023-03-16,A,Manhattan,106
2023-03-17,A,Manhattan,138
2023-03-18,A,Manhattan,57
2023-03-19,A,Manhattan,79
2023-03-20,A,Manhattan,116
2023-03-21,A,Manhattan,111
2023-03-22,A,Manhattan,100
2023-03-23,A,Manhattan,103
2023-03-24,A,Manhattan,115
2023-03-25,A,Manhattan,81
2023-03-26,A,Manhattan,63
2023-03-27,A,Manhattan,126
2023-03-28,A,Manhattan,141
2023-03-29,A,Manhattan,121
2023-03-30,A,Manhattan,130
2023-03-31,A,Manhattan,139
2023-04-01,A,Manhattan,82
2023-04-02,A,Manhattan,60
2023-04-03,A,Manhattan,144
2023-04-04,A,Manhattan,131
2023-04-05,A,Manhattan,141
2023-04-06,A,Manhattan,105
2023-04-07,A,Manhattan,111
2023-04-08,A,Manhattan,65
2023-04-09,A,Manhattan,86
2023-04-10,A,Manhattan,121
2023-04-11,A,Manhattan,110
2023-04-12,A,Manhattan,138
2023-04-13,A,Manhattan,106
2023-04-14,A,Manhattan,154
2023-04-15,A,Manhattan,64
2023-04-16,A,Manhattan,60
2023-04-17,A,Manhattan,130
2023-04-18,A,Manhattan,126
2023-04-19,A,Manhattan,130
2023-04-20,A,Manhattan,126
2023-04-21,A,Manhattan,127
2023-04-22,A,Manhattan,90
2023-04-23,A,Manhattan,72
2023-04-24,A,Manhattan,142
2023-04-25,A,Manhattan,110
2023-04-26,A,Manhattan,130
2023-04-27,A,Manhattan,149
2023-04-28,A,Manhattan,120
2023-04-29,A,Manhattan,64
2023-04-30,A,Manhattan,95
2023-05-01,A,Manhattan,161
2023-05-02,A,Manhattan,160
2023-05-03,A,Manhattan,149
2023-05-04,A,Manhattan,157
2023-05-05,A,Manhattan,125
2023-05-06,A,Manhattan,66
2023-05-07,A,Manhattan,89
2023-05-08,A,Manhattan,153
2023-05-09,A,Manhattan,170
2023-05-10,A,Manhattan,124
2023-05-11,A,Manhattan,161
2023-05-12,A,Manhattan,137
2023-05-13,A,Manhattan,98
2023-05-14,A,Manhattan,94
2023-05-15,A,Manhattan,139
2023-05-16,A,Manhattan,160
2023-05-17,A,Manhattan,137
2023-05-18,A,Manhattan,139
2023-05-19,A,Manhattan,182
2023-05-20,A,Manhattan,74
2023-05-21,A,Manhattan,91
2023-05-22,A,Manhattan,171
2023-05-23,A,Manhattan,133
2023-05-24,A,Manhattan,161
2023-05-25,A,Manhattan,162
2023-05-26,A,Manhattan,182
2023-05-27,A,Manhattan,87
2023-05-28,A,Manhattan,108
2023-05-29,A,Manhattan,180
2023-05-30,A,Manhattan,174
2023-05-31,A,Manhattan,153
2023-06-01,A,Manhattan,173
2023-06-02,A,Manhattan,180
2023-06-03,A,Manhattan,109
2023-06-04,A,Manhattan,83
2023-06-05,A,Manhattan,197
2023-06-06,A,Manhattan,147
2023-06-07,A,Manhattan,178
2023-06-08,A,Manhattan,166
2023-06-09,A,Manhattan,136
2023-06-10,A,Manhattan,88
2023-06-11,A,Manhattan,79
2023-06-12,A,Manhattan,161
2023-06-13,A,Manhattan,193
2023-06-14,A,Manhattan,154
2023-06-15,A,Manhattan,141
2023-06-16,A,Manhattan,198
2023-06-17,A,Manhattan,100
2023-06-18,A,Manhattan,91
2023-06-19,A,Manhattan,194
2023-06-20,A,Manhattan,210
2023-06-21,A,Manhattan,161
2023-06-22,A,Manhattan,163
2023-06-23,A,Manhattan,153
2023-06-24,A,Manhattan,115
2023-06-25,A,Manhattan,102
2023-06-26,A,Manhattan,213
2023-06-27,A,Manhattan,178
2023-06-28,A,Manhattan,215
2023-06-29,A,Manhattan,178
2023-06-30,A,Manhattan,218
2023-07-01,A,Manhattan,96
2023-07-02,A,Manhattan,119
2023-07-03,A,Manhattan,152
2023-07-04,A,Manhattan,152
2023-07-05,A,Manhattan,220
2023-07-06,A,Manhattan,208
2023-07-07,A,Manhattan,152
2023-07-08,A,Manhattan,119
2023-07-09,A,Manhattan,123
2023-07-10,A,Manhattan,179
2023-07-11,A,Manhattan,215
2023-07-12,A,Manhattan,194
2023-07-13,A,Manhattan,186
2023-07-14,A,Manhattan,207
2023-07-15,A,Manhattan,114
2023-07-16,A,Manhattan,116
2023-07-17,A,Manhattan,163
2023-07-18,A,Manhattan,164
2023-07-19,A,Manhattan,185
2023-07-20,A,Manhattan,163
2023-07-21,A,Manhattan,215
2023-07-22,A,Manhattan,95
2023-07-23,A,Manhattan,101
2023-07-24,A,Manhattan,169
2023-07-25,A,Manhattan,186
2023-07-26,A,Manhattan,166
2023-07-27,A,Manhattan,165
2023-07-28,A,Manhattan,167
2023-07-29,A,Manhattan,115
2023-07-30,A,Manhattan,107
2023-07-31,A,Manhattan,164
2023-08-01,A,Manhattan,204
2023-08-02,A,Manhattan,233
2023-08-03,A,Manhattan,196
2023-08-04,A,Manhattan,204
2023-08-05,A,Manhattan,119
2023-08-06,A,Manhattan,129
2023-08-07,A,Manhattan,175
2023-08-08,A,Manhattan,210
2023-08-09,A,Manhattan,173
2023-08-10,A,Manhattan,234
2023-08-11,A,Manhattan,218
2023-08-12,A,Manhattan,131
2023-08-13,A,Manhattan,127
2023-08-14,A,Manhattan,179
2023-08-15,A,Manhattan,242
2023-08-16,A,Manhattan,172
2023-08-17,A,Manhattan,234
2023-08-18,A,Manhattan,200
2023-08-19,A,Manhattan,129
2023-08-20,A,Manhattan,113
2023-08-21,A,Manhattan,236
2023-08-22,A,Manhattan,172
2023-08-23,A,Manhattan,249
2023-08-24,A,Manhattan,174
2023-08-25,A,Manhattan,167
2023-08-26,A,Manhattan,103
2023-08-27,A,Manhattan,116
2023-08-28,A,Manhattan,213
2023-08-29,A,Manhattan,173
2023-08-30,A,Manhattan,233
2023-08-31,A,Manhattan,187
2023-09-01,A,Manhattan,188
2023-09-02,A,Manhattan,100
2023-09-03,A,Manhattan,121
2023-09-04,A,Manhattan,244
2023-09-05,A,Manhattan,200
2023-09-06,A,Manhattan,216
2023-09-07,A,Manhattan,211
2023-09-08,A,Manhattan,199
2023-09-09,A,Manhattan,102
2023-09-10,A,Manhattan,119
2023-09-11,A,Manhattan,168
2023-09-12,A,Manhattan,213
2023-09-13,A,Manhattan,205
2023-09-14,A,Manhattan,199
2023-09-15,A,Manhattan,237
2023-09-16,A,Manhattan,140
2023-09-17,A,Manhattan,94
2023-09-18,A,Manhattan,202
2023-09-19,A,Manhattan,212
2023-09-20,A,Manhattan,222
2023-09-21,A,Manhattan,234
2023-09-22,A,Manhattan,233
2023-09-23,A,Manhattan,105
2023-09-24,A,Manhattan,131
2023-09-25,A,Manhattan,204
2023-09-26,A,Manhattan,192
2023-09-27,A,Manhattan,213
2023-09-28,A,Manhattan,216
2023-09-29,A,Manhattan,183
2023-09-30,A,Manhattan,123
2023-10-01,A,Manhattan,121
2023-10-02,A,Manhattan,226
2023-10-03,A,Manhattan,186
2023-10-04,A,Manhattan,175
2023-10-05,A,Manhattan,188
2023-10-06,A,Manhattan,213
2023-10-07,A,Manhattan,130
2023-10-08,A,Manhattan,117
2023-10-09,A,Manhattan,183
2023-10-10,A,Manhattan,227
2023-10-11,A,Manhattan,184
2023-10-12,A,Manhattan,208
2023-10-13,A,Manhattan,212
2023-10-14,A,Manhattan,135
2023-10-15,A,Manhattan,128
2023-10-16,A,Manhattan,195
2023-10-17,A,Manhattan,175
2023-10-18,A,Manhattan,177
2023-10-19,A,Manhattan,178
2023-10-20,A,Manhattan,176
2023-10-21,A,Manhattan,124
2023-10-22,A,Manhattan,111
2023-10-23,A,Manhattan,216
2023-10-24,A,Manhattan,180
2023-10-25,A,Manhattan,169
2023-10-26,A,Manhattan,184
2023-10-27,A,Manhattan,224
2023-10-28,A,Manhattan,96
2023-10-29,A,Manhattan,103
2023-10-30,A,Manhattan,170
2023-10-31,A,Manhattan,198
2023-11-01,A,Manhattan,220
2023-11-02,A,Manhattan,181
2023-11-03,A,Manhattan,162
2023-11-04,A,Manhattan,115
2023-11-05,A,Manhattan,127
2023-11-06,A,Manhattan,175
2023-11-07,A,Manhattan,196
2023-11-08,A,Manhattan,176
2023-11-09,A,Manhattan,221
2023-11-10,A,Manhattan,216
2023-11-11,A,Manhattan,90
2023-11-12,A,Manhattan,101
2023-11-13,A,Manhattan,158
2023-11-14,A,Manhattan,177
2023-11-15,A,Manhattan,181
2023-11-16,A,Manhattan,204
2023-11-17,A,Manhattan,159
2023-11-18,A,Manhattan,89
2023-11-19,A,Manhattan,105
2023-11-20,A,Manhattan,209
2023-11-21,A,Manhattan,176
2023-11-22,A,Manhattan,156
2023-11-23,A,Manhattan,175
2023-11-24,A,Manhattan,146
2023-11-25,A,Manhattan,81
2023-11-26,A,Manhattan,93
2023-11-27,A,Manhattan,143
2023-11-28,A,Manhattan,179
2023-11-29,A,Manhattan,181
2023-11-30,A,Manhattan,156
2023-12-01,A,Manhattan,139
2023-12-02,A,Manhattan,99
2023-12-03,A,Manhattan,113
2023-12-04,A,Manhattan,195
2023-12-05,A,Manhattan,177
2023-12-06,A,Manhattan,163
2023-12-07,A,Manhattan,194
2023-12-08,A,Manhattan,196
2023-12-09,A,Manhattan,84
2023-12-10,A,Manhattan,90
2023-12-11,A,Manhattan,175
2023-12-12,A,Manhattan,193
2023-12-13,A,Manhattan,189
2023-12-14,A,Manhattan,136
2023-12-15,A,Manhattan,168
2023-12-16,A,Manhattan,104
2023-12-17,A,Manhattan,79
2023-12-18,A,Manhattan,181
2023-12-19,A,Manhattan,137
2023-12-20,A,Manhattan,174
2023-12-21,A,Manhattan,184
2023-12-22,A,Manhattan,163
2023-12-23,A,Manhattan,101
2023-12-24,A,Manhattan,72
2023-12-25,A,Manhattan,125
2023-12-26,A,Manhattan,134
2023-12-27,A,Manhattan,125
2023-12-28,A,Manhattan,158
2023-12-29,A,Manhattan,132
2023-12-30,A,Manhattan,93
2023-12-31,A,Manhattan,75
2024-01-01,A,Manhattan,161
2024-01-02,A,Manhattan,152
2024-01-03,A,Manhattan,153
2024-01-04,A,Manhattan,123
2024-01-05,A,Manhattan,150
2024-01-06,A,Manhattan,79
2024-01-07,A,Manhattan,92
2024-01-08,A,Manhattan,166
2024-01-09,A,Manhattan,150
2024-01-10,A,Manhattan,160
2024-01-11,A,Manhattan,142
2024-01-12,A,Manhattan,160
2024-01-13,A,Manhattan,73
2024-01-14,A,Manhattan,95
2024-01-15,A,Manhattan,147
2024-01-16,A,Manhattan,139
2024-01-17,A,Manhattan,118
2024-01-18,A,Manhattan,146
2024-01-19,A,Manhattan,141
2024-01-20,A,Manhattan,79
2024-01-21,A,Manhattan,94
2024-01-22,A,Manhattan,128
2024-01-23,A,Manhattan,132
2024-01-24,A,Manhattan,113
2024-01-25,A,Manhattan,124
2024-01-26,A,Manhattan,124
2024-01-27,A,Manhattan,89
2024-01-28,A,Manhattan,84
2024-01-29,A,Manhattan,138
2024-01-30,A,Manhattan,120
2024-01-31,A,Manhattan,124
2024-02-01,A,Manhattan,132
2024-02-02,A,Manhattan,144
2024-02-03,A,Manhattan,72
2024-02-04,A,Manhattan,76
2024-02-05,A,Manhattan,150
2024-02-06,A,Manhattan,139
2024-02-07,A,Manhattan,143
2024-02-08,A,Manhattan,139
2024-02-09,A,Manhattan,117
2024-02-10,A,Manhattan,70
2024-02-11,A,Manhattan,79
2024-02-12,A,Manhattan,151
2024-02-13,A,Manhattan,130
2024-02-14,A,Manhattan,160
2024-02-15,A,Manhattan,109
2024-02-16,A,Manhattan,108
2024-02-17,A,Manhattan,83
2024-02-18,A,Manhattan,86
2024-02-19,A,Manhattan,119
2024-02-20,A,Manhattan,111
2024-02-21,A,Manhattan,157
2024-02-22,A,Manhattan,125
2024-02-23,A,Manhattan,155
2024-02-24,A,Manhattan,70
2024-02-25,A,Manhattan,83
2024-02-26,A,Manhattan,125
2024-02-27,A,Manhattan,108
2024-02-28,A,Manhattan,110
2024-02-29,A,Manhattan,132
2024-03-01,A,Manhattan,156
2024-03-02,A,Manhattan,62
2024-03-03,A,Manhattan,71
2024-03-04,A,Manhattan,126
2024-03-05,A,Manhattan,125
2024-03-06,A,Manhattan,116
2024-03-07,A,Manhattan,135
2024-03-08,A,Manhattan,111
2024-03-09,A,Manhattan,73
2024-03-10,A,Manhattan,89
2024-03-11,A,Manhattan,114
2024-03-12,A,Manhattan,134
2024-03-13,A,Manhattan,129
2024-03-14,A,Manhattan,111
2024-03-15,A,Manhattan,148
2024-03-16,A,Manhattan,83
2024-03-17,A,Manhattan,74
2024-03-18,A,Manhattan,161
2024-03-19,A,Manhattan,136
2024-03-20,A,Manhattan,114
2024-03-21,A,Manhattan,123
2024-03-22,A,Manhattan,111
2024-03-23,A,Manhattan,78
2024-03-24,A,Manhattan,81
2024-03-25,A,Manhattan,133
2024-03-26,A,Manhattan,151
2024-03-27,A,Manhattan,119
2024-03-28,A,Manhattan,154
2024-03-29,A,Manhattan,128
2024-03-30,A,Manhattan,81
2024-03-31,A,Manhattan,94
2024-04-01,A,Manhattan,137
2024-04-02,A,Manhattan,170
2024-04-03,A,Manhattan,165
2024-04-04,A,Manhattan,124
2024-04-05,A,Manhattan,166
2024-04-06,A,Manhattan,67
2024-04-07,A,Manhattan,89
2024-04-08,A,Manhattan,119
2024-04-09,A,Manhattan,168
2024-04-10,A,Manhattan,144
2024-04-11,A,Manhattan,161
2024-04-12,A,Manhattan,132
2024-04-13,A,Manhattan,98
2024-04-14,A,Manhattan,88
2024-04-15,A,Manhattan,156
2024-04-16,A,Manhattan,159
2024-04-17,A,Manhattan,131
2024-04-18,A,Manhattan,165
2024-04-19,A,Manhattan,157
2024-04-20,A,Manhattan,80
2024-04-21,A,Manhattan,72
2024-04-22,A,Manhattan,151
2024-04-23,A,Manhattan,144
2024-04-24,A,Manhattan,151
2024-04-25,A,Manhattan,154
2024-04-26,A,Manhattan,141
2024-04-27,A,Manhattan,83
2024-04-28,A,Manhattan,82
2024-04-29,A,Manhattan,161
2024-04-30,A,Manhattan,189
2024-05-01,A,Manhattan,163
2024-05-02,A,Manhattan,149
2024-05-03,A,Manhattan,181
2024-05-04,A,Manhattan,110
2024-05-05,A,Manhattan,84
2024-05-06,A,Manhattan,163
2024-05-07,A,Manhattan,186
2024-05-08,A,Manhattan,141
2024-05-09,A,Manhattan,190
2024-05-10,A,Manhattan,165
2024-05-11,A,Manhattan,108
2024-05-12,A,Manhattan,100
2024-05-13,A,Manhattan,159
2024-05-14,A,Manhattan,181
2024-05-15,A,Manhattan,189
2024-05-16,A,Manhattan,154
2024-05-17,A,Manhattan,185
2024-05-18,A,Manhattan,87
2024-05-19,A,Manhattan,116
2024-05-20,A,Manhattan,195
2024-05-21,A,Manhattan,195
2024-05-22,A,Manhattan,181
2024-05-23,A,Manhattan,185
2024-05-24,A,Manhattan,178
2024-05-25,A,Manhattan,90
2024-05-26,A,Manhattan,89
2024-05-27,A,Manhattan,217
2024-05-28,A,Manhattan,156
2024-05-29,A,Manhattan,188
2024-05-30,A,Manhattan,215
2024-05-31,A,Manhattan,211
2024-06-01,A,Manhattan,121
2024-06-02,A,Manhattan,98
2024-06-03,A,Manhattan,182
2024-06-04,A,Manhattan,169
2024-06-05,A,Manhattan,204
2024-06-06,A,Manhattan,214
2024-06-07,A,Manhattan,187
2024-06-08,A,Manhattan,120
2024-06-09,A,Manhattan,126
2024-06-10,A,Manhattan,221
2024-06-11,A,Manhattan,171
2024-06-12,A,Manhattan,164
2024-06-13,A,Manhattan,166
2024-06-14,A,Manhattan,189
2024-06-15,A,Manhattan,107
2024-06-16,A,Manhattan,127
2024-06-17,A,Manhattan,198
2024-06-18,A,Manhattan,234
2024-06-19,A,Manhattan,238
2024-06-20,A,Manhattan,218
2024-06-21,A,Manhattan,192
2024-06-22,A,Manhattan,124
2024-06-23,A,Manhattan,117
2024-06-24,A,Manhattan,244
2024-06-25,A,Manhattan,226
2024-06-26,A,Manhattan,224
2024-06-27,A,Manhattan,245
2024-06-28,A,Manhattan,217
2024-06-29,A,Manhattan,109
2024-06-30,A,Manhattan,127
2024-07-01,A,Manhattan,188
2024-07-02,A,Manhattan,202
2024-07-03,A,Manhattan,190
2024-07-04,A,Manhattan,225
2024-07-05,A,Manhattan,242
2024-07-06,A,Manhattan,103
2024-07-07,A,Manhattan,136
2024-07-08,A,Manhattan,192
2024-07-09,A,Manhattan,203
2024-07-10,A,Manhattan,244
2024-07-11,A,Manhattan,225
2024-07-12,A,Manhattan,195
2024-07-13,A,Manhattan,123
2024-07-14,A,Manhattan,144
2024-07-15,A,Manhattan,203
2024-07-16,A,Manhattan,234
2024-07-17,A,Manhattan,222
2024-07-18,A,Manhattan,204
2024-07-19,A,Manhattan,212
2024-07-20,A,Manhattan,117
2024-07-21,A,Manhattan,117
2024-07-22,A,Manhattan,210
2024-07-23,A,Manhattan,218
2024-07-24,A,Manhattan,196
2024-07-25,A,Manhattan,213
2024-07-26,A,Manhattan,236
2024-07-27,A,Manhattan,149
2024-07-28,A,Manhattan,133
2024-07-29,A,Manhattan,258
2024-07-30,A,Manhattan,268
2024-07-31,A,Manhattan,244
2024-08-01,A,Manhattan,189
2024-08-02,A,Manhattan,243
2024-08-03,A,Manhattan,153
2024-08-04,A,Manhattan,149
2024-08-05,A,Manhattan,253
2024-08-06,A,Manhattan,208
2024-08-07,A,Manhattan,275
2024-08-08,A,Manhattan,185
2024-08-09,A,Manhattan,266
2024-08-10,A,Manhattan,154
2024-08-11,A,Manhattan,120
2024-08-12,A,Manhattan,187
2024-08-13,A,Manhattan,198
2024-08-14,A,Manhattan,237
2024-08-15,A,Manhattan,239
2024-08-16,A,Manhattan,247
2024-08-17,A,Manhattan,141
2024-08-18,A,Manhattan,122
2024-08-19,A,Manhattan,191
2024-08-20,A,Manhattan,218
2024-08-21,A,Manhattan,212
2024-08-22,A,Manhattan,243
2024-08-23,A,Manhattan,257
2024-08-24,A,Manhattan,156
2024-08-25,A,Manhattan,128
2024-08-26,A,Manhattan,248
2024-08-27,A,Manhattan,234
2024-08-28,A,Manhattan,274
2024-08-29,A,Manhattan,216
2024-08-30,A,Manhattan,278
2024-08-31,A,Manhattan,131
2024-09-01,A,Manhattan,141
2024-09-02,A,Manhattan,194
2024-09-03,A,Manhattan,233
2024-09-04,A,Manhattan,208
2024-09-05,A,Manhattan,210
2024-09-06,A,Manhattan,235
2024-09-07,A,Manhattan,132
2024-09-08,A,Manhattan,150
2024-09-09,A,Manhattan,262
2024-09-10,A,Manhattan,258
2024-09-11,A,Manhattan,255
2024-09-12,A,Manhattan,262
2024-09-13,A,Manhattan,244
2024-09-14,A,Manhattan,122
2024-09-15,A,Manhattan,158
2024-09-16,A,Manhattan,228
2024-09-17,A,Manhattan,278
2024-09-18,A,Manhattan,278
2024-09-19,A,Manhattan,259
2024-09-20,A,Manhattan,242
2024-09-21,A,Manhattan,108
2024-09-22,A,Manhattan,123
2024-09-23,A,Manhattan,228
2024-09-24,A,Manhattan,229
2024-09-25,A,Manhattan,200
2024-09-26,A,Manhattan,276
2024-09-27,A,Manhattan,253
2024-09-28,A,Manhattan,132
2024-09-29,A,Manhattan,152
2024-09-30,A,Manhattan,195
2024-10-01,A,Manhattan,226
2024-10-02,A,Manhattan,258
2024-10-03,A,Manhattan,207
2024-10-04,A,Manhattan,212
2024-10-05,A,Manhattan,108
2024-10-06,A,Manhattan,139
2024-10-07,A,Manhattan,248
2024-10-08,A,Manhattan,207
2024-10-09,A,Manhattan,190
2024-10-10,A,Manhattan,206
2024-10-11,A,Manhattan,233
2024-10-12,A,Manhattan,122
2024-10-13,A,Manhattan,106
2024-10-14,A,Manhattan,195
2024-10-15,A,Manhattan,199
2024-10-16,A,Manhattan,192
2024-10-17,A,Manhattan,201
2024-10-18,A,Manhattan,248
2024-10-19,A,Manhattan,113
2024-10-20,A,Manhattan,148
2024-10-21,A,Manhattan,199
2024-10-22,A,Manhattan,249
2024-10-23,A,Manhattan,204
2024-10-24,A,Manhattan,185
2024-10-25,A,Manhattan,188
2024-10-26,A,Manhattan,124
2024-10-27,A,Manhattan,120
2024-10-28,A,Manhattan,204
2024-10-29,A,Manhattan,224
2024-10-30,A,Manhattan,200
2024-10-31,A,Manhattan,215
2024-11-01,A,Manhattan,205
2024-11-02,A,Manhattan,120
2024-11-03,A,Manhattan,142
2024-11-04,A,Manhattan,186
2024-11-05,A,Manhattan,174
2024-11-06,A,Manhattan,246
2024-11-07,A,Manhattan,182
2024-11-08,A,Manhattan,229
2024-11-09,A,Manhattan,135
2024-11-10,A,Manhattan,110
2024-11-11,A,Manhattan,206
2024-11-12,A,Manhattan,230
2024-11-13,A,Manhattan,181
2024-11-14,A,Manhattan,226
2024-11-15,A,Manhattan,181
2024-11-16,A,Manhattan,96
2024-11-17,A,Manhattan,116
2024-11-18,A,Manhattan,238
2024-11-19,A,Manhattan,183
2024-11-20,A,Manhattan,227
2024-11-21,A,Manhattan,197
2024-11-22,A,Manhattan,214
2024-11-23,A,Manhattan,117
2024-11-24,A,Manhattan,99
2024-11-25,A,Manhattan,197
2024-11-26,A,Manhattan,218
2024-11-27,A,Manhattan,187
2024-11-28,A,Manhattan,185
2024-11-29,A,Manhattan,161
2024-11-30,A,Manhattan,108
2024-12-01,A,Manhattan,99
2024-12-02,A,Manhattan,196
2024-12-03,A,Manhattan,164
2024-12-04,A,Manhattan,152
2024-12-05,A,Manhattan,208
2024-12-06,A,Manhattan,176
2024-12-07,A,Manhattan,100
2024-12-08,A,Manhattan,85
2024-12-09,A,Manhattan,154
2024-12-10,A,Manhattan,153
2024-12-11,A,Manhattan,197
2024-12-12,A,Manhattan,180
2024-12-13,A,Manhattan,180
2024-12-14,A,Manhattan,105
2024-12-15,A,Manhattan,100
2024-12-16,A,Manhattan,188
2024-12-17,A,Manhattan,170
2024-12-18,A,Manhattan,144
2024-12-19,A,Manhattan,200
2024-12-20,A,Manhattan,209
2024-12-21,A,Manhattan,94
2024-12-22,A,Manhattan,117
2024-12-23,A,Manhattan,175
2024-12-24,A,Manhattan,199
2024-12-25,A,Manhattan,179
2024-12-26,A,Manhattan,165
2024-12-27,A,Manhattan,139
2024-12-28,A,Manhattan,92
2024-12-29,A,Manhattan,82
2024-12-30,A,Manhattan,177
2024-12-31,A,Manhattan,166
2025-01-01,A,Manhattan,152
2025-01-02,A,Manhattan,180
2025-01-03,A,Manhattan,159
2025-01-04,A,Manhattan,76
2025-01-05,A,Manhattan,100
2025-01-06,A,Manhattan,134
2025-01-07,A,Manhattan,147
2025-01-08,A,Manhattan,172
2025-01-09,A,Manhattan,196
2025-01-10,A,Manhattan,170
2025-01-11,A,Manhattan,81
2025-01-12,A,Manhattan,89
2025-01-13,A,Manhattan,165
2025-01-14,A,Manhattan,182
2025-01-15,A,Manhattan,151
2025-01-16,A,Manhattan,178
2025-01-17,A,Manhattan,179
2025-01-18,A,Manhattan,92
2025-01-19,A,Manhattan,71
2025-01-20,A,Manhattan,174
2025-01-21,A,Manhattan,155
2025-01-22,A,Manhattan,174
2025-01-23,A,Manhattan,147
2025-01-24,A,Manhattan,168
2025-01-25,A,Manhattan,86
2025-01-26,A,Manhattan,99
2025-01-27,A,Manhattan,177
2025-01-28,A,Manhattan,125
2025-01-29,A,Manhattan,127
2025-01-30,A,Manhattan,182
2025-01-31,A,Manhattan,125
2025-02-01,A,Manhattan,87
2025-02-02,A,Manhattan,72
2025-02-03,A,Manhattan,152
2025-02-04,A,Manhattan,164
2025-02-05,A,Manhattan,160
2025-02-06,A,Manhattan,148
2025-02-07,A,Manhattan,178
2025-02-08,A,Manhattan,90
2025-02-09,A,Manhattan,86
2025-02-10,A,Manhattan,145
2025-02-11,A,Manhattan,146
2025-02-12,A,Manhattan,153
2025-02-13,A,Manhattan,176
2025-02-14,A,Manhattan,134
2025-02-15,A,Manhattan,76
2025-02-16,A,Manhattan,72
2025-02-17,A,Manhattan,141
2025-02-18,A,Manhattan,149
2025-02-19,A,Manhattan,130
2025-02-20,A,Manhattan,163
2025-02-21,A,Manhattan,142
2025-02-22,A,Manhattan,96
2025-02-23,A,Manhattan,71
2025-02-24,A,Manhattan,157
2025-02-25,A,Manhattan,151
2025-02-26,A,Manhattan,156
2025-02-27,A,Manhattan,136
2025-02-28,A,Manhattan,176
2025-03-01,A,Manhattan,90
2025-03-02,A,Manhattan,79
2025-03-03,A,Manhattan,139
2025-03-04,A,Manhattan,130
2025-03-05,A,Manhattan,141
2025-03-06,A,Manhattan,163
2025-03-07,A,Manhattan,131
2025-03-08,A,Manhattan,88
2025-03-09,A,Manhattan,95
2025-03-10,A,Manhattan,161
2025-03-11,A,Manhattan,173
2025-03-12,A,Manhattan,138
2025-03-13,A,Manhattan,145
2025-03-14,A,Manhattan,175
2025-03-15,A,Manhattan,84
2025-03-16,A,Manhattan,86
2025-03-17,A,Manhattan,125
2025-03-18,A,Manhattan,123
2025-03-19,A,Manhattan,149
2025-03-20,A,Manhattan,131
2025-03-21,A,Manhattan,160
2025-03-22,A,Manhattan,90
2025-03-23,A,Manhattan,81
2025-03-24,A,Manhattan,154
2025-03-25,A,Manhattan,125
2025-03-26,A,Manhattan,138
2025-03-27,A,Manhattan,129
2025-03-28,A,Manhattan,174
2025-03-29,A,Manhattan,85
2025-03-30,A,Manhattan,89
2025-03-31,A,Manhattan,156
2025-04-01,A,Manhattan,177
2025-04-02,A,Manhattan,186
2025-04-03,A,Manhattan,170
2025-04-04,A,Manhattan,155
2025-04-05,A,Manhattan,98
2025-04-06,A,Manhattan,99
2025-04-07,A,Manhattan,147
2025-04-08,A,Manhattan,192
2025-04-09,A,Manhattan,131
2025-04-10,A,Manhattan,143
2025-04-11,A,Manhattan,195
2025-04-12,A,Manhattan,86
2025-04-13,A,Manhattan,75
2025-04-14,A,Manhattan,166
2025-04-15,A,Manhattan,182
2025-04-16,A,Manhattan,147
2025-04-17,A,Manhattan,141
2025-04-18,A,Manhattan,152
2025-04-19,A,Manhattan,94
2025-04-20,A,Manhattan,84
2025-04-21,A,Manhattan,171
2025-04-22,A,Manhattan,176
2025-04-23,A,Manhattan,204
2025-04-24,A,Manhattan,193
2025-04-25,A,Manhattan,198
2025-04-26,A,Manhattan,111
2025-04-27,A,Manhattan,86
2025-04-28,A,Manhattan,170
2025-04-29,A,Manhattan,210
2025-04-30,A,Manhattan,193
2025-05-01,A,Manhattan,181
2025-05-02,A,Manhattan,150
2025-05-03,A,Manhattan,96
2025-05-04,A,Manhattan,118
2025-05-05,A,Manhattan,176
2025-05-06,A,Manhattan,189
2025-05-07,A,Manhattan,199
2025-05-08,A,Manhattan,200
2025-05-09,A,Manhattan,164
2025-05-10,A,Manhattan,98
2025-05-11,A,Manhattan,91
2025-05-12,A,Manhattan,164
2025-05-13,A,Manhattan,172
2025-05-14,A,Manhattan,184
2025-05-15,A,Manhattan,197
2025-05-16,A,Manhattan,177
2025-05-17,A,Manhattan,95
2025-05-18,A,Manhattan,93
2025-05-19,A,Manhattan,215
2025-05-20,A,Manhattan,170
2025-05-21,A,Manhattan,189
2025-05-22,A,Manhattan,235
2025-05-23,A,Manhattan,192
2025-05-24,A,Manhattan,111
2025-05-25,A,Manhattan,134
2025-05-26,A,Manhattan,236
2025-05-27,A,Manhattan,208
2025-05-28,A,Manhattan,222
2025-05-29,A,Manhattan,238
2025-05-30,A,Manhattan,203
2025-05-31,A,Manhattan,113
2025-06-01,A,Manhattan,124
2025-06-02,A,Manhattan,178
2025-06-03,A,Manhattan,200
2025-06-04,A,Manhattan,186
2025-06-05,A,Manhattan,241
2025-06-06,A,Manhattan,187
2025-06-07,A,Manhattan,118
2025-06-08,A,Manhattan,127
2025-06-09,A,Manhattan,170
2025-06-10,A,Manhattan,172
2025-06-11,A,Manhattan,234
2025-06-12,A,Manhattan,251
2025-06-13,A,Manhattan,206
2025-06-14,A,Manhattan,116
2025-06-15,A,Manhattan,102
2025-06-16,A,Manhattan,221
2025-06-17,A,Manhattan,212
2025-06-18,A,Manhattan,224
2025-06-19,A,Manhattan,183
2025-06-20,A,Manhattan,207
2025-06-21,A,Manhattan,103
2025-06-22,A,Manhattan,123
2025-06-23,A,Manhattan,233
2025-06-24,A,Manhattan,224
2025-06-25,A,Manhattan,223
2025-06-26,A,Manhattan,200
2025-06-27,A,Manhattan,184
2025-06-28,A,Manhattan,124
2025-06-29,A,Manhattan,135
2025-06-30,A,Manhattan,225
2025-07-01,A,Manhattan,222
2025-07-02,A,Manhattan,260
2025-07-03,A,Manhattan,224
2025-07-04,A,Manhattan,210
2025-07-05,A,Manhattan,130
2025-07-06,A,Manhattan,110
2025-07-07,A,Manhattan,212
2025-07-08,A,Manhattan,212
2025-07-09,A,Manhattan,262
2025-07-10,A,Manhattan,256
2025-07-11,A,Manhattan,285
2025-07-12,A,Manhattan,163
2025-07-13,A,Manhattan,127
2025-07-14,A,Manhattan,252
2025-07-15,A,Manhattan,267
2025-07-16,A,Manhattan,241
2025-07-17,A,Manhattan,249
2025-07-18,A,Manhattan,282
2025-07-19,A,Manhattan,124
2025-07-20,A,Manhattan,115
2025-07-21,A,Manhattan,259
2025-07-22,A,Manhattan,222
2025-07-23,A,Manhattan,259
2025-07-24,A,Manhattan,271
2025-07-25,A,Manhattan,248
2025-07-26,A,Manhattan,146
2025-07-27,A,Manhattan,147
2025-07-28,A,Manhattan,252
2025-07-29,A,Manhattan,247
2025-07-30,A,Manhattan,211
2025-07-31,A,Manhattan,281
2025-08-01,A,Manhattan,278
2025-08-02,A,Manhattan,159
2025-08-03,A,Manhattan,147
2025-08-04,A,Manhattan,221
2025-08-05,A,Manhattan,301
2025-08-06,A,Manhattan,285
2025-08-07,A,Manhattan,281
2025-08-08,A,Manhattan,221
2025-08-09,A,Manhattan,164
2025-08-10,A,Manhattan,145
2025-08-11,A,Manhattan,233
2025-08-12,A,Manhattan,269
2025-08-13,A,Manhattan,286
2025-08-14,A,Manhattan,232
2025-08-15,A,Manhattan,299
2025-08-16,A,Manhattan,154
2025-08-17,A,Manhattan,170
2025-08-18,A,Manhattan,223
2025-08-19,A,Manhattan,223
2025-08-20,A,Manhattan,237
2025-08-21,A,Manhattan,281
2025-08-22,A,Manhattan,262
2025-08-23,A,Manhattan,148
2025-08-24,A,Manhattan,122
2025-08-25,A,Manhattan,298
2025-08-26,A,Manhattan,312
2025-08-27,A,Manhattan,225
2025-08-28,A,Manhattan,251
2025-08-29,A,Manhattan,270
2025-08-30,A,Manhattan,130
2025-08-31,A,Manhattan,147
2025-09-01,A,Manhattan,282
2025-09-02,A,Manhattan,274
2025-09-03,A,Manhattan,305
2025-09-04,A,Manhattan,233
2025-09-05,A,Manhattan,265
2025-09-06,A,Manhattan,127
2025-09-07,A,Manhattan,141
2025-09-08,A,Manhattan,297
2025-09-09,A,Manhattan,261
2025-09-10,A,Manhattan,211
2025-09-11,A,Manhattan,241
2025-09-12,A,Manhattan,276
2025-09-13,A,Manhattan,137
2025-09-14,A,Manhattan,155
2025-09-15,A,Manhattan,252
2025-09-16,A,Manhattan,292
2025-09-17,A,Manhattan,271
2025-09-18,A,Manhattan,279
2025-09-19,A,Manhattan,209
2025-09-20,A,Manhattan,130
2025-09-21,A,Manhattan,147
2025-09-22,A,Manhattan,280
2025-09-23,A,Manhattan,220
2025-09-24,A,Manhattan,278
2025-09-25,A,Manhattan,269
2025-09-26,A,Manhattan,292
2025-09-27,A,Manhattan,142
2025-09-28,A,Manhattan,152
2025-09-29,A,Manhattan,229
2025-09-30,A,Manhattan,248
2025-10-01,A,Manhattan,276
2025-10-02,A,Manhattan,233
2025-10-03,A,Manhattan,301
2025-10-04,A,Manhattan,138
2025-10-05,A,Manhattan,119
2025-10-06,A,Manhattan,290
2025-10-07,A,Manhattan,265
2025-10-08,A,Manhattan,274
2025-10-09,A,Manhattan,271
2025-10-10,A,Manhattan,207
2025-10-11,A,Manhattan,163
2025-10-12,A,Manhattan,126
2025-10-13,A,Manhattan,281
2025-10-14,A,Manhattan,236
2025-10-15,A,Manhattan,224
2025-10-16,A,Manhattan,266
2025-10-17,A,Manhattan,268
2025-10-18,A,Manhattan,129
2025-10-19,A,Manhattan,128
2025-10-20,A,Manhattan,286
2025-10-21,A,Manhattan,239
2025-10-22,A,Manhattan,252
2025-10-23,A,Manhattan,199
2025-10-24,A,Manhattan,219
2025-10-25,A,Manhattan,151
2025-10-26,A,Manhattan,148
2025-10-27,A,Manhattan,254
2025-10-28,A,Manhattan,250
2025-10-29,A,Manhattan,193
2025-10-30,A,Manhattan,249
2025-10-31,A,Manhattan,274
2025-11-01,A,Manhattan,128
2025-11-02,A,Manhattan,153
2025-11-03,A,Manhattan,211
2025-11-04,A,Manhattan,278
2025-11-05,A,Manhattan,237
2025-11-06,A,Manhattan,201
2025-11-07,A,Manhattan,209
2025-11-08,A,Manhattan,123
2025-11-09,A,Manhattan,106
2025-11-10,A,Manhattan,256
2025-11-11,A,Manhattan,252
2025-11-12,A,Manhattan,271
2025-11-13,A,Manhattan,185
2025-11-14,A,Manhattan,182
2025-11-15,A,Manhattan,122
2025-11-16,A,Manhattan,117
2025-11-17,A,Manhattan,267
2025-11-18,A,Manhattan,264
2025-11-19,A,Manhattan,220
2025-11-20,A,Manhattan,250
2025-11-21,A,Manhattan,229
2025-11-22,A,Manhattan,114
2025-11-23,A,Manhattan,109
2025-11-24,A,Manhattan,215
2025-11-25,A,Manhattan,253
2025-11-26,A,Manhattan,183
2025-11-27,A,Manhattan,200
2025-11-28,A,Manhattan,236
2025-11-29,A,Manhattan,122
2025-11-30,A,Manhattan,107
2025-12-01,A,Manhattan,224
2025-12-02,A,Manhattan,193
2025-12-03,A,Manhattan,174
2025-12-04,A,Manhattan,245
2025-12-05,A,Manhattan,239
2025-12-06,A,Manhattan,126
2025-12-07,A,Manhattan,117
2025-12-08,A,Manhattan,229
2025-12-09,A,Manhattan,220
2025-12-10,A,Manhattan,189
2025-12-11,A,Manhattan,202
2025-12-12,A,Manhattan,240
2025-12-13,A,Manhattan,133
2025-12-14,A,Manhattan,110
2025-12-15,A,Manhattan,194
2025-12-16,A,Manhattan,226
2025-12-17,A,Manhattan,236
2025-12-18,A,Manhattan,212
2025-12-19,A,Manhattan,185
2025-12-20,A,Manhattan,98
2025-12-21,A,Manhattan,116
2025-12-22,A,Manhattan,175
2025-12-23,A,Manhattan,205
2025-12-24,A,Manhattan,194
2025-12-25,A,Manhattan,222
2025-12-26,A,Manhattan,191
2025-12-27,A,Manhattan,125
2025-12-28,A,Manhattan,95
2025-12-29,A,Manhattan,178
2025-12-30,A,Manhattan,165
2025-12-31,A,Manhattan,219
2026-01-01,A,Manhattan,174
2026-01-02,A,Manhattan,155
2026-01-03,A,Manhattan,120
2026-01-04,A,Manhattan,115
2026-01-05,A,Manhattan,154
2026-01-06,A,Manhattan,206
2026-01-07,A,Manhattan,166
2026-01-08,A,Manhattan,175
2026-01-09,A,Manhattan,209
2026-01-10,A,Manhattan,101
2026-01-11,A,Manhattan,92
2026-01-12,A,Manhattan,166
2026-01-13,A,Manhattan,189
2026-01-14,A,Manhattan,185
2026-01-15,A,Manhattan,183
2026-01-16,A,Manhattan,183
2026-01-17,A,Manhattan,93
2026-01-18,A,Manhattan,105
2026-01-19,A,Manhattan,188
2026-01-20,A,Manhattan,185
2026-01-21,A,Manhattan,151
2026-01-22,A,Manhattan,154
2026-01-23,A,Manhattan,143
2026-01-24,A,Manhattan,109
2026-01-25,A,Manhattan,112
2026-01-26,A,Manhattan,165
2026-01-27,A,Manhattan,188
2026-01-28,A,Manhattan,202
2026-01-29,A,Manhattan,182
2026-01-30,A,Manhattan,185
2026-01-31,A,Manhattan,114
2026-02-01,A,Manhattan,79
2026-02-02,A,Manhattan,166
2026-02-03,A,Manhattan,150
2026-02-04,A,Manhattan,150
2026-02-05,A,Manhattan,158
2026-02-06,A,Manhattan,172
2026-02-07,A,Manhattan,112
2026-02-08,A,Manhattan,111
2026-02-09,A,Manhattan,195
2026-02-10,A,Manhattan,138
2026-02-11,A,Manhattan,142
2026-02-12,A,Manhattan,150
2026-02-13,A,Manhattan,179
2021-02-14,B,Brooklyn,42
2021-02-15,B,Brooklyn,87
2021-02-16,B,Brooklyn,62
2021-02-17,B,Brooklyn,73
2021-02-18,B,Brooklyn,77
2021-02-19,B,Brooklyn,83
2021-02-20,B,Brooklyn,39
2021-02-21,B,Brooklyn,44
2021-02-22,B,Brooklyn,59
2021-02-23,B,Brooklyn,62
2021-02-24,B,Brooklyn,72
2021-02-25,B,Brooklyn,76
2021-02-26,B,Brooklyn,88
2021-02-27,B,Brooklyn,35
2021-02-28,B,Brooklyn,49
2021-03-01,B,Brooklyn,59
2021-03-02,B,Brooklyn,70
2021-03-03,B,Brooklyn,64
2021-03-04,B,Brooklyn,86
2021-03-05,B,Brooklyn,77
2021-03-06,B,Brooklyn,46
2021-03-07,B,Brooklyn,36
2021-03-08,B,Brooklyn,62
2021-03-09,B,Brooklyn,63
2021-03-10,B,Brooklyn,69
2021-03-11,B,Brooklyn,76
2021-03-12,B,Brooklyn,77
2021-03-13,B,Brooklyn,49
2021-03-14,B,Brooklyn,46
2021-03-15,B,Brooklyn,84
2021-03-16,B,Brooklyn,63
2021-03-17,B,Brooklyn,66
2021-03-18,B,Brooklyn,84
2021-03-19,B,Brooklyn,85
2021-03-20,B,Brooklyn,45
2021-03-21,B,Brooklyn,50
2021-03-22,B,Brooklyn,78
2021-03-23,B,Brooklyn,87
2021-03-24,B,Brooklyn,70
2021-03-25,B,Brooklyn,72
2021-03-26,B,Brooklyn,85
2021-03-27,B,Brooklyn,47
2021-03-28,B,Brooklyn,42
2021-03-29,B,Brooklyn,85
2021-03-30,B,Brooklyn,90
2021-03-31,B,Brooklyn,63
2021-04-01,B,Brooklyn,79
2021-04-02,B,Brooklyn,69
2021-04-03,B,Brooklyn,48
2021-04-04,B,Brooklyn,52
2021-04-05,B,Brooklyn,82
2021-04-06,B,Brooklyn,83
2021-04-07,B,Brooklyn,78
2021-04-08,B,Brooklyn,87
2021-04-09,B,Brooklyn,77
2021-04-10,B,Brooklyn,42
2021-04-11,B,Brooklyn,36
2021-04-12,B,Brooklyn,95
2021-04-13,B,Brooklyn,90
2021-04-14,B,Brooklyn,73
2021-04-15,B,Brooklyn,70
2021-04-16,B,Brooklyn,74
2021-04-17,B,Brooklyn,49
2021-04-18,B,Brooklyn,39
2021-04-19,B,Brooklyn,95
2021-04-20,B,Brooklyn,79
2021-04-21,B,Brooklyn,100
2021-04-22,B,Brooklyn,88
2021-04-23,B,Brooklyn,89
2021-04-24,B,Brooklyn,55
2021-04-25,B,Brooklyn,42
2021-04-26,B,Brooklyn,88
2021-04-27,B,Brooklyn,94
2021-04-28,B,Brooklyn,94
2021-04-29,B,Brooklyn,89
2021-04-30,B,Brooklyn,101
2021-05-01,B,Brooklyn,44
2021-05-02,B,Brooklyn,51
2021-05-03,B,Brooklyn,107
2021-05-04,B,Brooklyn,77
2021-05-05,B,Brooklyn,107
2021-05-06,B,Brooklyn,78
2021-05-07,B,Brooklyn,74
2021-05-08,B,Brooklyn,50
2021-05-09,B,Brooklyn,57
2021-05-10,B,Brooklyn,89
2021-05-11,B,Brooklyn,83
2021-05-12,B,Brooklyn,78
2021-05-13,B,Brooklyn,88
2021-05-14,B,Brooklyn,103
2021-05-15,B,Brooklyn,46
2021-05-16,B,Brooklyn,48
2021-05-17,B,Brooklyn,78
2021-05-18,B,Brooklyn,89
2021-05-19,B,Brooklyn,103
2021-05-20,B,Brooklyn,86
2021-05-21,B,Brooklyn,114
2021-05-22,B,Brooklyn,52
2021-05-23,B,Brooklyn,53
2021-05-24,B,Brooklyn,90
2021-05-25,B,Brooklyn,112
2021-05-26,B,Brooklyn,86
2021-05-27,B,Brooklyn,83
2021-05-28,B,Brooklyn,101
2021-05-29,B,Brooklyn,61
2021-05-30,B,Brooklyn,60
2021-05-31,B,Brooklyn,84
2021-06-01,B,Brooklyn,98
2021-06-02,B,Brooklyn,97
2021-06-03,B,Brooklyn,110
2021-06-04,B,Brooklyn,108
2021-06-05,B,Brooklyn,63
2021-06-06,B,Brooklyn,70
2021-06-07,B,Brooklyn,85
2021-06-08,B,Brooklyn,117
2021-06-09,B,Brooklyn,125
2021-06-10,B,Brooklyn,120
2021-06-11,B,Brooklyn,124
2021-06-12,B,Brooklyn,55
2021-06-13,B,Brooklyn,59
2021-06-14,B,Brooklyn,120
2021-06-15,B,Brooklyn,114
2021-06-16,B,Brooklyn,98
2021-06-17,B,Brooklyn,97
2021-06-18,B,Brooklyn,112
2021-06-19,B,Brooklyn,71
2021-06-20,B,Brooklyn,62
2021-06-21,B,Brooklyn,130
2021-06-22,B,Brooklyn,99
2021-06-23,B,Brooklyn,99
2021-06-24,B,Brooklyn,106
2021-06-25,B,Brooklyn,115
2021-06-26,B,Brooklyn,68
2021-06-27,B,Brooklyn,67
2021-06-28,B,Brooklyn,112
2021-06-29,B,Brooklyn,118
2021-06-30,B,Brooklyn,100
2021-07-01,B,Brooklyn,96
2021-07-02,B,Brooklyn,118
2021-07-03,B,Brooklyn,56
2021-07-04,B,Brooklyn,78
2021-07-05,B,Brooklyn,140
2021-07-06,B,Brooklyn,128
2021-07-07,B,Brooklyn,123
2021-07-08,B,Brooklyn,135
2021-07-09,B,Brooklyn,97
2021-07-10,B,Brooklyn,58
2021-07-11,B,Brooklyn,65
2021-07-12,B,Brooklyn,109
2021-07-13,B,Brooklyn,141
2021-07-14,B,Brooklyn,136
2021-07-15,B,Brooklyn,108
2021-07-16,B,Brooklyn,129
2021-07-17,B,Brooklyn,59
2021-07-18,B,Brooklyn,59
2021-07-19,B,Brooklyn,138
2021-07-20,B,Brooklyn,112
2021-07-21,B,Brooklyn,137
2021-07-22,B,Brooklyn,99
2021-07-23,B,Brooklyn,119
2021-07-24,B,Brooklyn,83
2021-07-25,B,Brooklyn,80
2021-07-26,B,Brooklyn,138
2021-07-27,B,Brooklyn,118
2021-07-28,B,Brooklyn,115
2021-07-29,B,Brooklyn,119
2021-07-30,B,Brooklyn,111
2021-07-31,B,Brooklyn,80
2021-08-01,B,Brooklyn,70
2021-08-02,B,Brooklyn,102
2021-08-03,B,Brooklyn,111
2021-08-04,B,Brooklyn,132
2021-08-05,B,Brooklyn,150
2021-08-06,B,Brooklyn,122
2021-08-07,B,Brooklyn,60
2021-08-08,B,Brooklyn,73
2021-08-09,B,Brooklyn,121
2021-08-10,B,Brooklyn,104
2021-08-11,B,Brooklyn,138
2021-08-12,B,Brooklyn,140
2021-08-13,B,Brooklyn,127
2021-08-14,B,Brooklyn,83
2021-08-15,B,Brooklyn,70
2021-08-16,B,Brooklyn,131
2021-08-17,B,Brooklyn,113
2021-08-18,B,Brooklyn,107
2021-08-19,B,Brooklyn,142
2021-08-20,B,Brooklyn,143
2021-08-21,B,Brooklyn,72
2021-08-22,B,Brooklyn,67
2021-08-23,B,Brooklyn,105
2021-08-24,B,Brooklyn,132
2021-08-25,B,Brooklyn,115
2021-08-26,B,Brooklyn,120
2021-08-27,B,Brooklyn,112
2021-08-28,B,Brooklyn,79
2021-08-29,B,Brooklyn,82
2021-08-30,B,Brooklyn,123
2021-08-31,B,Brooklyn,131
2021-09-01,B,Brooklyn,111
2021-09-02,B,Brooklyn,148
2021-09-03,B,Brooklyn,135
2021-09-04,B,Brooklyn,68
2021-09-05,B,Brooklyn,78
2021-09-06,B,Brooklyn,151
2021-09-07,B,Brooklyn,106
2021-09-08,B,Brooklyn,146
2021-09-09,B,Brooklyn,146
2021-09-10,B,Brooklyn,124
2021-09-11,B,Brooklyn,78
2021-09-12,B,Brooklyn,67
2021-09-13,B,Brooklyn,134
2021-09-14,B,Brooklyn,154
2021-09-15,B,Brooklyn,142
2021-09-16,B,Brooklyn,121
2021-09-17,B,Brooklyn,107
2021-09-18,B,Brooklyn,78
2021-09-19,B,Brooklyn,77
2021-09-20,B,Brooklyn,131
2021-09-21,B,Brooklyn,105
2021-09-22,B,Brooklyn,148
2021-09-23,B,Brooklyn,124
2021-09-24,B,Brooklyn,127
2021-09-25,B,Brooklyn,63
2021-09-26,B,Brooklyn,81
2021-09-27,B,Brooklyn,116
2021-09-28,B,Brooklyn,122
2021-09-29,B,Brooklyn,140
2021-09-30,B,Brooklyn,122
2021-10-01,B,Brooklyn,125
2021-10-02,B,Brooklyn,77
2021-10-03,B,Brooklyn,71
2021-10-04,B,Brooklyn,105
2021-10-05,B,Brooklyn,132
2021-10-06,B,Brooklyn,150
2021-10-07,B,Brooklyn,153
2021-10-08,B,Brooklyn,109
2021-10-09,B,Brooklyn,65
2021-10-10,B,Brooklyn,58
2021-10-11,B,Brooklyn,122
2021-10-12,B,Brooklyn,114
2021-10-13,B,Brooklyn,114
2021-10-14,B,Brooklyn,147
2021-10-15,B,Brooklyn,141
2021-10-16,B,Brooklyn,73
2021-10-17,B,Brooklyn,58
2021-10-18,B,Brooklyn,147
2021-10-19,B,Brooklyn,106
2021-10-20,B,Brooklyn,122
2021-10-21,B,Brooklyn,109
2021-10-22,B,Brooklyn,119
2021-10-23,B,Brooklyn,76
2021-10-24,B,Brooklyn,72
2021-10-25,B,Brooklyn,115
2021-10-26,B,Brooklyn,113
2021-10-27,B,Brooklyn,136
2021-10-28,B,Brooklyn,139
2021-10-29,B,Brooklyn,122
2021-10-30,B,Brooklyn,77
2021-10-31,B,Brooklyn,74
2021-11-01,B,Brooklyn,132
2021-11-02,B,Brooklyn,118
2021-11-03,B,Brooklyn,124
2021-11-04,B,Brooklyn,115
2021-11-05,B,Brooklyn,117
2021-11-06,B,Brooklyn,80
2021-11-07,B,Brooklyn,55
2021-11-08,B,Brooklyn,126
2021-11-09,B,Brooklyn,123
2021-11-10,B,Brooklyn,94
2021-11-11,B,Brooklyn,100
2021-11-12,B,Brooklyn,94
2021-11-13,B,Brooklyn,69
2021-11-14,B,Brooklyn,66
2021-11-15,B,Brooklyn,110
2021-11-16,B,Brooklyn,103
2021-11-17,B,Brooklyn,129
2021-11-18,B,Brooklyn,133
2021-11-19,B,Brooklyn,93
2021-11-20,B,Brooklyn,55
2021-11-21,B,Brooklyn,53
2021-11-22,B,Brooklyn,101
2021-11-23,B,Brooklyn,97
2021-11-24,B,Brooklyn,118
2021-11-25,B,Brooklyn,118
2021-11-26,B,Brooklyn,98
2021-11-27,B,Brooklyn,66
2021-11-28,B,Brooklyn,57
2021-11-29,B,Brooklyn,120
2021-11-30,B,Brooklyn,98
2021-12-01,B,Brooklyn,95
2021-12-02,B,Brooklyn,103
2021-12-03,B,Brooklyn,105
2021-12-04,B,Brooklyn,62
2021-12-05,B,Brooklyn,62
2021-12-06,B,Brooklyn,91
2021-12-07,B,Brooklyn,122
2021-12-08,B,Brooklyn,99
2021-12-09,B,Brooklyn,122
2021-12-10,B,Brooklyn,113
2021-12-11,B,Brooklyn,64
2021-12-12,B,Brooklyn,60
2021-12-13,B,Brooklyn,106
2021-12-14,B,Brooklyn,105
2021-12-15,B,Brooklyn,98
2021-12-16,B,Brooklyn,110
2021-12-17,B,Brooklyn,82
2021-12-18,B,Brooklyn,55
2021-12-19,B,Brooklyn,52
2021-12-20,B,Brooklyn,95
2021-12-21,B,Brooklyn,106
2021-12-22,B,Brooklyn,118
2021-12-23,B,Brooklyn,97
2021-12-24,B,Brooklyn,87
2021-12-25,B,Brooklyn,64
2021-12-26,B,Brooklyn,56
2021-12-27,B,Brooklyn,114
2021-12-28,B,Brooklyn,78
2021-12-29,B,Brooklyn,114
2021-12-30,B,Brooklyn,78
2021-12-31,B,Brooklyn,107
2022-01-01,B,Brooklyn,47
2022-01-02,B,Brooklyn,57
2022-01-03,B,Brooklyn,86
2022-01-04,B,Brooklyn,111
2022-01-05,B,Brooklyn,79
2022-01-06,B,Brooklyn,87
2022-01-07,B,Brooklyn,94
2022-01-08,B,Brooklyn,47
2022-01-09,B,Brooklyn,59
2022-01-10,B,Brooklyn,101
2022-01-11,B,Brooklyn,87
2022-01-12,B,Brooklyn,99
2022-01-13,B,Brooklyn,109
2022-01-14,B,Brooklyn,78
2022-01-15,B,Brooklyn,41
2022-01-16,B,Brooklyn,50
2022-01-17,B,Brooklyn,87
2022-01-18,B,Brooklyn,85
2022-01-19,B,Brooklyn,88
2022-01-20,B,Brooklyn,80
2022-01-21,B,Brooklyn,72
2022-01-22,B,Brooklyn,58
2022-01-23,B,Brooklyn,43
2022-01-24,B,Brooklyn,91
2022-01-25,B,Brooklyn,84
2022-01-26,B,Brooklyn,79
2022-01-27,B,Brooklyn,82
2022-01-28,B,Brooklyn,99
2022-01-29,B,Brooklyn,45
2022-01-30,B,Brooklyn,53
2022-01-31,B,Brooklyn,92
2022-02-01,B,Brooklyn,79
2022-02-02,B,Brooklyn,72
2022-02-03,B,Brooklyn,93
2022-02-04,B,Brooklyn,84
2022-02-05,B,Brooklyn,42
2022-02-06,B,Brooklyn,47
2022-02-07,B,Brooklyn,90
2022-02-08,B,Brooklyn,101
2022-02-09,B,Brooklyn,84
2022-02-10,B,Brooklyn,89
2022-02-11,B,Brooklyn,69
2022-02-12,B,Brooklyn,44
2022-02-13,B,Brooklyn,43
2022-02-14,B,Brooklyn,99
2022-02-15,B,Brooklyn,95
2022-02-16,B,Brooklyn,97
2022-02-17,B,Brooklyn,82
2022-02-18,B,Brooklyn,81
2022-02-19,B,Brooklyn,46
2022-02-20,B,Brooklyn,46
2022-02-21,B,Brooklyn,83
2022-02-22,B,Brooklyn,98
2022-02-23,B,Brooklyn,84
2022-02-24,B,Brooklyn,77
2022-02-25,B,Brooklyn,73
2022-02-26,B,Brooklyn,51
2022-02-27,B,Brooklyn,39
2022-02-28,B,Brooklyn,94
2022-03-01,B,Brooklyn,81
2022-03-02,B,Brooklyn,94
2022-03-03,B,Brooklyn,94
2022-03-04,B,Brooklyn,85
2022-03-05,B,Brooklyn,52
2022-03-06,B,Brooklyn,40
2022-03-07,B,Brooklyn,73
2022-03-08,B,Brooklyn,77
2022-03-09,B,Brooklyn,78
2022-03-10,B,Brooklyn,69
2022-03-11,B,Brooklyn,81
2022-03-12,B,Brooklyn,39
2022-03-13,B,Brooklyn,55
2022-03-14,B,Brooklyn,100
2022-03-15,B,Brooklyn,101
2022-03-16,B,Brooklyn,92
2022-03-17,B,Brooklyn,103
2022-03-18,B,Brooklyn,81
2022-03-19,B,Brooklyn,46
2022-03-20,B,Brooklyn,55
2022-03-21,B,Brooklyn,93
2022-03-22,B,Brooklyn,90
2022-03-23,B,Brooklyn,84
2022-03-24,B,Brooklyn,103
2022-03-25,B,Brooklyn,84
2022-03-26,B,Brooklyn,45
2022-03-27,B,Brooklyn,56
2022-03-28,B,Brooklyn,91
2022-03-29,B,Brooklyn,106
2022-03-30,B,Brooklyn,72
2022-03-31,B,Brooklyn,86
2022-04-01,B,Brooklyn,95
2022-04-02,B,Brooklyn,51
2022-04-03,B,Brooklyn,47
2022-04-04,B,Brooklyn,104
2022-04-05,B,Brooklyn,90
2022-04-06,B,Brooklyn,98
2022-04-07,B,Brooklyn,103
2022-04-08,B,Brooklyn,102
2022-04-09,B,Brooklyn,42
2022-04-10,B,Brooklyn,57
2022-04-11,B,Brooklyn,88
2022-04-12,B,Brooklyn,78
2022-04-13,B,Brooklyn,98
2022-04-14,B,Brooklyn,92
2022-04-15,B,Brooklyn,109
2022-04-16,B,Brooklyn,45
2022-04-17,B,Brooklyn,58
2022-04-18,B,Brooklyn,88
2022-04-19,B,Brooklyn,86
2022-04-20,B,Brooklyn,96
2022-04-21,B,Brooklyn,87
2022-04-22,B,Brooklyn,103
2022-04-23,B,Brooklyn,52
2022-04-24,B,Brooklyn,49
2022-04-25,B,Brooklyn,106
2022-04-26,B,Brooklyn,104
2022-04-27,B,Brooklyn,88
2022-04-28,B,Brooklyn,89
2022-04-29,B,Brooklyn,98
2022-04-30,B,Brooklyn,52
2022-05-01,B,Brooklyn,51
2022-05-02,B,Brooklyn,82
2022-05-03,B,Brooklyn,106
2022-05-04,B,Brooklyn,112
2022-05-05,B,Brooklyn,117
2022-05-06,B,Brooklyn,89
2022-05-07,B,Brooklyn,69
2022-05-08,B,Brooklyn,55
2022-05-09,B,Brooklyn,108
2022-05-10,B,Brooklyn,89
2022-05-11,B,Brooklyn,106
2022-05-12,B,Brooklyn,113
2022-05-13,B,Brooklyn,95
2022-05-14,B,Brooklyn,66
2022-05-15,B,Brooklyn,51
2022-05-16,B,Brooklyn,130
2022-05-17,B,Brooklyn,127
2022-05-18,B,Brooklyn,113
2022-05-19,B,Brooklyn,89
2022-05-20,B,Brooklyn,100
2022-05-21,B,Brooklyn,73
2022-05-22,B,Brooklyn,70
2022-05-23,B,Brooklyn,96
2022-05-24,B,Brooklyn,106
2022-05-25,B,Brooklyn,96
2022-05-26,B,Brooklyn,108
2022-05-27,B,Brooklyn,130
2022-05-28,B,Brooklyn,55
2022-05-29,B,Brooklyn,59
2022-05-30,B,Brooklyn,114
2022-05-31,B,Brooklyn,132
2022-06-01,B,Brooklyn,102
2022-06-02,B,Brooklyn,130
2022-06-03,B,Brooklyn,98
2022-06-04,B,Brooklyn,65
2022-06-05,B,Brooklyn,81
2022-06-06,B,Brooklyn,115
2022-06-07,B,Brooklyn,106
2022-06-08,B,Brooklyn,116
2022-06-09,B,Brooklyn,135
2022-06-10,B,Brooklyn,112
2022-06-11,B,Brooklyn,64
2022-06-12,B,Brooklyn,67
2022-06-13,B,Brooklyn,121
2022-06-14,B,Brooklyn,106
2022-06-15,B,Brooklyn,131
2022-06-16,B,Brooklyn,113
2022-06-17,B,Brooklyn,125
2022-06-18,B,Brooklyn,63
2022-06-19,B,Brooklyn,79
2022-06-20,B,Brooklyn,151
2022-06-21,B,Brooklyn,110
2022-06-22,B,Brooklyn,153
2022-06-23,B,Brooklyn,115
2022-06-24,B,Brooklyn,117
2022-06-25,B,Brooklyn,76
2022-06-26,B,Brooklyn,78
2022-06-27,B,Brooklyn,119
2022-06-28,B,Brooklyn,120
2022-06-29,B,Brooklyn,118
2022-06-30,B,Brooklyn,115
2022-07-01,B,Brooklyn,135
2022-07-02,B,Brooklyn,85
2022-07-03,B,Brooklyn,79
2022-07-04,B,Brooklyn,152
2022-07-05,B,Brooklyn,129
2022-07-06,B,Brooklyn,114
2022-07-07,B,Brooklyn,151
2022-07-08,B,Brooklyn,128
2022-07-09,B,Brooklyn,69
2022-07-10,B,Brooklyn,81
2022-07-11,B,Brooklyn,125
2022-07-12,B,Brooklyn,115
2022-07-13,B,Brooklyn,141
2022-07-14,B,Brooklyn,115
2022-07-15,B,Brooklyn,153
2022-07-16,B,Brooklyn,72
2022-07-17,B,Brooklyn,82
2022-07-18,B,Brooklyn,144
2022-07-19,B,Brooklyn,147
2022-07-20,B,Brooklyn,149
2022-07-21,B,Brooklyn,144
2022-07-22,B,Brooklyn,136
2022-07-23,B,Brooklyn,80
2022-07-24,B,Brooklyn,66
2022-07-25,B,Brooklyn,123
2022-07-26,B,Brooklyn,130
2022-07-27,B,Brooklyn,150
2022-07-28,B,Brooklyn,155
2022-07-29,B,Brooklyn,132
2022-07-30,B,Brooklyn,86
2022-07-31,B,Brooklyn,75
2022-08-01,B,Brooklyn,156
2022-08-02,B,Brooklyn,162
2022-08-03,B,Brooklyn,161
2022-08-04,B,Brooklyn,120
2022-08-05,B,Brooklyn,173
2022-08-06,B,Brooklyn,79
2022-08-07,B,Brooklyn,69
2022-08-08,B,Brooklyn,170
2022-08-09,B,Brooklyn,160
2022-08-10,B,Brooklyn,133
2022-08-11,B,Brooklyn,140
2022-08-12,B,Brooklyn,155
2022-08-13,B,Brooklyn,69
2022-08-14,B,Brooklyn,89
2022-08-15,B,Brooklyn,174
2022-08-16,B,Brooklyn,143
2022-08-17,B,Brooklyn,136
2022-08-18,B,Brooklyn,169
2022-08-19,B,Brooklyn,144
2022-08-20,B,Brooklyn,88
2022-08-21,B,Brooklyn,87
2022-08-22,B,Brooklyn,123
2022-08-23,B,Brooklyn,154
2022-08-24,B,Brooklyn,157
2022-08-25,B,Brooklyn,163
2022-08-26,B,Brooklyn,176
2022-08-27,B,Brooklyn,79
2022-08-28,B,Brooklyn,100
2022-08-29,B,Brooklyn,163
2022-08-30,B,Brooklyn,138
2022-08-31,B,Brooklyn,123
2022-09-01,B,Brooklyn,171
2022-09-02,B,Brooklyn,172
2022-09-03,B,Brooklyn,68
2022-09-04,B,Brooklyn,92
2022-09-05,B,Brooklyn,138
2022-09-06,B,Brooklyn,133
2022-09-07,B,Brooklyn,139
2022-09-08,B,Brooklyn,177
2022-09-09,B,Brooklyn,171
2022-09-10,B,Brooklyn,75
2022-09-11,B,Brooklyn,71
2022-09-12,B,Brooklyn,153
2022-09-13,B,Brooklyn,177
2022-09-14,B,Brooklyn,125
2022-09-15,B,Brooklyn,152
2022-09-16,B,Brooklyn,157
2022-09-17,B,Brooklyn,92
2022-09-18,B,Brooklyn,95
2022-09-19,B,Brooklyn,129
2022-09-20,B,Brooklyn,170
2022-09-21,B,Brooklyn,167
2022-09-22,B,Brooklyn,139
2022-09-23,B,Brooklyn,146
2022-09-24,B,Brooklyn,70
2022-09-25,B,Brooklyn,99
2022-09-26,B,Brooklyn,164
2022-09-27,B,Brooklyn,154
2022-09-28,B,Brooklyn,128
2022-09-29,B,Brooklyn,122
2022-09-30,B,Brooklyn,149
2022-10-01,B,Brooklyn,80
2022-10-02,B,Brooklyn,73
2022-10-03,B,Brooklyn,122
2022-10-04,B,Brooklyn,162
2022-10-05,B,Brooklyn,160
2022-10-06,B,Brooklyn,144
2022-10-07,B,Brooklyn,125
2022-10-08,B,Brooklyn,65
2022-10-09,B,Brooklyn,75
2022-10-10,B,Brooklyn,140
2022-10-11,B,Brooklyn,153
2022-10-12,B,Brooklyn,154
2022-10-13,B,Brooklyn,127
2022-10-14,B,Brooklyn,120
2022-10-15,B,Brooklyn,91
2022-10-16,B,Brooklyn,74
2022-10-17,B,Brooklyn,157
2022-10-18,B,Brooklyn,127
2022-10-19,B,Brooklyn,132
2022-10-20,B,Brooklyn,166
2022-10-21,B,Brooklyn,147
2022-10-22,B,Brooklyn,94
2022-10-23,B,Brooklyn,76
2022-10-24,B,Brooklyn,152
2022-10-25,B,Brooklyn,134
2022-10-26,B,Brooklyn,146
2022-10-27,B,Brooklyn,130
2022-10-28,B,Brooklyn,149
2022-10-29,B,Brooklyn,91
2022-10-30,B,Brooklyn,85
2022-10-31,B,Brooklyn,127
2022-11-01,B,Brooklyn,156
2022-11-02,B,Brooklyn,138
2022-11-03,B,Brooklyn,127
2022-11-04,B,Brooklyn,160
2022-11-05,B,Brooklyn,67
2022-11-06,B,Brooklyn,80
2022-11-07,B,Brooklyn,129
2022-11-08,B,Brooklyn,149
2022-11-09,B,Brooklyn,125
2022-11-10,B,Brooklyn,134
2022-11-11,B,Brooklyn,109
2022-11-12,B,Brooklyn,63
2022-11-13,B,Brooklyn,69
2022-11-14,B,Brooklyn,147
2022-11-15,B,Brooklyn,151
2022-11-16,B,Brooklyn,134
2022-11-17,B,Brooklyn,107
2022-11-18,B,Brooklyn,114
2022-11-19,B,Brooklyn,65
2022-11-20,B,Brooklyn,69
2022-11-21,B,Brooklyn,119
2022-11-22,B,Brooklyn,125
2022-11-23,B,Brooklyn,116
2022-11-24,B,Brooklyn,116
2022-11-25,B,Brooklyn,125
2022-11-26,B,Brooklyn,83
2022-11-27,B,Brooklyn,58
2022-11-28,B,Brooklyn,128
2022-11-29,B,Brooklyn,120
2022-11-30,B,Brooklyn,146
2022-12-01,B,Brooklyn,100
2022-12-02,B,Brooklyn,105
2022-12-03,B,Brooklyn,61
2022-12-04,B,Brooklyn,77
2022-12-05,B,Brooklyn,135
2022-12-06,B,Brooklyn,124
2022-12-07,B,Brooklyn,98
2022-12-08,B,Brooklyn,127
2022-12-09,B,Brooklyn,95
2022-12-10,B,Brooklyn,65
2022-12-11,B,Brooklyn,60
2022-12-12,B,Brooklyn,107
2022-12-13,B,Brooklyn,130
2022-12-14,B,Brooklyn,93
2022-12-15,B,Brooklyn,98
2022-12-16,B,Brooklyn,114
2022-12-17,B,Brooklyn,54
2022-12-18,B,Brooklyn,64
2022-12-19,B,Brooklyn,129
2022-12-20,B,Brooklyn,100
2022-12-21,B,Brooklyn,111
2022-12-22,B,Brooklyn,129
2022-12-23,B,Brooklyn,121
2022-12-24,B,Brooklyn,70
2022-12-25,B,Brooklyn,71
2022-12-26,B,Brooklyn,126
2022-12-27,B,Brooklyn,125
2022-12-28,B,Brooklyn,111
2022-12-29,B,Brooklyn,130
2022-12-30,B,Brooklyn,99
2022-12-31,B,Brooklyn,70
2023-01-01,B,Brooklyn,51
2023-01-02,B,Brooklyn,111
2023-01-03,B,Brooklyn,93
2023-01-04,B,Brooklyn,96
2023-01-05,B,Brooklyn,106
2023-01-06,B,Brooklyn,88
2023-01-07,B,Brooklyn,62
2023-01-08,B,Brooklyn,60
2023-01-09,B,Brooklyn,103
2023-01-10,B,Brooklyn,108
2023-01-11,B,Brooklyn,97
2023-01-12,B,Brooklyn,124
2023-01-13,B,Brooklyn,117
2023-01-14,B,Brooklyn,51
2023-01-15,B,Brooklyn,54
2023-01-16,B,Brooklyn,88
2023-01-17,B,Brooklyn,122
2023-01-18,B,Brooklyn,119
2023-01-19,B,Brooklyn,96
2023-01-20,B,Brooklyn,106
2023-01-21,B,Brooklyn,66
2023-01-22,B,Brooklyn,52
2023-01-23,B,Brooklyn,83
2023-01-24,B,Brooklyn,107
2023-01-25,B,Brooklyn,104
2023-01-26,B,Brooklyn,118
2023-01-27,B,Brooklyn,80
2023-01-28,B,Brooklyn,55
2023-01-29,B,Brooklyn,65
2023-01-30,B,Brooklyn,98
2023-01-31,B,Brooklyn,91
2023-02-01,B,Brooklyn,81
2023-02-02,B,Brooklyn,99
2023-02-03,B,Brooklyn,87
2023-02-04,B,Brooklyn,56
2023-02-05,B,Brooklyn,61
2023-02-06,B,Brooklyn,100
2023-02-07,B,Brooklyn,103
2023-02-08,B,Brooklyn,108
2023-02-09,B,Brooklyn,115
2023-02-10,B,Brooklyn,92
2023-02-11,B,Brooklyn,60
2023-02-12,B,Brooklyn,55
2023-02-13,B,Brooklyn,111
2023-02-14,B,Brooklyn,112
2023-02-15,B,Brooklyn,82
2023-02-16,B,Brooklyn,101
2023-02-17,B,Brooklyn,102
2023-02-18,B,Brooklyn,45
2023-02-19,B,Brooklyn,57
2023-02-20,B,Brooklyn,93
2023-02-21,B,Brooklyn,109
2023-02-22,B,Brooklyn,91
2023-02-23,B,Brooklyn,81
2023-02-24,B,Brooklyn,88
2023-02-25,B,Brooklyn,64
2023-02-26,B,Brooklyn,50
2023-02-27,B,Brooklyn,107
2023-02-28,B,Brooklyn,110
2023-03-01,B,Brooklyn,106
2023-03-02,B,Brooklyn,92
2023-03-03,B,Brooklyn,99
2023-03-04,B,Brooklyn,62
2023-03-05,B,Brooklyn,57
2023-03-06,B,Brooklyn,85
2023-03-07,B,Brooklyn,98
2023-03-08,B,Brooklyn,108
2023-03-09,B,Brooklyn,84
2023-03-10,B,Brooklyn,101
2023-03-11,B,Brooklyn,59
2023-03-12,B,Brooklyn,57
2023-03-13,B,Brooklyn,112
2023-03-14,B,Brooklyn,106
2023-03-15,B,Brooklyn,87
2023-03-16,B,Brooklyn,94
2023-03-17,B,Brooklyn,102
2023-03-18,B,Brooklyn,52
2023-03-19,B,Brooklyn,59
2023-03-20,B,Brooklyn,116
2023-03-21,B,Brooklyn,112
2023-03-22,B,Brooklyn,91
2023-03-23,B,Brooklyn,97
2023-03-24,B,Brooklyn,114
2023-03-25,B,Brooklyn,47
2023-03-26,B,Brooklyn,48
2023-03-27,B,Brooklyn,83
2023-03-28,B,Brooklyn,112
2023-03-29,B,Brooklyn,88
2023-03-30,B,Brooklyn,115
2023-03-31,B,Brooklyn,85
2023-04-01,B,Brooklyn,47
2023-04-02,B,Brooklyn,56
2023-04-03,B,Brooklyn,101
2023-04-04,B,Brooklyn,97
2023-04-05,B,Brooklyn,84
2023-04-06,B,Brooklyn,105
2023-04-07,B,Brooklyn,109
2023-04-08,B,Brooklyn,65
2023-04-09,B,Brooklyn,49
2023-04-10,B,Brooklyn,117
2023-04-11,B,Brooklyn,97
2023-04-12,B,Brooklyn,119
2023-04-13,B,Brooklyn,115
2023-04-14,B,Brooklyn,125
2023-04-15,B,Brooklyn,64
2023-04-16,B,Brooklyn,72
2023-04-17,B,Brooklyn,125
2023-04-18,B,Brooklyn,115
2023-04-19,B,Brooklyn,97
2023-04-20,B,Brooklyn,90
2023-04-21,B,Brooklyn,93
2023-04-22,B,Brooklyn,72
2023-04-23,B,Brooklyn,50
2023-04-24,B,Brooklyn,90
2023-04-25,B,Brooklyn,114
2023-04-26,B,Brooklyn,99
2023-04-27,B,Brooklyn,118
2023-04-28,B,Brooklyn,131
2023-04-29,B,Brooklyn,62
2023-04-30,B,Brooklyn,70
2023-05-01,B,Brooklyn,106
2023-05-02,B,Brooklyn,134
2023-05-03,B,Brooklyn,109
2023-05-04,B,Brooklyn,127
2023-05-05,B,Brooklyn,115
2023-05-06,B,Brooklyn,58
2023-05-07,B,Brooklyn,70
2023-05-08,B,Brooklyn,126
2023-05-09,B,Brooklyn,120
2023-05-10,B,Brooklyn,100
2023-05-11,B,Brooklyn,107
2023-05-12,B,Brooklyn,98
2023-05-13,B,Brooklyn,55
2023-05-14,B,Brooklyn,60
2023-05-15,B,Brooklyn,108
2023-05-16,B,Brooklyn,114
2023-05-17,B,Brooklyn,106
2023-05-18,B,Brooklyn,120
2023-05-19,B,Brooklyn,137
2023-05-20,B,Brooklyn,82
2023-05-21,B,Brooklyn,73
2023-05-22,B,Brooklyn,122
2023-05-23,B,Brooklyn,141
2023-05-24,B,Brooklyn,143
2023-05-25,B,Brooklyn,143
2023-05-26,B,Brooklyn,152
2023-05-27,B,Brooklyn,60
2023-05-28,B,Brooklyn,61
2023-05-29,B,Brooklyn,120
2023-05-30,B,Brooklyn,106
2023-05-31,B,Brooklyn,114
2023-06-01,B,Brooklyn,137
2023-06-02,B,Brooklyn,141
2023-06-03,B,Brooklyn,72
2023-06-04,B,Brooklyn,79
2023-06-05,B,Brooklyn,132
2023-06-06,B,Brooklyn,111
2023-06-07,B,Brooklyn,135
2023-06-08,B,Brooklyn,129
2023-06-09,B,Brooklyn,148
2023-06-10,B,Brooklyn,83
2023-06-11,B,Brooklyn,85
2023-06-12,B,Brooklyn,113
2023-06-13,B,Brooklyn,152
2023-06-14,B,Brooklyn,119
2023-06-15,B,Brooklyn,157
2023-06-16,B,Brooklyn,143
2023-06-17,B,Brooklyn,77
2023-06-18,B,Brooklyn,82
2023-06-19,B,Brooklyn,139
2023-06-20,B,Brooklyn,167
2023-06-21,B,Brooklyn,155
2023-06-22,B,Brooklyn,148
2023-06-23,B,Brooklyn,136
2023-06-24,B,Brooklyn,79
2023-06-25,B,Brooklyn,70
2023-06-26,B,Brooklyn,139
2023-06-27,B,Brooklyn,154
2023-06-28,B,Brooklyn,143
2023-06-29,B,Brooklyn,145
2023-06-30,B,Brooklyn,135
2023-07-01,B,Brooklyn,96
2023-07-02,B,Brooklyn,81
2023-07-03,B,Brooklyn,132
2023-07-04,B,Brooklyn,136
2023-07-05,B,Brooklyn,136
2023-07-06,B,Brooklyn,131
2023-07-07,B,Brooklyn,179
2023-07-08,B,Brooklyn,91
2023-07-09,B,Brooklyn,90
2023-07-10,B,Brooklyn,158
2023-07-11,B,Brooklyn,149
2023-07-12,B,Brooklyn,170
2023-07-13,B,Brooklyn,183
2023-07-14,B,Brooklyn,126
2023-07-15,B,Brooklyn,99
2023-07-16,B,Brooklyn,77
2023-07-17,B,Brooklyn,172
2023-07-18,B,Brooklyn,145
2023-07-19,B,Brooklyn,169
2023-07-20,B,Brooklyn,128
2023-07-21,B,Brooklyn,149
2023-07-22,B,Brooklyn,105
2023-07-23,B,Brooklyn,77
2023-07-24,B,Brooklyn,128
2023-07-25,B,Brooklyn,182
2023-07-26,B,Brooklyn,141
2023-07-27,B,Brooklyn,148
2023-07-28,B,Brooklyn,175
2023-07-29,B,Brooklyn,100
2023-07-30,B,Brooklyn,88
2023-07-31,B,Brooklyn,154
2023-08-01,B,Brooklyn,190
2023-08-02,B,Brooklyn,150
2023-08-03,B,Brooklyn,163
2023-08-04,B,Brooklyn,154
2023-08-05,B,Brooklyn,104
2023-08-06,B,Brooklyn,89
2023-08-07,B,Brooklyn,167
2023-08-08,B,Brooklyn,198
2023-08-09,B,Brooklyn,181
2023-08-10,B,Brooklyn,186
2023-08-11,B,Brooklyn,181
2023-08-12,B,Brooklyn,99
2023-08-13,B,Brooklyn,75
2023-08-14,B,Brooklyn,178
2023-08-15,B,Brooklyn,180
2023-08-16,B,Brooklyn,196
2023-08-17,B,Brooklyn,147
2023-08-18,B,Brooklyn,165
2023-08-19,B,Brooklyn,80
2023-08-20,B,Brooklyn,89
2023-08-21,B,Brooklyn,181
2023-08-22,B,Brooklyn,153
2023-08-23,B,Brooklyn,196
2023-08-24,B,Brooklyn,173
2023-08-25,B,Brooklyn,182
2023-08-26,B,Brooklyn,87
2023-08-27,B,Brooklyn,111
2023-08-28,B,Brooklyn,163
2023-08-29,B,Brooklyn,179
2023-08-30,B,Brooklyn,135
2023-08-31,B,Brooklyn,174
2023-09-01,B,Brooklyn,147
2023-09-02,B,Brooklyn,94
2023-09-03,B,Brooklyn,91
2023-09-04,B,Brooklyn,141
2023-09-05,B,Brooklyn,174
2023-09-06,B,Brooklyn,153
2023-09-07,B,Brooklyn,165
2023-09-08,B,Brooklyn,162
2023-09-09,B,Brooklyn,109
2023-09-10,B,Brooklyn,98
2023-09-11,B,Brooklyn,164
2023-09-12,B,Brooklyn,161
2023-09-13,B,Brooklyn,165
2023-09-14,B,Brooklyn,148
2023-09-15,B,Brooklyn,180
2023-09-16,B,Brooklyn,109
2023-09-17,B,Brooklyn,88
2023-09-18,B,Brooklyn,139
2023-09-19,B,Brooklyn,163
2023-09-20,B,Brooklyn,198
2023-09-21,B,Brooklyn,143
2023-09-22,B,Brooklyn,145
2023-09-23,B,Brooklyn,87
2023-09-24,B,Brooklyn,85
2023-09-25,B,Brooklyn,179
2023-09-26,B,Brooklyn,162
2023-09-27,B,Brooklyn,167
2023-09-28,B,Brooklyn,180
2023-09-29,B,Brooklyn,192
2023-09-30,B,Brooklyn,97
2023-10-01,B,Brooklyn,99
2023-10-02,B,Brooklyn,186
2023-10-03,B,Brooklyn,139
2023-10-04,B,Brooklyn,151
2023-10-05,B,Brooklyn,190
2023-10-06,B,Brooklyn,177
2023-10-07,B,Brooklyn,104
2023-10-08,B,Brooklyn,109
2023-10-09,B,Brooklyn,142
2023-10-10,B,Brooklyn,163
2023-10-11,B,Brooklyn,163
2023-10-12,B,Brooklyn,142
2023-10-13,B,Brooklyn,171
2023-10-14,B,Brooklyn,103
2023-10-15,B,Brooklyn,105
2023-10-16,B,Brooklyn,143
2023-10-17,B,Brooklyn,168
2023-10-18,B,Brooklyn,180
2023-10-19,B,Brooklyn,127
2023-10-20,B,Brooklyn,144
2023-10-21,B,Brooklyn,90
2023-10-22,B,Brooklyn,78
2023-10-23,B,Brooklyn,154
2023-10-24,B,Brooklyn,168
2023-10-25,B,Brooklyn,157
2023-10-26,B,Brooklyn,183
2023-10-27,B,Brooklyn,128
2023-10-28,B,Brooklyn,103
2023-10-29,B,Brooklyn,76
2023-10-30,B,Brooklyn,152
2023-10-31,B,Brooklyn,159
2023-11-01,B,Brooklyn,141
2023-11-02,B,Brooklyn,145
2023-11-03,B,Brooklyn,122
2023-11-04,B,Brooklyn,73
2023-11-05,B,Brooklyn,86
2023-11-06,B,Brooklyn,121
2023-11-07,B,Brooklyn,156
2023-11-08,B,Brooklyn,162
2023-11-09,B,Brooklyn,145
2023-11-10,B,Brooklyn,141
2023-11-11,B,Brooklyn,96
2023-11-12,B,Brooklyn,73
2023-11-13,B,Brooklyn,159
2023-11-14,B,Brooklyn,134
2023-11-15,B,Brooklyn,144
2023-11-16,B,Brooklyn,172
2023-11-17,B,Brooklyn,128
2023-11-18,B,Brooklyn,86
2023-11-19,B,Brooklyn,91
2023-11-20,B,Brooklyn,142
2023-11-21,B,Brooklyn,115
2023-11-22,B,Brooklyn,136
2023-11-23,B,Brooklyn,153
2023-11-24,B,Brooklyn,124
2023-11-25,B,Brooklyn,91
2023-11-26,B,Brooklyn,87
2023-11-27,B,Brooklyn,143
2023-11-28,B,Brooklyn,164
2023-11-29,B,Brooklyn,112
2023-11-30,B,Brooklyn,144
2023-12-01,B,Brooklyn,148
2023-12-02,B,Brooklyn,82
2023-12-03,B,Brooklyn,85
2023-12-04,B,Brooklyn,118
2023-12-05,B,Brooklyn,108
2023-12-06,B,Brooklyn,132
2023-12-07,B,Brooklyn,136
2023-12-08,B,Brooklyn,144
2023-12-09,B,Brooklyn,86
2023-12-10,B,Brooklyn,81
2023-12-11,B,Brooklyn,116
2023-12-12,B,Brooklyn,118
2023-12-13,B,Brooklyn,131
2023-12-14,B,Brooklyn,126
2023-12-15,B,Brooklyn,105
2023-12-16,B,Brooklyn,70
2023-12-17,B,Brooklyn,73
2023-12-18,B,Brooklyn,114
2023-12-19,B,Brooklyn,144
2023-12-20,B,Brooklyn,133
2023-12-21,B,Brooklyn,137
2023-12-22,B,Brooklyn,144
2023-12-23,B,Brooklyn,56
2023-12-24,B,Brooklyn,66
2023-12-25,B,Brooklyn,127
2023-12-26,B,Brooklyn,111
2023-12-27,B,Brooklyn,139
2023-12-28,B,Brooklyn,136
2023-12-29,B,Brooklyn,132
2023-12-30,B,Brooklyn,58
2023-12-31,B,Brooklyn,65
2024-01-01,B,Brooklyn,112
2024-01-02,B,Brooklyn,137
2024-01-03,B,Brooklyn,124
2024-01-04,B,Brooklyn,138
2024-01-05,B,Brooklyn,139
2024-01-06,B,Brooklyn,74
2024-01-07,B,Brooklyn,76
2024-01-08,B,Brooklyn,98
2024-01-09,B,Brooklyn,134
2024-01-10,B,Brooklyn,120
2024-01-11,B,Brooklyn,100
2024-01-12,B,Brooklyn,114
2024-01-13,B,Brooklyn,66
2024-01-14,B,Brooklyn,69
2024-01-15,B,Brooklyn,111
2024-01-16,B,Brooklyn,103
2024-01-17,B,Brooklyn,132
2024-01-18,B,Brooklyn,119
2024-01-19,B,Brooklyn,108
2024-01-20,B,Brooklyn,59
2024-01-21,B,Brooklyn,56
2024-01-22,B,Brooklyn,103
2024-01-23,B,Brooklyn,93
2024-01-24,B,Brooklyn,125
2024-01-25,B,Brooklyn,89
2024-01-26,B,Brooklyn,96
2024-01-27,B,Brooklyn,55
2024-01-28,B,Brooklyn,72
2024-01-29,B,Brooklyn,104
2024-01-30,B,Brooklyn,97
2024-01-31,B,Brooklyn,118
2024-02-01,B,Brooklyn,99
2024-02-02,B,Brooklyn,121
2024-02-03,B,Brooklyn,64
2024-02-04,B,Brooklyn,57
2024-02-05,B,Brooklyn,96
2024-02-06,B,Brooklyn,94
2024-02-07,B,Brooklyn,103
2024-02-08,B,Brooklyn,127
2024-02-09,B,Brooklyn,115
2024-02-10,B,Brooklyn,67
2024-02-11,B,Brooklyn,53
2024-02-12,B,Brooklyn,107
2024-02-13,B,Brooklyn,86
2024-02-14,B,Brooklyn,93
2024-02-15,B,Brooklyn,86
2024-02-16,B,Brooklyn,103
2024-02-17,B,Brooklyn,52
2024-02-18,B,Brooklyn,56
2024-02-19,B,Brooklyn,97
2024-02-20,B,Brooklyn,119
2024-02-21,B,Brooklyn,127
2024-02-22,B,Brooklyn,99
2024-02-23,B,Brooklyn,112
2024-02-24,B,Brooklyn,69
2024-02-25,B,Brooklyn,67
2024-02-26,B,Brooklyn,124
2024-02-27,B,Brooklyn,86
2024-02-28,B,Brooklyn,101
2024-02-29,B,Brooklyn,104
2024-03-01,B,Brooklyn,117
2024-03-02,B,Brooklyn,64
2024-03-03,B,Brooklyn,61
2024-03-04,B,Brooklyn,99
2024-03-05,B,Brooklyn,115
2024-03-06,B,Brooklyn,115
2024-03-07,B,Brooklyn,86
2024-03-08,B,Brooklyn,124
2024-03-09,B,Brooklyn,65
2024-03-10,B,Brooklyn,72
2024-03-11,B,Brooklyn,89
2024-03-12,B,Brooklyn,123
2024-03-13,B,Brooklyn,88
2024-03-14,B,Brooklyn,126
2024-03-15,B,Brooklyn,114
2024-03-16,B,Brooklyn,67
2024-03-17,B,Brooklyn,71
2024-03-18,B,Brooklyn,96
2024-03-19,B,Brooklyn,112
2024-03-20,B,Brooklyn,111
2024-03-21,B,Brooklyn,128
2024-03-22,B,Brooklyn,131
2024-03-23,B,Brooklyn,59
2024-03-24,B,Brooklyn,51
2024-03-25,B,Brooklyn,118
2024-03-26,B,Brooklyn,103
2024-03-27,B,Brooklyn,106
2024-03-28,B,Brooklyn,124
2024-03-29,B,Brooklyn,115
2024-03-30,B,Brooklyn,75
2024-03-31,B,Brooklyn,72
2024-04-01,B,Brooklyn,131
2024-04-02,B,Brooklyn,97
2024-04-03,B,Brooklyn,96
2024-04-04,B,Brooklyn,94
2024-04-05,B,Brooklyn,130
2024-04-06,B,Brooklyn,53
2024-04-07,B,Brooklyn,76
2024-04-08,B,Brooklyn,108
2024-04-09,B,Brooklyn,107
2024-04-10,B,Brooklyn,137
2024-04-11,B,Brooklyn,121
2024-04-12,B,Brooklyn,102
2024-04-13,B,Brooklyn,76
2024-04-14,B,Brooklyn,78
2024-04-15,B,Brooklyn,130
2024-04-16,B,Brooklyn,126
2024-04-17,B,Brooklyn,123
2024-04-18,B,Brooklyn,133
2024-04-19,B,Brooklyn,101
2024-04-20,B,Brooklyn,72
2024-04-21,B,Brooklyn,74
2024-04-22,B,Brooklyn,107
2024-04-23,B,Brooklyn,140
2024-04-24,B,Brooklyn,100
2024-04-25,B,Brooklyn,127
2024-04-26,B,Brooklyn,136
2024-04-27,B,Brooklyn,64
2024-04-28,B,Brooklyn,59
2024-04-29,B,Brooklyn,125
2024-04-30,B,Brooklyn,122
2024-05-01,B,Brooklyn,128
2024-05-02,B,Brooklyn,121
2024-05-03,B,Brooklyn,108
2024-05-04,B,Brooklyn,81
2024-05-05,B,Brooklyn,60
2024-05-06,B,Brooklyn,150
2024-05-07,B,Brooklyn,122
2024-05-08,B,Brooklyn,148
2024-05-09,B,Brooklyn,138
2024-05-10,B,Brooklyn,152
2024-05-11,B,Brooklyn,80
2024-05-12,B,Brooklyn,90
2024-05-13,B,Brooklyn,134
2024-05-14,B,Brooklyn,109
2024-05-15,B,Brooklyn,156
2024-05-16,B,Brooklyn,121
2024-05-17,B,Brooklyn,161
2024-05-18,B,Brooklyn,63
2024-05-19,B,Brooklyn,86
2024-05-20,B,Brooklyn,128
2024-05-21,B,Brooklyn,137
2024-05-22,B,Brooklyn,122
2024-05-23,B,Brooklyn,156
2024-05-24,B,Brooklyn,154
2024-05-25,B,Brooklyn,95
2024-05-26,B,Brooklyn,66
2024-05-27,B,Brooklyn,135
2024-05-28,B,Brooklyn,142
2024-05-29,B,Brooklyn,168
2024-05-30,B,Brooklyn,163
2024-05-31,B,Brooklyn,138
2024-06-01,B,Brooklyn,88
2024-06-02,B,Brooklyn,90
2024-06-03,B,Brooklyn,159
2024-06-04,B,Brooklyn,169
2024-06-05,B,Brooklyn,177
2024-06-06,B,Brooklyn,141
2024-06-07,B,Brooklyn,158
2024-06-08,B,Brooklyn,91
2024-06-09,B,Brooklyn,74
2024-06-10,B,Brooklyn,151
2024-06-11,B,Brooklyn,126
2024-06-12,B,Brooklyn,125
2024-06-13,B,Brooklyn,184
2024-06-14,B,Brooklyn,137
2024-06-15,B,Brooklyn,73
2024-06-16,B,Brooklyn,96
2024-06-17,B,Brooklyn,185
2024-06-18,B,Brooklyn,146
2024-06-19,B,Brooklyn,134
2024-06-20,B,Brooklyn,171
2024-06-21,B,Brooklyn,129
2024-06-22,B,Brooklyn,91
2024-06-23,B,Brooklyn,96
2024-06-24,B,Brooklyn,145
2024-06-25,B,Brooklyn,164
2024-06-26,B,Brooklyn,183
2024-06-27,B,Brooklyn,142
2024-06-28,B,Brooklyn,132
2024-06-29,B,Brooklyn,101
2024-06-30,B,Brooklyn,96
2024-07-01,B,Brooklyn,145
2024-07-02,B,Brooklyn,185
2024-07-03,B,Brooklyn,198
2024-07-04,B,Brooklyn,202
2024-07-05,B,Brooklyn,168
2024-07-06,B,Brooklyn,93
2024-07-07,B,Brooklyn,112
2024-07-08,B,Brooklyn,196
2024-07-09,B,Brooklyn,170
2024-07-10,B,Brooklyn,187
2024-07-11,B,Brooklyn,151
2024-07-12,B,Brooklyn,145
2024-07-13,B,Brooklyn,107
2024-07-14,B,Brooklyn,89
2024-07-15,B,Brooklyn,147
2024-07-16,B,Brooklyn,188
2024-07-17,B,Brooklyn,165
2024-07-18,B,Brooklyn,203
2024-07-19,B,Brooklyn,172
2024-07-20,B,Brooklyn,107
2024-07-21,B,Brooklyn,90
2024-07-22,B,Brooklyn,204
2024-07-23,B,Brooklyn,157
2024-07-24,B,Brooklyn,172
2024-07-25,B,Brooklyn,145
2024-07-26,B,Brooklyn,152
2024-07-27,B,Brooklyn,107
2024-07-28,B,Brooklyn,102
2024-07-29,B,Brooklyn,172
2024-07-30,B,Brooklyn,187
2024-07-31,B,Brooklyn,174
2024-08-01,B,Brooklyn,213
2024-08-02,B,Brooklyn,205
2024-08-03,B,Brooklyn,87
2024-08-04,B,Brooklyn,104
2024-08-05,B,Brooklyn,200
2024-08-06,B,Brooklyn,167
2024-08-07,B,Brooklyn,202
2024-08-08,B,Brooklyn,207
2024-08-09,B,Brooklyn,194
2024-08-10,B,Brooklyn,96
2024-08-11,B,Brooklyn,88
2024-08-12,B,Brooklyn,172
2024-08-13,B,Brooklyn,148
2024-08-14,B,Brooklyn,220
2024-08-15,B,Brooklyn,218
2024-08-16,B,Brooklyn,156
2024-08-17,B,Brooklyn,84
2024-08-18,B,Brooklyn,89
2024-08-19,B,Brooklyn,155
2024-08-20,B,Brooklyn,152
2024-08-21,B,Brooklyn,191
2024-08-22,B,Brooklyn,170
2024-08-23,B,Brooklyn,178
2024-08-24,B,Brooklyn,115
2024-08-25,B,Brooklyn,118
2024-08-26,B,Brooklyn,172
2024-08-27,B,Brooklyn,185
2024-08-28,B,Brooklyn,209
2024-08-29,B,Brooklyn,149
2024-08-30,B,Brooklyn,187
2024-08-31,B,Brooklyn,106
2024-09-01,B,Brooklyn,99
2024-09-02,B,Brooklyn,161
2024-09-03,B,Brooklyn,170
2024-09-04,B,Brooklyn,172
2024-09-05,B,Brooklyn,162
2024-09-06,B,Brooklyn,190
2024-09-07,B,Brooklyn,95
2024-09-08,B,Brooklyn,86
2024-09-09,B,Brooklyn,171
2024-09-10,B,Brooklyn,207
2024-09-11,B,Brooklyn,181
2024-09-12,B,Brooklyn,170
2024-09-13,B,Brooklyn,162
2024-09-14,B,Brooklyn,95
2024-09-15,B,Brooklyn,102
2024-09-16,B,Brooklyn,156
2024-09-17,B,Brooklyn,163
2024-09-18,B,Brooklyn,159
2024-09-19,B,Brooklyn,165
2024-09-20,B,Brooklyn,196
2024-09-21,B,Brooklyn,111
2024-09-22,B,Brooklyn,86
2024-09-23,B,Brooklyn,170
2024-09-24,B,Brooklyn,189
2024-09-25,B,Brooklyn,213
2024-09-26,B,Brooklyn,187
2024-09-27,B,Brooklyn,187
2024-09-28,B,Brooklyn,110
2024-09-29,B,Brooklyn,117
2024-09-30,B,Brooklyn,191
2024-10-01,B,Brooklyn,183
2024-10-02,B,Brooklyn,185
2024-10-03,B,Brooklyn,168
2024-10-04,B,Brooklyn,173
2024-10-05,B,Brooklyn,121
2024-10-06,B,Brooklyn,116
2024-10-07,B,Brooklyn,200
2024-10-08,B,Brooklyn,191
2024-10-09,B,Brooklyn,174
2024-10-10,B,Brooklyn,186
2024-10-11,B,Brooklyn,150
2024-10-12,B,Brooklyn,108
2024-10-13,B,Brooklyn,100
2024-10-14,B,Brooklyn,200
2024-10-15,B,Brooklyn,146
2024-10-16,B,Brooklyn,188
2024-10-17,B,Brooklyn,185
2024-10-18,B,Brooklyn,186
2024-10-19,B,Brooklyn,96
2024-10-20,B,Brooklyn,87
2024-10-21,B,Brooklyn,172
2024-10-22,B,Brooklyn,195
2024-10-23,B,Brooklyn,201
2024-10-24,B,Brooklyn,149
2024-10-25,B,Brooklyn,178
2024-10-26,B,Brooklyn,89
2024-10-27,B,Brooklyn,99
2024-10-28,B,Brooklyn,203
2024-10-29,B,Brooklyn,151
2024-10-30,B,Brooklyn,166
2024-10-31,B,Brooklyn,182
2024-11-01,B,Brooklyn,200
2024-11-02,B,Brooklyn,110
2024-11-03,B,Brooklyn,86
2024-11-04,B,Brooklyn,139
2024-11-05,B,Brooklyn,174
2024-11-06,B,Brooklyn,186
2024-11-07,B,Brooklyn,189
2024-11-08,B,Brooklyn,176
2024-11-09,B,Brooklyn,107
2024-11-10,B,Brooklyn,106
2024-11-11,B,Brooklyn,143
2024-11-12,B,Brooklyn,144
2024-11-13,B,Brooklyn,164
2024-11-14,B,Brooklyn,141
2024-11-15,B,Brooklyn,167
2024-11-16,B,Brooklyn,98
2024-11-17,B,Brooklyn,88
2024-11-18,B,Brooklyn,155
2024-11-19,B,Brooklyn,164
2024-11-20,B,Brooklyn,139
2024-11-21,B,Brooklyn,138
2024-11-22,B,Brooklyn,140
2024-11-23,B,Brooklyn,79
2024-11-24,B,Brooklyn,100
2024-11-25,B,Brooklyn,166
2024-11-26,B,Brooklyn,153
2024-11-27,B,Brooklyn,180
2024-11-28,B,Brooklyn,127
2024-11-29,B,Brooklyn,181
2024-11-30,B,Brooklyn,92
2024-12-01,B,Brooklyn,94
2024-12-02,B,Brooklyn,146
2024-12-03,B,Brooklyn,121
2024-12-04,B,Brooklyn,163
2024-12-05,B,Brooklyn,169
2024-12-06,B,Brooklyn,149
2024-12-07,B,Brooklyn,76
2024-12-08,B,Brooklyn,73
2024-12-09,B,Brooklyn,138
2024-12-10,B,Brooklyn,128
2024-12-11,B,Brooklyn,146
2024-12-12,B,Brooklyn,151
2024-12-13,B,Brooklyn,148
2024-12-14,B,Brooklyn,79
2024-12-15,B,Brooklyn,66
2024-12-16,B,Brooklyn,159
2024-12-17,B,Brooklyn,150
2024-12-18,B,Brooklyn,160
2024-12-19,B,Brooklyn,138
2024-12-20,B,Brooklyn,156
2024-12-21,B,Brooklyn,65
2024-12-22,B,Brooklyn,62
2024-12-23,B,Brooklyn,136
2024-12-24,B,Brooklyn,135
2024-12-25,B,Brooklyn,109
2024-12-26,B,Brooklyn,150
2024-12-27,B,Brooklyn,145
2024-12-28,B,Brooklyn,68
2024-12-29,B,Brooklyn,83
2024-12-30,B,Brooklyn,116
2024-12-31,B,Brooklyn,159
2025-01-01,B,Brooklyn,132
2025-01-02,B,Brooklyn,146
2025-01-03,B,Brooklyn,118
2025-01-04,B,Brooklyn,74
2025-01-05,B,Brooklyn,86
2025-01-06,B,Brooklyn,120
2025-01-07,B,Brooklyn,113
2025-01-08,B,Brooklyn,150
2025-01-09,B,Brooklyn,138
2025-01-10,B,Brooklyn,129
2025-01-11,B,Brooklyn,61
2025-01-12,B,Brooklyn,77
2025-01-13,B,Brooklyn,103
2025-01-14,B,Brooklyn,140
2025-01-15,B,Brooklyn,112
2025-01-16,B,Brooklyn,137
2025-01-17,B,Brooklyn,144
2025-01-18,B,Brooklyn,64
2025-01-19,B,Brooklyn,71
2025-01-20,B,Brooklyn,145
2025-01-21,B,Brooklyn,148
2025-01-22,B,Brooklyn,115
2025-01-23,B,Brooklyn,104
2025-01-24,B,Brooklyn,148
2025-01-25,B,Brooklyn,76
2025-01-26,B,Brooklyn,60
2025-01-27,B,Brooklyn,126
2025-01-28,B,Brooklyn,109
2025-01-29,B,Brooklyn,132
2025-01-30,B,Brooklyn,114
2025-01-31,B,Brooklyn,140
2025-02-01,B,Brooklyn,71
2025-02-02,B,Brooklyn,62
2025-02-03,B,Brooklyn,106
2025-02-04,B,Brooklyn,136
2025-02-05,B,Brooklyn,139
2025-02-06,B,Brooklyn,132
2025-02-07,B,Brooklyn,103
2025-02-08,B,Brooklyn,62
2025-02-09,B,Brooklyn,65
2025-02-10,B,Brooklyn,117
2025-02-11,B,Brooklyn,124
2025-02-12,B,Brooklyn,103
2025-02-13,B,Brooklyn,112
2025-02-14,B,Brooklyn,114
2025-02-15,B,Brooklyn,75
2025-02-16,B,Brooklyn,69
2025-02-17,B,Brooklyn,123
2025-02-18,B,Brooklyn,112
2025-02-19,B,Brooklyn,129
2025-02-20,B,Brooklyn,126
2025-02-21,B,Brooklyn,124
2025-02-22,B,Brooklyn,70
2025-02-23,B,Brooklyn,70
2025-02-24,B,Brooklyn,95
2025-02-25,B,Brooklyn,125
2025-02-26,B,Brooklyn,110
2025-02-27,B,Brooklyn,113
2025-02-28,B,Brooklyn,121
2025-03-01,B,Brooklyn,62
2025-03-02,B,Brooklyn,58
2025-03-03,B,Brooklyn,127
2025-03-04,B,Brooklyn,103
2025-03-05,B,Brooklyn,102
2025-03-06,B,Brooklyn,123
2025-03-07,B,Brooklyn,123
2025-03-08,B,Brooklyn,66
2025-03-09,B,Brooklyn,54
2025-03-10,B,Brooklyn,134
2025-03-11,B,Brooklyn,113
2025-03-12,B,Brooklyn,122
2025-03-13,B,Brooklyn,109
2025-03-14,B,Brooklyn,136
2025-03-15,B,Brooklyn,69
2025-03-16,B,Brooklyn,68
2025-03-17,B,Brooklyn,96
2025-03-18,B,Brooklyn,101
2025-03-19,B,Brooklyn,109
2025-03-20,B,Brooklyn,138
2025-03-21,B,Brooklyn,99
2025-03-22,B,Brooklyn,75
2025-03-23,B,Brooklyn,66
2025-03-24,B,Brooklyn,118
2025-03-25,B,Brooklyn,115
2025-03-26,B,Brooklyn,135
2025-03-27,B,Brooklyn,139
2025-03-28,B,Brooklyn,140
2025-03-29,B,Brooklyn,80
2025-03-30,B,Brooklyn,65
2025-03-31,B,Brooklyn,104
2025-04-01,B,Brooklyn,127
2025-04-02,B,Brooklyn,136
2025-04-03,B,Brooklyn,108
2025-04-04,B,Brooklyn,112
2025-04-05,B,Brooklyn,71
2025-04-06,B,Brooklyn,80
2025-04-07,B,Brooklyn,118
2025-04-08,B,Brooklyn,104
2025-04-09,B,Brooklyn,127
2025-04-10,B,Brooklyn,116
2025-04-11,B,Brooklyn,130
2025-04-12,B,Brooklyn,87
2025-04-13,B,Brooklyn,78
2025-04-14,B,Brooklyn,111
2025-04-15,B,Brooklyn,126
2025-04-16,B,Brooklyn,126
2025-04-17,B,Brooklyn,108
2025-04-18,B,Brooklyn,134
2025-04-19,B,Brooklyn,86
2025-04-20,B,Brooklyn,83
2025-04-21,B,Brooklyn,155
2025-04-22,B,Brooklyn,121
2025-04-23,B,Brooklyn,109
2025-04-24,B,Brooklyn,126
2025-04-25,B,Brooklyn,143
2025-04-26,B,Brooklyn,66
2025-04-27,B,Brooklyn,71
2025-04-28,B,Brooklyn,159
2025-04-29,B,Brooklyn,126
2025-04-30,B,Brooklyn,140
2025-05-01,B,Brooklyn,131
2025-05-02,B,Brooklyn,149
2025-05-03,B,Brooklyn,72
2025-05-04,B,Brooklyn,73
2025-05-05,B,Brooklyn,125
2025-05-06,B,Brooklyn,135
2025-05-07,B,Brooklyn,166
2025-05-08,B,Brooklyn,168
2025-05-09,B,Brooklyn,149
2025-05-10,B,Brooklyn,90
2025-05-11,B,Brooklyn,89
2025-05-12,B,Brooklyn,175
2025-05-13,B,Brooklyn,125
2025-05-14,B,Brooklyn,124
2025-05-15,B,Brooklyn,139
2025-05-16,B,Brooklyn,168
2025-05-17,B,Brooklyn,96
2025-05-18,B,Brooklyn,76
2025-05-19,B,Brooklyn,126
2025-05-20,B,Brooklyn,158
2025-05-21,B,Brooklyn,159
2025-05-22,B,Brooklyn,129
2025-05-23,B,Brooklyn,165
2025-05-24,B,Brooklyn,71
2025-05-25,B,Brooklyn,96
2025-05-26,B,Brooklyn,137
2025-05-27,B,Brooklyn,170
2025-05-28,B,Brooklyn,154
2025-05-29,B,Brooklyn,161
2025-05-30,B,Brooklyn,134
2025-05-31,B,Brooklyn,84
2025-06-01,B,Brooklyn,106
2025-06-02,B,Brooklyn,136
2025-06-03,B,Brooklyn,184
2025-06-04,B,Brooklyn,157
2025-06-05,B,Brooklyn,134
2025-06-06,B,Brooklyn,179
2025-06-07,B,Brooklyn,86
2025-06-08,B,Brooklyn,84
2025-06-09,B,Brooklyn,179
2025-06-10,B,Brooklyn,145
2025-06-11,B,Brooklyn,198
2025-06-12,B,Brooklyn,193
2025-06-13,B,Brooklyn,204
2025-06-14,B,Brooklyn,114
2025-06-15,B,Brooklyn,115
2025-06-16,B,Brooklyn,178
2025-06-17,B,Brooklyn,186
2025-06-18,B,Brooklyn,158
2025-06-19,B,Brooklyn,187
2025-06-20,B,Brooklyn,144
2025-06-21,B,Brooklyn,115
2025-06-22,B,Brooklyn,96
2025-06-23,B,Brooklyn,194
2025-06-24,B,Brooklyn,202
2025-06-25,B,Brooklyn,175
2025-06-26,B,Brooklyn,165
2025-06-27,B,Brooklyn,201
2025-06-28,B,Brooklyn,95
2025-06-29,B,Brooklyn,92
2025-06-30,B,Brooklyn,158
2025-07-01,B,Brooklyn,156
2025-07-02,B,Brooklyn,156
2025-07-03,B,Brooklyn,156
2025-07-04,B,Brooklyn,173
2025-07-05,B,Brooklyn,90
2025-07-06,B,Brooklyn,106
2025-07-07,B,Brooklyn,207
2025-07-08,B,Brooklyn,176
2025-07-09,B,Brooklyn,225
2025-07-10,B,Brooklyn,175
2025-07-11,B,Brooklyn,203
2025-07-12,B,Brooklyn,90
2025-07-13,B,Brooklyn,101
2025-07-14,B,Brooklyn,211
2025-07-15,B,Brooklyn,198
2025-07-16,B,Brooklyn,193
2025-07-17,B,Brooklyn,166
2025-07-18,B,Brooklyn,230
2025-07-19,B,Brooklyn,119
2025-07-20,B,Brooklyn,124
2025-07-21,B,Brooklyn,225
2025-07-22,B,Brooklyn,187
2025-07-23,B,Brooklyn,158
2025-07-24,B,Brooklyn,164
2025-07-25,B,Brooklyn,216
2025-07-26,B,Brooklyn,109
2025-07-27,B,Brooklyn,120
2025-07-28,B,Brooklyn,172
2025-07-29,B,Brooklyn,211
2025-07-30,B,Brooklyn,220
2025-07-31,B,Brooklyn,160
2025-08-01,B,Brooklyn,234
2025-08-02,B,Brooklyn,100
2025-08-03,B,Brooklyn,93
2025-08-04,B,Brooklyn,233
2025-08-05,B,Brooklyn,166
2025-08-06,B,Brooklyn,214
2025-08-07,B,Brooklyn,214
2025-08-08,B,Brooklyn,211
2025-08-09,B,Brooklyn,127
2025-08-10,B,Brooklyn,103
2025-08-11,B,Brooklyn,163
2025-08-12,B,Brooklyn,178
2025-08-13,B,Brooklyn,226
2025-08-14,B,Brooklyn,162
2025-08-15,B,Brooklyn,205
2025-08-16,B,Brooklyn,117
2025-08-17,B,Brooklyn,106
2025-08-18,B,Brooklyn,193
2025-08-19,B,Brooklyn,214
2025-08-20,B,Brooklyn,191
2025-08-21,B,Brooklyn,213
2025-08-22,B,Brooklyn,197
2025-08-23,B,Brooklyn,119
2025-08-24,B,Brooklyn,132
2025-08-25,B,Brooklyn,195
2025-08-26,B,Brooklyn,238
2025-08-27,B,Brooklyn,233
2025-08-28,B,Brooklyn,200
2025-08-29,B,Brooklyn,233
2025-08-30,B,Brooklyn,132
2025-08-31,B,Brooklyn,94
2025-09-01,B,Brooklyn,241
2025-09-02,B,Brooklyn,175
2025-09-03,B,Brooklyn,228
2025-09-04,B,Brooklyn,220
2025-09-05,B,Brooklyn,216
2025-09-06,B,Brooklyn,129
2025-09-07,B,Brooklyn,112
2025-09-08,B,Brooklyn,216
2025-09-09,B,Brooklyn,185
2025-09-10,B,Brooklyn,194
2025-09-11,B,Brooklyn,200
2025-09-12,B,Brooklyn,192
2025-09-13,B,Brooklyn,109
2025-09-14,B,Brooklyn,117
2025-09-15,B,Brooklyn,170
2025-09-16,B,Brooklyn,207
2025-09-17,B,Brooklyn,199
2025-09-18,B,Brooklyn,233
2025-09-19,B,Brooklyn,243
2025-09-20,B,Brooklyn,116
2025-09-21,B,Brooklyn,112
2025-09-22,B,Brooklyn,205
2025-09-23,B,Brooklyn,195
2025-09-24,B,Brooklyn,208
2025-09-25,B,Brooklyn,170
2025-09-26,B,Brooklyn,196
2025-09-27,B,Brooklyn,124
2025-09-28,B,Brooklyn,113
2025-09-29,B,Brooklyn,180
2025-09-30,B,Brooklyn,190
2025-10-01,B,Brooklyn,178
2025-10-02,B,Brooklyn,177
2025-10-03,B,Brooklyn,204
2025-10-04,B,Brooklyn,129
2025-10-05,B,Brooklyn,115
2025-10-06,B,Brooklyn,222
2025-10-07,B,Brooklyn,213
2025-10-08,B,Brooklyn,185
2025-10-09,B,Brooklyn,183
2025-10-10,B,Brooklyn,226
2025-10-11,B,Brooklyn,112
2025-10-12,B,Brooklyn,126
2025-10-13,B,Brooklyn,225
2025-10-14,B,Brooklyn,160
2025-10-15,B,Brooklyn,163
2025-10-16,B,Brooklyn,200
2025-10-17,B,Brooklyn,210
2025-10-18,B,Brooklyn,89
2025-10-19,B,Brooklyn,87
2025-10-20,B,Brooklyn,215
2025-10-21,B,Brooklyn,225
2025-10-22,B,Brooklyn,166
2025-10-23,B,Brooklyn,213
2025-10-24,B,Brooklyn,218
2025-10-25,B,Brooklyn,120
2025-10-26,B,Brooklyn,97
2025-10-27,B,Brooklyn,184
2025-10-28,B,Brooklyn,221
2025-10-29,B,Brooklyn,214
2025-10-30,B,Brooklyn,200
2025-10-31,B,Brooklyn,195
2025-11-01,B,Brooklyn,121
2025-11-02,B,Brooklyn,113
2025-11-03,B,Brooklyn,193
2025-11-04,B,Brooklyn,148
2025-11-05,B,Brooklyn,213
2025-11-06,B,Brooklyn,192
2025-11-07,B,Brooklyn,190
2025-11-08,B,Brooklyn,112
2025-11-09,B,Brooklyn,83
2025-11-10,B,Brooklyn,199
2025-11-11,B,Brooklyn,184
2025-11-12,B,Brooklyn,208
2025-11-13,B,Brooklyn,207
2025-11-14,B,Brooklyn,147
2025-11-15,B,Brooklyn,117
2025-11-16,B,Brooklyn,105
2025-11-17,B,Brooklyn,205
2025-11-18,B,Brooklyn,168
2025-11-19,B,Brooklyn,176
2025-11-20,B,Brooklyn,168
2025-11-21,B,Brooklyn,169
2025-11-22,B,Brooklyn,98
2025-11-23,B,Brooklyn,101
2025-11-24,B,Brooklyn,203
2025-11-25,B,Brooklyn,171
2025-11-26,B,Brooklyn,171
2025-11-27,B,Brooklyn,183
2025-11-28,B,Brooklyn,173
2025-11-29,B,Brooklyn,111
2025-11-30,B,Brooklyn,101
2025-12-01,B,Brooklyn,135
2025-12-02,B,Brooklyn,194
2025-12-03,B,Brooklyn,177
2025-12-04,B,Brooklyn,140
2025-12-05,B,Brooklyn,183
2025-12-06,B,Brooklyn,109
2025-12-07,B,Brooklyn,98
2025-12-08,B,Brooklyn,135
2025-12-09,B,Brooklyn,136
2025-12-10,B,Brooklyn,129
2025-12-11,B,Brooklyn,130
2025-12-12,B,Brooklyn,167
2025-12-13,B,Brooklyn,98
2025-12-14,B,Brooklyn,84
2025-12-15,B,Brooklyn,153
2025-12-16,B,Brooklyn,137
2025-12-17,B,Brooklyn,141
2025-12-18,B,Brooklyn,164
2025-12-19,B,Brooklyn,165
2025-12-20,B,Brooklyn,84
2025-12-21,B,Brooklyn,75
2025-12-22,B,Brooklyn,139
2025-12-23,B,Brooklyn,156
2025-12-24,B,Brooklyn,164
2025-12-25,B,Brooklyn,131
2025-12-26,B,Brooklyn,170
2025-12-27,B,Brooklyn,92
2025-12-28,B,Brooklyn,89
2025-12-29,B,Brooklyn,145
2025-12-30,B,Brooklyn,123
2025-12-31,B,Brooklyn,125
2026-01-01,B,Brooklyn,159
2026-01-02,B,Brooklyn,131
2026-01-03,B,Brooklyn,91
2026-01-04,B,Brooklyn,71
2026-01-05,B,Brooklyn,168
2026-01-06,B,Brooklyn,150
2026-01-07,B,Brooklyn,145
2026-01-08,B,Brooklyn,145
2026-01-09,B,Brooklyn,142
2026-01-10,B,Brooklyn,80
2026-01-11,B,Brooklyn,90
2026-01-12,B,Brooklyn,155
2026-01-13,B,Brooklyn,161
2026-01-14,B,Brooklyn,166
2026-01-15,B,Brooklyn,154
2026-01-16,B,Brooklyn,146
2026-01-17,B,Brooklyn,85
2026-01-18,B,Brooklyn,92
2026-01-19,B,Brooklyn,128
2026-01-20,B,Brooklyn,127
2026-01-21,B,Brooklyn,133
2026-01-22,B,Brooklyn,134
2026-01-23,B,Brooklyn,138
2026-01-24,B,Brooklyn,86
2026-01-25,B,Brooklyn,86
2026-01-26,B,Brooklyn,107
2026-01-27,B,Brooklyn,134
2026-01-28,B,Brooklyn,115
2026-01-29,B,Brooklyn,130
2026-01-30,B,Brooklyn,112
2026-01-31,B,Brooklyn,86
2026-02-01,B,Brooklyn,77
2026-02-02,B,Brooklyn,135
2026-02-03,B,Brooklyn,130
2026-02-04,B,Brooklyn,111
2026-02-05,B,Brooklyn,111
2026-02-06,B,Brooklyn,128
2026-02-07,B,Brooklyn,84
2026-02-08,B,Brooklyn,69
2026-02-09,B,Brooklyn,129
2026-02-10,B,Brooklyn,131
2026-02-11,B,Brooklyn,104
2026-02-12,B,Brooklyn,132
2026-02-13,B,Brooklyn,105
2021-02-14,C,Queens,45
2021-02-15,C,Queens,79
2021-02-16,C,Queens,76
2021-02-17,C,Queens,56
2021-02-18,C,Queens,61
2021-02-19,C,Queens,72
2021-02-20,C,Queens,41
2021-02-21,C,Queens,32
2021-02-22,C,Queens,58
2021-02-23,C,Queens,81
2021-02-24,C,Queens,58
2021-02-25,C,Queens,62
2021-02-26,C,Queens,73
2021-02-27,C,Queens,43
2021-02-28,C,Queens,43
2021-03-01,C,Queens,56
2021-03-02,C,Queens,82
2021-03-03,C,Queens,83
2021-03-04,C,Queens,65
2021-03-05,C,Queens,57
2021-03-06,C,Queens,31
2021-03-07,C,Queens,34
2021-03-08,C,Queens,70
2021-03-09,C,Queens,71
2021-03-10,C,Queens,66
2021-03-11,C,Queens,71
2021-03-12,C,Queens,78
2021-03-13,C,Queens,32
2021-03-14,C,Queens,39
2021-03-15,C,Queens,64
2021-03-16,C,Queens,65
2021-03-17,C,Queens,64
2021-03-18,C,Queens,82
2021-03-19,C,Queens,76
2021-03-20,C,Queens,37
2021-03-21,C,Queens,41
2021-03-22,C,Queens,64
2021-03-23,C,Queens,62
2021-03-24,C,Queens,75
2021-03-25,C,Queens,65
2021-03-26,C,Queens,70
2021-03-27,C,Queens,40
2021-03-28,C,Queens,41
2021-03-29,C,Queens,84
2021-03-30,C,Queens,77
2021-03-31,C,Queens,82
2021-04-01,C,Queens,85
2021-04-02,C,Queens,65
2021-04-03,C,Queens,35
2021-04-04,C,Queens,45
2021-04-05,C,Queens,86
2021-04-06,C,Queens,79
2021-04-07,C,Queens,64
2021-04-08,C,Queens,78
2021-04-09,C,Queens,90
2021-04-10,C,Queens,46
2021-04-11,C,Queens,37
2021-04-12,C,Queens,80
2021-04-13,C,Queens,77
2021-04-14,C,Queens,73
2021-04-15,C,Queens,75
2021-04-16,C,Queens,81
2021-04-17,C,Queens,37
2021-04-18,C,Queens,43
2021-04-19,C,Queens,94
2021-04-20,C,Queens,78
2021-04-21,C,Queens,74
2021-04-22,C,Queens,72
2021-04-23,C,Queens,95
2021-04-24,C,Queens,53
2021-04-25,C,Queens,50
2021-04-26,C,Queens,97
2021-04-27,C,Queens,98
2021-04-28,C,Queens,77
2021-04-29,C,Queens,87
2021-04-30,C,Queens,80
2021-05-01,C,Queens,49
2021-05-02,C,Queens,48
2021-05-03,C,Queens,87
2021-05-04,C,Queens,71
2021-05-05,C,Queens,86
2021-05-06,C,Queens,72
2021-05-07,C,Queens,86
2021-05-08,C,Queens,44
2021-05-09,C,Queens,41
2021-05-10,C,Queens,103
2021-05-11,C,Queens,70
2021-05-12,C,Queens,82
2021-05-13,C,Queens,87
2021-05-14,C,Queens,81
2021-05-15,C,Queens,60
2021-05-16,C,Queens,56
2021-05-17,C,Queens,98
2021-05-18,C,Queens,106
2021-05-19,C,Queens,76
2021-05-20,C,Queens,99
2021-05-21,C,Queens,94
2021-05-22,C,Queens,41
2021-05-23,C,Queens,46
2021-05-24,C,Queens,84
2021-05-25,C,Queens,78
2021-05-26,C,Queens,87
2021-05-27,C,Queens,96
2021-05-28,C,Queens,107
2021-05-29,C,Queens,44
2021-05-30,C,Queens,59
2021-05-31,C,Queens,89
2021-06-01,C,Queens,106
2021-06-02,C,Queens,97
2021-06-03,C,Queens,84
2021-06-04,C,Queens,80
2021-06-05,C,Queens,47
2021-06-06,C,Queens,45
2021-06-07,C,Queens,117
2021-06-08,C,Queens,104
2021-06-09,C,Queens,82
2021-06-10,C,Queens,98
2021-06-11,C,Queens,114
2021-06-12,C,Queens,59
2021-06-13,C,Queens,49
2021-06-14,C,Queens,83
2021-06-15,C,Queens,118
2021-06-16,C,Queens,89
2021-06-17,C,Queens,104
2021-06-18,C,Queens,112
2021-06-19,C,Queens,53
2021-06-20,C,Queens,56
2021-06-21,C,Queens,103
2021-06-22,C,Queens,98
2021-06-23,C,Queens,107
2021-06-24,C,Queens,128
2021-06-25,C,Queens,99
2021-06-26,C,Queens,70
2021-06-27,C,Queens,58
2021-06-28,C,Queens,105
2021-06-29,C,Queens,89
2021-06-30,C,Queens,110
2021-07-01,C,Queens,99
2021-07-02,C,Queens,91
2021-07-03,C,Queens,69
2021-07-04,C,Queens,54
2021-07-05,C,Queens,95
2021-07-06,C,Queens,127
2021-07-07,C,Queens,122
2021-07-08,C,Queens,113
2021-07-09,C,Queens,106
2021-07-10,C,Queens,64
2021-07-11,C,Queens,53
2021-07-12,C,Queens,134
2021-07-13,C,Queens,114
2021-07-14,C,Queens,105
2021-07-15,C,Queens,97
2021-07-16,C,Queens,108
2021-07-17,C,Queens,57
2021-07-18,C,Queens,61
2021-07-19,C,Queens,100
2021-07-20,C,Queens,125
2021-07-21,C,Queens,135
2021-07-22,C,Queens,110
2021-07-23,C,Queens,134
2021-07-24,C,Queens,78
2021-07-25,C,Queens,79
2021-07-26,C,Queens,120
2021-07-27,C,Queens,96
2021-07-28,C,Queens,136
2021-07-29,C,Queens,118
2021-07-30,C,Queens,119
2021-07-31,C,Queens,56
2021-08-01,C,Queens,73
2021-08-02,C,Queens,129
2021-08-03,C,Queens,137
2021-08-04,C,Queens,142
2021-08-05,C,Queens,109
2021-08-06,C,Queens,136
2021-08-07,C,Queens,78
2021-08-08,C,Queens,60
2021-08-09,C,Queens,136
2021-08-10,C,Queens,111
2021-08-11,C,Queens,111
2021-08-12,C,Queens,121
2021-08-13,C,Queens,145
2021-08-14,C,Queens,56
2021-08-15,C,Queens,58
2021-08-16,C,Queens,146
2021-08-17,C,Queens,112
2021-08-18,C,Queens,121
2021-08-19,C,Queens,99
2021-08-20,C,Queens,144
2021-08-21,C,Queens,77
2021-08-22,C,Queens,82
2021-08-23,C,Queens,100
2021-08-24,C,Queens,129
2021-08-25,C,Queens,149
2021-08-26,C,Queens,128
2021-08-27,C,Queens,139
2021-08-28,C,Queens,77
2021-08-29,C,Queens,60
2021-08-30,C,Queens,109
2021-08-31,C,Queens,139
2021-09-01,C,Queens,125
2021-09-02,C,Queens,138
2021-09-03,C,Queens,102
2021-09-04,C,Queens,66
2021-09-05,C,Queens,84
2021-09-06,C,Queens,106
2021-09-07,C,Queens,112
2021-09-08,C,Queens,145
2021-09-09,C,Queens,131
2021-09-10,C,Queens,147
2021-09-11,C,Queens,62
2021-09-12,C,Queens,68
2021-09-13,C,Queens,115
2021-09-14,C,Queens,129
2021-09-15,C,Queens,136
2021-09-16,C,Queens,119
2021-09-17,C,Queens,141
2021-09-18,C,Queens,74
2021-09-19,C,Queens,57
2021-09-20,C,Queens,123
2021-09-21,C,Queens,138
2021-09-22,C,Queens,102
2021-09-23,C,Queens,103
2021-09-24,C,Queens,126
2021-09-25,C,Queens,56
2021-09-26,C,Queens,65
2021-09-27,C,Queens,121
2021-09-28,C,Queens,126
2021-09-29,C,Queens,122
2021-09-30,C,Queens,143
2021-10-01,C,Queens,145
2021-10-02,C,Queens,81
2021-10-03,C,Queens,76
2021-10-04,C,Queens,115
2021-10-05,C,Queens,113
2021-10-06,C,Queens,101
2021-10-07,C,Queens,132
2021-10-08,C,Queens,140
2021-10-09,C,Queens,81
2021-10-10,C,Queens,67
2021-10-11,C,Queens,142
2021-10-12,C,Queens,126
2021-10-13,C,Queens,118
2021-10-14,C,Queens,116
2021-10-15,C,Queens,135
2021-10-16,C,Queens,55
2021-10-17,C,Queens,60
2021-10-18,C,Queens,102
2021-10-19,C,Queens,104
2021-10-20,C,Queens,99
2021-10-21,C,Queens,106
2021-10-22,C,Queens,117
2021-10-23,C,Queens,73
2021-10-24,C,Queens,68
2021-10-25,C,Queens,103
2021-10-26,C,Queens,114
2021-10-27,C,Queens,104
2021-10-28,C,Queens,103
2021-10-29,C,Queens,123
2021-10-30,C,Queens,56
2021-10-31,C,Queens,54
2021-11-01,C,Queens,95
2021-11-02,C,Queens,135
2021-11-03,C,Queens,95
2021-11-04,C,Queens,101
2021-11-05,C,Queens,119
2021-11-06,C,Queens,52
2021-11-07,C,Queens,56
2021-11-08,C,Queens,99
2021-11-09,C,Queens,109
2021-11-10,C,Queens,110
2021-11-11,C,Queens,117
2021-11-12,C,Queens,89
2021-11-13,C,Queens,67
2021-11-14,C,Queens,69
2021-11-15,C,Queens,119
2021-11-16,C,Queens,88
2021-11-17,C,Queens,91
2021-11-18,C,Queens,117
2021-11-19,C,Queens,113
2021-11-20,C,Queens,64
2021-11-21,C,Queens,64
2021-11-22,C,Queens,106
2021-11-23,C,Queens,118
2021-11-24,C,Queens,123
2021-11-25,C,Queens,118
2021-11-26,C,Queens,99
2021-11-27,C,Queens,53
2021-11-28,C,Queens,63
2021-11-29,C,Queens,97
2021-11-30,C,Queens,97
2021-12-01,C,Queens,115
2021-12-02,C,Queens,122
2021-12-03,C,Queens,99
2021-12-04,C,Queens,68
2021-12-05,C,Queens,65
2021-12-06,C,Queens,118
2021-12-07,C,Queens,92
2021-12-08,C,Queens,110
2021-12-09,C,Queens,87
2021-12-10,C,Queens,93
2021-12-11,C,Queens,60
2021-12-12,C,Queens,64
2021-12-13,C,Queens,105
2021-12-14,C,Queens,83
2021-12-15,C,Queens,106
2021-12-16,C,Queens,114
2021-12-17,C,Queens,77
2021-12-18,C,Queens,55
2021-12-19,C,Queens,52
2021-12-20,C,Queens,92
2021-12-21,C,Queens,106
2021-12-22,C,Queens,108
2021-12-23,C,Queens,111
2021-12-24,C,Queens,75
2021-12-25,C,Queens,61
2021-12-26,C,Queens,49
2021-12-27,C,Queens,102
2021-12-28,C,Queens,96
2021-12-29,C,Queens,100
2021-12-30,C,Queens,89
2021-12-31,C,Queens,105
2022-01-01,C,Queens,57
2022-01-02,C,Queens,49
2022-01-03,C,Queens,93
2022-01-04,C,Queens,83
2022-01-05,C,Queens,79
2022-01-06,C,Queens,97
2022-01-07,C,Queens,83
2022-01-08,C,Queens,55
2022-01-09,C,Queens,46
2022-01-10,C,Queens,73
2022-01-11,C,Queens,100
2022-01-12,C,Queens,89
2022-01-13,C,Queens,69
2022-01-14,C,Queens,88
2022-01-15,C,Queens,50
2022-01-16,C,Queens,40
2022-01-17,C,Queens,101
2022-01-18,C,Queens,101
2022-01-19,C,Queens,97
2022-01-20,C,Queens,72
2022-01-21,C,Queens,83
2022-01-22,C,Queens,39
2022-01-23,C,Queens,50
2022-01-24,C,Queens,71
2022-01-25,C,Queens,99
2022-01-26,C,Queens,79
2022-01-27,C,Queens,89
2022-01-28,C,Queens,74
2022-01-29,C,Queens,38
2022-01-30,C,Queens,46
2022-01-31,C,Queens,87
2022-02-01,C,Queens,85
2022-02-02,C,Queens,69
2022-02-03,C,Queens,94
2022-02-04,C,Queens,66
2022-02-05,C,Queens,48
2022-02-06,C,Queens,54
2022-02-07,C,Queens,78
2022-02-08,C,Queens,97
2022-02-09,C,Queens,91
2022-02-10,C,Queens,74
2022-02-11,C,Queens,75
2022-02-12,C,Queens,49
2022-02-13,C,Queens,42
2022-02-14,C,Queens,84
2022-02-15,C,Queens,77
2022-02-16,C,Queens,80
2022-02-17,C,Queens,95
2022-02-18,C,Queens,79
2022-02-19,C,Queens,50
2022-02-20,C,Queens,41
2022-02-21,C,Queens,89
2022-02-22,C,Queens,83
2022-02-23,C,Queens,66
2022-02-24,C,Queens,80
2022-02-25,C,Queens,69
2022-02-26,C,Queens,46
2022-02-27,C,Queens,53
2022-02-28,C,Queens,78
2022-03-01,C,Queens,67
2022-03-02,C,Queens,85
2022-03-03,C,Queens,76
2022-03-04,C,Queens,76
2022-03-05,C,Queens,37
2022-03-06,C,Queens,53
2022-03-07,C,Queens,79
2022-03-08,C,Queens,86
2022-03-09,C,Queens,79
2022-03-10,C,Queens,78
2022-03-11,C,Queens,68
2022-03-12,C,Queens,39
2022-03-13,C,Queens,49
2022-03-14,C,Queens,84
2022-03-15,C,Queens,74
2022-03-16,C,Queens,85
2022-03-17,C,Queens,74
2022-03-18,C,Queens,73
2022-03-19,C,Queens,41
2022-03-20,C,Queens,51
2022-03-21,C,Queens,87
2022-03-22,C,Queens,81
2022-03-23,C,Queens,89
2022-03-24,C,Queens,81
2022-03-25,C,Queens,92
2022-03-26,C,Queens,38
2022-03-27,C,Queens,43
2022-03-28,C,Queens,72
2022-03-29,C,Queens,79
2022-03-30,C,Queens,89
2022-03-31,C,Queens,96
2022-04-01,C,Queens,68
2022-04-02,C,Queens,48
2022-04-03,C,Queens,42
2022-04-04,C,Queens,99
2022-04-05,C,Queens,84
2022-04-06,C,Queens,89
2022-04-07,C,Queens,80
2022-04-08,C,Queens,92
2022-04-09,C,Queens,40
2022-04-10,C,Queens,48
2022-04-11,C,Queens,79
2022-04-12,C,Queens,102
2022-04-13,C,Queens,88
2022-04-14,C,Queens,89
2022-04-15,C,Queens,79
2022-04-16,C,Queens,60
2022-04-17,C,Queens,60
2022-04-18,C,Queens,78
2022-04-19,C,Queens,78
2022-04-20,C,Queens,84
2022-04-21,C,Queens,92
2022-04-22,C,Queens,109
2022-04-23,C,Queens,47
2022-04-24,C,Queens,42
2022-04-25,C,Queens,92
2022-04-26,C,Queens,102
2022-04-27,C,Queens,78
2022-04-28,C,Queens,85
2022-04-29,C,Queens,80
2022-04-30,C,Queens,59
2022-05-01,C,Queens,58
2022-05-02,C,Queens,89
2022-05-03,C,Queens,79
2022-05-04,C,Queens,98
2022-05-05,C,Queens,99
2022-05-06,C,Queens,106
2022-05-07,C,Queens,46
2022-05-08,C,Queens,64
2022-05-09,C,Queens,104
2022-05-10,C,Queens,92
2022-05-11,C,Queens,117
2022-05-12,C,Queens,104
2022-05-13,C,Queens,87
2022-05-14,C,Queens,59
2022-05-15,C,Queens,51
2022-05-16,C,Queens,113
2022-05-17,C,Queens,98
2022-05-18,C,Queens,120
2022-05-19,C,Queens,124
2022-05-20,C,Queens,111
2022-05-21,C,Queens,71
2022-05-22,C,Queens,67
2022-05-23,C,Queens,110
2022-05-24,C,Queens,95
2022-05-25,C,Queens,122
2022-05-26,C,Queens,90
2022-05-27,C,Queens,105
2022-05-28,C,Queens,65
2022-05-29,C,Queens,69
2022-05-30,C,Queens,115
2022-05-31,C,Queens,102
2022-06-01,C,Queens,103
2022-06-02,C,Queens,115
2022-06-03,C,Queens,127
2022-06-04,C,Queens,64
2022-06-05,C,Queens,52
2022-06-06,C,Queens,105
2022-06-07,C,Queens,133
2022-06-08,C,Queens,128
2022-06-09,C,Queens,99
2022-06-10,C,Queens,100
2022-06-11,C,Queens,65
2022-06-12,C,Queens,67
2022-06-13,C,Queens,128
2022-06-14,C,Queens,110
2022-06-15,C,Queens,96
2022-06-16,C,Queens,126
2022-06-17,C,Queens,130
2022-06-18,C,Queens,80
2022-06-19,C,Queens,66
2022-06-20,C,Queens,139
2022-06-21,C,Queens,105
2022-06-22,C,Queens,132
2022-06-23,C,Queens,133
2022-06-24,C,Queens,132
2022-06-25,C,Queens,83
2022-06-26,C,Queens,57
2022-06-27,C,Queens,121
2022-06-28,C,Queens,126
2022-06-29,C,Queens,143
2022-06-30,C,Queens,140
2022-07-01,C,Queens,138
2022-07-02,C,Queens,74
2022-07-03,C,Queens,79
2022-07-04,C,Queens,132
2022-07-05,C,Queens,117
2022-07-06,C,Queens,104
2022-07-07,C,Queens,120
2022-07-08,C,Queens,153
2022-07-09,C,Queens,62
2022-07-10,C,Queens,88
2022-07-11,C,Queens,113
2022-07-12,C,Queens,132
2022-07-13,C,Queens,142
2022-07-14,C,Queens,143
2022-07-15,C,Queens,152
2022-07-16,C,Queens,88
2022-07-17,C,Queens,88
2022-07-18,C,Queens,158
2022-07-19,C,Queens,157
2022-07-20,C,Queens,110
2022-07-21,C,Queens,154
2022-07-22,C,Queens,152
2022-07-23,C,Queens,86
2022-07-24,C,Queens,72
2022-07-25,C,Queens,159
2022-07-26,C,Queens,158
2022-07-27,C,Queens,119
2022-07-28,C,Queens,118
2022-07-29,C,Queens,132
2022-07-30,C,Queens,81
2022-07-31,C,Queens,88
2022-08-01,C,Queens,155
2022-08-02,C,Queens,149
2022-08-03,C,Queens,118
2022-08-04,C,Queens,154
2022-08-05,C,Queens,160
2022-08-06,C,Queens,71
2022-08-07,C,Queens,87
2022-08-08,C,Queens,141
2022-08-09,C,Queens,157
2022-08-10,C,Queens,150
2022-08-11,C,Queens,163
2022-08-12,C,Queens,116
2022-08-13,C,Queens,80
2022-08-14,C,Queens,85
2022-08-15,C,Queens,161
2022-08-16,C,Queens,160
2022-08-17,C,Queens,148
2022-08-18,C,Queens,157
2022-08-19,C,Queens,125
2022-08-20,C,Queens,66
2022-08-21,C,Queens,79
2022-08-22,C,Queens,118
2022-08-23,C,Queens,123
2022-08-24,C,Queens,151
2022-08-25,C,Queens,123
2022-08-26,C,Queens,124
2022-08-27,C,Queens,95
2022-08-28,C,Queens,85
2022-08-29,C,Queens,169
2022-08-30,C,Queens,139
2022-08-31,C,Queens,125
2022-09-01,C,Queens,135
2022-09-02,C,Queens,147
2022-09-03,C,Queens,84
2022-09-04,C,Queens,93
2022-09-05,C,Queens,161
2022-09-06,C,Queens,160
2022-09-07,C,Queens,165
2022-09-08,C,Queens,152
2022-09-09,C,Queens,136
2022-09-10,C,Queens,68
2022-09-11,C,Queens,79
2022-09-12,C,Queens,152
2022-09-13,C,Queens,171
2022-09-14,C,Queens,134
2022-09-15,C,Queens,120
2022-09-16,C,Queens,154
2022-09-17,C,Queens,90
2022-09-18,C,Queens,87
2022-09-19,C,Queens,161
2022-09-20,C,Queens,151
2022-09-21,C,Queens,164
2022-09-22,C,Queens,165
2022-09-23,C,Queens,169
2022-09-24,C,Queens,86
2022-09-25,C,Queens,70
2022-09-26,C,Queens,148
2022-09-27,C,Queens,125
2022-09-28,C,Queens,154
2022-09-29,C,Queens,160
2022-09-30,C,Queens,121
2022-10-01,C,Queens,80
2022-10-02,C,Queens,75
2022-10-03,C,Queens,123
2022-10-04,C,Queens,159
2022-10-05,C,Queens,127
2022-10-06,C,Queens,136
2022-10-07,C,Queens,129
2022-10-08,C,Queens,80
2022-10-09,C,Queens,76
2022-10-10,C,Queens,130
2022-10-11,C,Queens,135
2022-10-12,C,Queens,152
2022-10-13,C,Queens,118
2022-10-14,C,Queens,155
2022-10-15,C,Queens,87
2022-10-16,C,Queens,64
2022-10-17,C,Queens,132
2022-10-18,C,Queens,157
2022-10-19,C,Queens,145
2022-10-20,C,Queens,126
2022-10-21,C,Queens,153
2022-10-22,C,Queens,87
2022-10-23,C,Queens,66
2022-10-24,C,Queens,124
2022-10-25,C,Queens,117
2022-10-26,C,Queens,116
2022-10-27,C,Queens,122
2022-10-28,C,Queens,137
2022-10-29,C,Queens,78
2022-10-30,C,Queens,79
2022-10-31,C,Queens,150
2022-11-01,C,Queens,133
2022-11-02,C,Queens,153
2022-11-03,C,Queens,107
2022-11-04,C,Queens,151
2022-11-05,C,Queens,64
2022-11-06,C,Queens,60
2022-11-07,C,Queens,143
2022-11-08,C,Queens,134
2022-11-09,C,Queens,150
2022-11-10,C,Queens,129
2022-11-11,C,Queens,150
2022-11-12,C,Queens,75
2022-11-13,C,Queens,79
2022-11-14,C,Queens,110
2022-11-15,C,Queens,110
2022-11-16,C,Queens,114
2022-11-17,C,Queens,146
2022-11-18,C,Queens,120
2022-11-19,C,Queens,59
2022-11-20,C,Queens,70
2022-11-21,C,Queens,120
2022-11-22,C,Queens,128
2022-11-23,C,Queens,116
2022-11-24,C,Queens,108
2022-11-25,C,Queens,110
2022-11-26,C,Queens,62
2022-11-27,C,Queens,75
2022-11-28,C,Queens,136
2022-11-29,C,Queens,99
2022-11-30,C,Queens,113
2022-12-01,C,Queens,94
2022-12-02,C,Queens,136
2022-12-03,C,Queens,66
2022-12-04,C,Queens,56
2022-12-05,C,Queens,126
2022-12-06,C,Queens,113
2022-12-07,C,Queens,115
2022-12-08,C,Queens,122
2022-12-09,C,Queens,114
2022-12-10,C,Queens,68
2022-12-11,C,Queens,59
2022-12-12,C,Queens,91
2022-12-13,C,Queens,92
2022-12-14,C,Queens,106
2022-12-15,C,Queens,103
2022-12-16,C,Queens,125
2022-12-17,C,Queens,63
2022-12-18,C,Queens,61
2022-12-19,C,Queens,103
2022-12-20,C,Queens,112
2022-12-21,C,Queens,88
2022-12-22,C,Queens,93
2022-12-23,C,Queens,100
2022-12-24,C,Queens,58
2022-12-25,C,Queens,61
2022-12-26,C,Queens,111
2022-12-27,C,Queens,91
2022-12-28,C,Queens,87
2022-12-29,C,Queens,93
2022-12-30,C,Queens,121
2022-12-31,C,Queens,67
2023-01-01,C,Queens,66
2023-01-02,C,Queens,105
2023-01-03,C,Queens,118
2023-01-04,C,Queens,96
2023-01-05,C,Queens,116
2023-01-06,C,Queens,81
2023-01-07,C,Queens,67
2023-01-08,C,Queens,48
2023-01-09,C,Queens,107
2023-01-10,C,Queens,107
2023-01-11,C,Queens,116
2023-01-12,C,Queens,113
2023-01-13,C,Queens,113
2023-01-14,C,Queens,48
2023-01-15,C,Queens,59
2023-01-16,C,Queens,96
2023-01-17,C,Queens,100
2023-01-18,C,Queens,106
2023-01-19,C,Queens,85
2023-01-20,C,Queens,89
2023-01-21,C,Queens,55
2023-01-22,C,Queens,53
2023-01-23,C,Queens,107
2023-01-24,C,Queens,108
2023-01-25,C,Queens,96
2023-01-26,C,Queens,78
2023-01-27,C,Queens,78
2023-01-28,C,Queens,53
2023-01-29,C,Queens,51
2023-01-30,C,Queens,91
2023-01-31,C,Queens,83
2023-02-01,C,Queens,105
2023-02-02,C,Queens,79
2023-02-03,C,Queens,90
2023-02-04,C,Queens,54
2023-02-05,C,Queens,49
2023-02-06,C,Queens,83
2023-02-07,C,Queens,82
2023-02-08,C,Queens,109
2023-02-09,C,Queens,82
2023-02-10,C,Queens,107
2023-02-11,C,Queens,54
2023-02-12,C,Queens,41
2023-02-13,C,Queens,108
2023-02-14,C,Queens,82
2023-02-15,C,Queens,78
2023-02-16,C,Queens,93
2023-02-17,C,Queens,94
2023-02-18,C,Queens,59
2023-02-19,C,Queens,45
2023-02-20,C,Queens,82
2023-02-21,C,Queens,103
2023-02-22,C,Queens,90
2023-02-23,C,Queens,106
2023-02-24,C,Queens,107
2023-02-25,C,Queens,59
2023-02-26,C,Queens,47
2023-02-27,C,Queens,96
2023-02-28,C,Queens,95
2023-03-01,C,Queens,78
2023-03-02,C,Queens,83
2023-03-03,C,Queens,105
2023-03-04,C,Queens,59
2023-03-05,C,Queens,57
2023-03-06,C,Queens,97
2023-03-07,C,Queens,94
2023-03-08,C,Queens,96
2023-03-09,C,Queens,106
2023-03-10,C,Queens,93
2023-03-11,C,Queens,43
2023-03-12,C,Queens,47
2023-03-13,C,Queens,109
2023-03-14,C,Queens,90
2023-03-15,C,Queens,107
2023-03-16,C,Queens,106
2023-03-17,C,Queens,94
2023-03-18,C,Queens,53
2023-03-19,C,Queens,49
2023-03-20,C,Queens,78
2023-03-21,C,Queens,77
2023-03-22,C,Queens,112
2023-03-23,C,Queens,85
2023-03-24,C,Queens,92
2023-03-25,C,Queens,57
2023-03-26,C,Queens,63
2023-03-27,C,Queens,100
2023-03-28,C,Queens,80
2023-03-29,C,Queens,111
2023-03-30,C,Queens,92
2023-03-31,C,Queens,106
2023-04-01,C,Queens,54
2023-04-02,C,Queens,61
2023-04-03,C,Queens,93
2023-04-04,C,Queens,81
2023-04-05,C,Queens,93
2023-04-06,C,Queens,93
2023-04-07,C,Queens,98
2023-04-08,C,Queens,56
2023-04-09,C,Queens,63
2023-04-10,C,Queens,113
2023-04-11,C,Queens,115
2023-04-12,C,Queens,96
2023-04-13,C,Queens,92
2023-04-14,C,Queens,102
2023-04-15,C,Queens,52
2023-04-16,C,Queens,58
2023-04-17,C,Queens,85
2023-04-18,C,Queens,108
2023-04-19,C,Queens,109
2023-04-20,C,Queens,104
2023-04-21,C,Queens,115
2023-04-22,C,Queens,58
2023-04-23,C,Queens,58
2023-04-24,C,Queens,112
2023-04-25,C,Queens,101
2023-04-26,C,Queens,121
2023-04-27,C,Queens,88
2023-04-28,C,Queens,86
2023-04-29,C,Queens,71
2023-04-30,C,Queens,66
2023-05-01,C,Queens,127
2023-05-02,C,Queens,89
2023-05-03,C,Queens,111
2023-05-04,C,Queens,102
2023-05-05,C,Queens,90
2023-05-06,C,Queens,73
2023-05-07,C,Queens,51
2023-05-08,C,Queens,118
2023-05-09,C,Queens,114
2023-05-10,C,Queens,116
2023-05-11,C,Queens,96
2023-05-12,C,Queens,138
2023-05-13,C,Queens,73
2023-05-14,C,Queens,57
2023-05-15,C,Queens,109
2023-05-16,C,Queens,120
2023-05-17,C,Queens,119
2023-05-18,C,Queens,122
2023-05-19,C,Queens,99
2023-05-20,C,Queens,80
2023-05-21,C,Queens,70
2023-05-22,C,Queens,131
2023-05-23,C,Queens,128
2023-05-24,C,Queens,110
2023-05-25,C,Queens,138
2023-05-26,C,Queens,112
2023-05-27,C,Queens,64
2023-05-28,C,Queens,68
2023-05-29,C,Queens,144
2023-05-30,C,Queens,132
2023-05-31,C,Queens,135
2023-06-01,C,Queens,119
2023-06-02,C,Queens,125
2023-06-03,C,Queens,58
2023-06-04,C,Queens,85
2023-06-05,C,Queens,150
2023-06-06,C,Queens,126
2023-06-07,C,Queens,130
2023-06-08,C,Queens,140
2023-06-09,C,Queens,123
2023-06-10,C,Queens,88
2023-06-11,C,Queens,84
2023-06-12,C,Queens,146
2023-06-13,C,Queens,140
2023-06-14,C,Queens,147
2023-06-15,C,Queens,128
2023-06-16,C,Queens,139
2023-06-17,C,Queens,77
2023-06-18,C,Queens,69
2023-06-19,C,Queens,145
2023-06-20,C,Queens,164
2023-06-21,C,Queens,126
2023-06-22,C,Queens,132
2023-06-23,C,Queens,123
2023-06-24,C,Queens,69
2023-06-25,C,Queens,85
2023-06-26,C,Queens,159
2023-06-27,C,Queens,122
2023-06-28,C,Queens,121
2023-06-29,C,Queens,155
2023-06-30,C,Queens,142
2023-07-01,C,Queens,94
2023-07-02,C,Queens,95
2023-07-03,C,Queens,134
2023-07-04,C,Queens,157
2023-07-05,C,Queens,129
2023-07-06,C,Queens,132
2023-07-07,C,Queens,168
2023-07-08,C,Queens,66
2023-07-09,C,Queens,72
2023-07-10,C,Queens,163
2023-07-11,C,Queens,143
2023-07-12,C,Queens,161
2023-07-13,C,Queens,142
2023-07-14,C,Queens,124
2023-07-15,C,Queens,88
2023-07-16,C,Queens,92
2023-07-17,C,Queens,141
2023-07-18,C,Queens,124
2023-07-19,C,Queens,163
2023-07-20,C,Queens,162
2023-07-21,C,Queens,141
2023-07-22,C,Queens,86
2023-07-23,C,Queens,83
2023-07-24,C,Queens,181
2023-07-25,C,Queens,175
2023-07-26,C,Queens,126
2023-07-27,C,Queens,146
2023-07-28,C,Queens,183
2023-07-29,C,Queens,95
2023-07-30,C,Queens,78
2023-07-31,C,Queens,145
2023-08-01,C,Queens,139
2023-08-02,C,Queens,151
2023-08-03,C,Queens,141
2023-08-04,C,Queens,135
2023-08-05,C,Queens,102
2023-08-06,C,Queens,100
2023-08-07,C,Queens,187
2023-08-08,C,Queens,128
2023-08-09,C,Queens,178
2023-08-10,C,Queens,175
2023-08-11,C,Queens,136
2023-08-12,C,Queens,86
2023-08-13,C,Queens,98
2023-08-14,C,Queens,130
2023-08-15,C,Queens,159
2023-08-16,C,Queens,162
2023-08-17,C,Queens,134
2023-08-18,C,Queens,183
2023-08-19,C,Queens,104
2023-08-20,C,Queens,89
2023-08-21,C,Queens,164
2023-08-22,C,Queens,161
2023-08-23,C,Queens,131
2023-08-24,C,Queens,185
2023-08-25,C,Queens,136
2023-08-26,C,Queens,106
2023-08-27,C,Queens,96
2023-08-28,C,Queens,186
2023-08-29,C,Queens,187
2023-08-30,C,Queens,152
2023-08-31,C,Queens,181
2023-09-01,C,Queens,168
2023-09-02,C,Queens,99
2023-09-03,C,Queens,80
2023-09-04,C,Queens,187
2023-09-05,C,Queens,186
2023-09-06,C,Queens,136
2023-09-07,C,Queens,172
2023-09-08,C,Queens,144
2023-09-09,C,Queens,78
2023-09-10,C,Queens,86
2023-09-11,C,Queens,185
2023-09-12,C,Queens,149
2023-09-13,C,Queens,169
2023-09-14,C,Queens,146
2023-09-15,C,Queens,177
2023-09-16,C,Queens,85
2023-09-17,C,Queens,88
2023-09-18,C,Queens,185
2023-09-19,C,Queens,188
2023-09-20,C,Queens,176
2023-09-21,C,Queens,164
2023-09-22,C,Queens,154
2023-09-23,C,Queens,89
2023-09-24,C,Queens,80
2023-09-25,C,Queens,160
2023-09-26,C,Queens,178
2023-09-27,C,Queens,163
2023-09-28,C,Queens,168
2023-09-29,C,Queens,130
2023-09-30,C,Queens,86
2023-10-01,C,Queens,86
2023-10-02,C,Queens,139
2023-10-03,C,Queens,161
2023-10-04,C,Queens,181
2023-10-05,C,Queens,180
2023-10-06,C,Queens,142
2023-10-07,C,Queens,106
2023-10-08,C,Queens,83
2023-10-09,C,Queens,177
2023-10-10,C,Queens,155
2023-10-11,C,Queens,171
2023-10-12,C,Queens,143
2023-10-13,C,Queens,163
2023-10-14,C,Queens,80
2023-10-15,C,Queens,100
2023-10-16,C,Queens,163
2023-10-17,C,Queens,182
2023-10-18,C,Queens,174
2023-10-19,C,Queens,151
2023-10-20,C,Queens,129
2023-10-21,C,Queens,99
2023-10-22,C,Queens,80
2023-10-23,C,Queens,175
2023-10-24,C,Queens,173
2023-10-25,C,Queens,168
2023-10-26,C,Queens,137
2023-10-27,C,Queens,127
2023-10-28,C,Queens,96
2023-10-29,C,Queens,78
2023-10-30,C,Queens,149
2023-10-31,C,Queens,169
2023-11-01,C,Queens,121
2023-11-02,C,Queens,149
2023-11-03,C,Queens,146
2023-11-04,C,Queens,97
2023-11-05,C,Queens,76
2023-11-06,C,Queens,117
2023-11-07,C,Queens,139
2023-11-08,C,Queens,153
2023-11-09,C,Queens,171
2023-11-10,C,Queens,115
2023-11-11,C,Queens,67
2023-11-12,C,Queens,79
2023-11-13,C,Queens,124
2023-11-14,C,Queens,121
2023-11-15,C,Queens,147
2023-11-16,C,Queens,117
2023-11-17,C,Queens,130
2023-11-18,C,Queens,67
2023-11-19,C,Queens,77
2023-11-20,C,Queens,131
2023-11-21,C,Queens,148
2023-11-22,C,Queens,111
2023-11-23,C,Queens,159
2023-11-24,C,Queens,113
2023-11-25,C,Queens,85
2023-11-26,C,Queens,61
2023-11-27,C,Queens,160
2023-11-28,C,Queens,154
2023-11-29,C,Queens,144
2023-11-30,C,Queens,111
2023-12-01,C,Queens,146
2023-12-02,C,Queens,63
2023-12-03,C,Queens,60
2023-12-04,C,Queens,122
2023-12-05,C,Queens,150
2023-12-06,C,Queens,147
2023-12-07,C,Queens,135
2023-12-08,C,Queens,122
2023-12-09,C,Queens,69
2023-12-10,C,Queens,77
2023-12-11,C,Queens,107
2023-12-12,C,Queens,104
2023-12-13,C,Queens,134
2023-12-14,C,Queens,119
2023-12-15,C,Queens,102
2023-12-16,C,Queens,61
2023-12-17,C,Queens,64
2023-12-18,C,Queens,110
2023-12-19,C,Queens,129
2023-12-20,C,Queens,125
2023-12-21,C,Queens,124
2023-12-22,C,Queens,105
2023-12-23,C,Queens,73
2023-12-24,C,Queens,55
2023-12-25,C,Queens,130
2023-12-26,C,Queens,137
2023-12-27,C,Queens,123
2023-12-28,C,Queens,126
2023-12-29,C,Queens,125
2023-12-30,C,Queens,63
2023-12-31,C,Queens,70
2024-01-01,C,Queens,131
2024-01-02,C,Queens,101
2024-01-03,C,Queens,97
2024-01-04,C,Queens,94
2024-01-05,C,Queens,128
2024-01-06,C,Queens,59
2024-01-07,C,Queens,66
2024-01-08,C,Queens,110
2024-01-09,C,Queens,113
2024-01-10,C,Queens,124
2024-01-11,C,Queens,105
2024-01-12,C,Queens,99
2024-01-13,C,Queens,59
2024-01-14,C,Queens,52
2024-01-15,C,Queens,110
2024-01-16,C,Queens,118
2024-01-17,C,Queens,112
2024-01-18,C,Queens,103
2024-01-19,C,Queens,99
2024-01-20,C,Queens,56
2024-01-21,C,Queens,55
2024-01-22,C,Queens,95
2024-01-23,C,Queens,98
2024-01-24,C,Queens,98
2024-01-25,C,Queens,100
2024-01-26,C,Queens,89
2024-01-27,C,Queens,64
2024-01-28,C,Queens,61
2024-01-29,C,Queens,111
2024-01-30,C,Queens,107
2024-01-31,C,Queens,84
2024-02-01,C,Queens,119
2024-02-02,C,Queens,99
2024-02-03,C,Queens,49
2024-02-04,C,Queens,69
2024-02-05,C,Queens,109
2024-02-06,C,Queens,88
2024-02-07,C,Queens,112
2024-02-08,C,Queens,118
2024-02-09,C,Queens,112
2024-02-10,C,Queens,49
2024-02-11,C,Queens,51
2024-02-12,C,Queens,92
2024-02-13,C,Queens,91
2024-02-14,C,Queens,86
2024-02-15,C,Queens,110
2024-02-16,C,Queens,99
2024-02-17,C,Queens,48
2024-02-18,C,Queens,46
2024-02-19,C,Queens,97
2024-02-20,C,Queens,94
2024-02-21,C,Queens,84
2024-02-22,C,Queens,110
2024-02-23,C,Queens,90
2024-02-24,C,Queens,49
2024-02-25,C,Queens,46
2024-02-26,C,Queens,105
2024-02-27,C,Queens,85
2024-02-28,C,Queens,108
2024-02-29,C,Queens,101
2024-03-01,C,Queens,120
2024-03-02,C,Queens,53
2024-03-03,C,Queens,63
2024-03-04,C,Queens,96
2024-03-05,C,Queens,111
2024-03-06,C,Queens,104
2024-03-07,C,Queens,87
2024-03-08,C,Queens,100
2024-03-09,C,Queens,52
2024-03-10,C,Queens,64
2024-03-11,C,Queens,89
2024-03-12,C,Queens,110
2024-03-13,C,Queens,115
2024-03-14,C,Queens,91
2024-03-15,C,Queens,92
2024-03-16,C,Queens,65
2024-03-17,C,Queens,54
2024-03-18,C,Queens,85
2024-03-19,C,Queens,95
2024-03-20,C,Queens,104
2024-03-21,C,Queens,100
2024-03-22,C,Queens,109
2024-03-23,C,Queens,64
2024-03-24,C,Queens,52
2024-03-25,C,Queens,117
2024-03-26,C,Queens,117
2024-03-27,C,Queens,91
2024-03-28,C,Queens,121
2024-03-29,C,Queens,118
2024-03-30,C,Queens,72
2024-03-31,C,Queens,54
2024-04-01,C,Queens,125
2024-04-02,C,Queens,89
2024-04-03,C,Queens,125
2024-04-04,C,Queens,90
2024-04-05,C,Queens,93
2024-04-06,C,Queens,59
2024-04-07,C,Queens,56
2024-04-08,C,Queens,127
2024-04-09,C,Queens,107
2024-04-10,C,Queens,94
2024-04-11,C,Queens,130
2024-04-12,C,Queens,108
2024-04-13,C,Queens,51
2024-04-14,C,Queens,72
2024-04-15,C,Queens,132
2024-04-16,C,Queens,124
2024-04-17,C,Queens,132
2024-04-18,C,Queens,97
2024-04-19,C,Queens,114
2024-04-20,C,Queens,72
2024-04-21,C,Queens,68
2024-04-22,C,Queens,126
2024-04-23,C,Queens,132
2024-04-24,C,Queens,104
2024-04-25,C,Queens,132
2024-04-26,C,Queens,96
2024-04-27,C,Queens,65
2024-04-28,C,Queens,60
2024-04-29,C,Queens,112
2024-04-30,C,Queens,114
2024-05-01,C,Queens,143
2024-05-02,C,Queens,140
2024-05-03,C,Queens,115
2024-05-04,C,Queens,63
2024-05-05,C,Queens,82
2024-05-06,C,Queens,124
2024-05-07,C,Queens,142
2024-05-08,C,Queens,146
2024-05-09,C,Queens,125
2024-05-10,C,Queens,152
2024-05-11,C,Queens,64
2024-05-12,C,Queens,72
2024-05-13,C,Queens,141
2024-05-14,C,Queens,136
2024-05-15,C,Queens,151
2024-05-16,C,Queens,139
2024-05-17,C,Queens,148
2024-05-18,C,Queens,62
2024-05-19,C,Queens,66
2024-05-20,C,Queens,158
2024-05-21,C,Queens,149
2024-05-22,C,Queens,131
2024-05-23,C,Queens,151
2024-05-24,C,Queens,157
2024-05-25,C,Queens,76
2024-05-26,C,Queens,71
2024-05-27,C,Queens,146
2024-05-28,C,Queens,130
2024-05-29,C,Queens,152
2024-05-30,C,Queens,146
2024-05-31,C,Queens,149
2024-06-01,C,Queens,85
2024-06-02,C,Queens,94
2024-06-03,C,Queens,133
2024-06-04,C,Queens,133
2024-06-05,C,Queens,153
2024-06-06,C,Queens,155
2024-06-07,C,Queens,164
2024-06-08,C,Queens,68
2024-06-09,C,Queens,84
2024-06-10,C,Queens,137
2024-06-11,C,Queens,155
2024-06-12,C,Queens,177
2024-06-13,C,Queens,145
2024-06-14,C,Queens,135
2024-06-15,C,Queens,98
2024-06-16,C,Queens,76
2024-06-17,C,Queens,163
2024-06-18,C,Queens,150
2024-06-19,C,Queens,162
2024-06-20,C,Queens,124
2024-06-21,C,Queens,139
2024-06-22,C,Queens,99
2024-06-23,C,Queens,97
2024-06-24,C,Queens,145
2024-06-25,C,Queens,134
2024-06-26,C,Queens,175
2024-06-27,C,Queens,173
2024-06-28,C,Queens,141
2024-06-29,C,Queens,101
2024-06-30,C,Queens,94
2024-07-01,C,Queens,161
2024-07-02,C,Queens,185
2024-07-03,C,Queens,171
2024-07-04,C,Queens,186
2024-07-05,C,Queens,188
2024-07-06,C,Queens,100
2024-07-07,C,Queens,90
2024-07-08,C,Queens,150
2024-07-09,C,Queens,195
2024-07-10,C,Queens,147
2024-07-11,C,Queens,143
2024-07-12,C,Queens,162
2024-07-13,C,Queens,91
2024-07-14,C,Queens,91
2024-07-15,C,Queens,170
2024-07-16,C,Queens,160
2024-07-17,C,Queens,194
2024-07-18,C,Queens,201
2024-07-19,C,Queens,200
2024-07-20,C,Queens,81
2024-07-21,C,Queens,87
2024-07-22,C,Queens,174
2024-07-23,C,Queens,192
2024-07-24,C,Queens,197
2024-07-25,C,Queens,163
2024-07-26,C,Queens,197
2024-07-27,C,Queens,91
2024-07-28,C,Queens,107
2024-07-29,C,Queens,208
2024-07-30,C,Queens,150
2024-07-31,C,Queens,190
2024-08-01,C,Queens,194
2024-08-02,C,Queens,179
2024-08-03,C,Queens,96
2024-08-04,C,Queens,95
2024-08-05,C,Queens,177
2024-08-06,C,Queens,193
2024-08-07,C,Queens,202
2024-08-08,C,Queens,197
2024-08-09,C,Queens,150
2024-08-10,C,Queens,90
2024-08-11,C,Queens,111
2024-08-12,C,Queens,153
2024-08-13,C,Queens,213
2024-08-14,C,Queens,143
2024-08-15,C,Queens,175
2024-08-16,C,Queens,195
2024-08-17,C,Queens,85
2024-08-18,C,Queens,115
2024-08-19,C,Queens,164
2024-08-20,C,Queens,197
2024-08-21,C,Queens,153
2024-08-22,C,Queens,165
2024-08-23,C,Queens,170
2024-08-24,C,Queens,113
2024-08-25,C,Queens,101
2024-08-26,C,Queens,213
2024-08-27,C,Queens,160
2024-08-28,C,Queens,148
2024-08-29,C,Queens,153
2024-08-30,C,Queens,151
2024-08-31,C,Queens,122
2024-09-01,C,Queens,118
2024-09-02,C,Queens,176
2024-09-03,C,Queens,168
2024-09-04,C,Queens,178
2024-09-05,C,Queens,189
2024-09-06,C,Queens,195
2024-09-07,C,Queens,99
2024-09-08,C,Queens,104
2024-09-09,C,Queens,179
2024-09-10,C,Queens,182
2024-09-11,C,Queens,161
2024-09-12,C,Queens,213
2024-09-13,C,Queens,199
2024-09-14,C,Queens,85
2024-09-15,C,Queens,84
2024-09-16,C,Queens,163
2024-09-17,C,Queens,196
2024-09-18,C,Queens,147
2024-09-19,C,Queens,212
2024-09-20,C,Queens,182
2024-09-21,C,Queens,80
2024-09-22,C,Queens,116
2024-09-23,C,Queens,149
2024-09-24,C,Queens,165
2024-09-25,C,Queens,167
2024-09-26,C,Queens,203
2024-09-27,C,Queens,179
2024-09-28,C,Queens,81
2024-09-29,C,Queens,102
2024-09-30,C,Queens,195
2024-10-01,C,Queens,197
2024-10-02,C,Queens,162
2024-10-03,C,Queens,167
2024-10-04,C,Queens,155
2024-10-05,C,Queens,98
2024-10-06,C,Queens,107
2024-10-07,C,Queens,193
2024-10-08,C,Queens,144
2024-10-09,C,Queens,148
2024-10-10,C,Queens,157
2024-10-11,C,Queens,150
2024-10-12,C,Queens,106
2024-10-13,C,Queens,92
2024-10-14,C,Queens,157
2024-10-15,C,Queens,151
2024-10-16,C,Queens,156
2024-10-17,C,Queens,190
2024-10-18,C,Queens,189
2024-10-19,C,Queens,86
2024-10-20,C,Queens,86
2024-10-21,C,Queens,183
2024-10-22,C,Queens,176
2024-10-23,C,Queens,143
2024-10-24,C,Queens,156
2024-10-25,C,Queens,170
2024-10-26,C,Queens,111
2024-10-27,C,Queens,92
2024-10-28,C,Queens,196
2024-10-29,C,Queens,131
2024-10-30,C,Queens,179
2024-10-31,C,Queens,160
2024-11-01,C,Queens,132
2024-11-02,C,Queens,107
2024-11-03,C,Queens,80
2024-11-04,C,Queens,140
2024-11-05,C,Queens,150
2024-11-06,C,Queens,146
2024-11-07,C,Queens,146
2024-11-08,C,Queens,144
2024-11-09,C,Queens,105
2024-11-10,C,Queens,95
2024-11-11,C,Queens,176
2024-11-12,C,Queens,170
2024-11-13,C,Queens,183
2024-11-14,C,Queens,129
2024-11-15,C,Queens,124
2024-11-16,C,Queens,87
2024-11-17,C,Queens,80
2024-11-18,C,Queens,125
2024-11-19,C,Queens,168
2024-11-20,C,Queens,123
2024-11-21,C,Queens,137
2024-11-22,C,Queens,137
2024-11-23,C,Queens,81
2024-11-24,C,Queens,75
2024-11-25,C,Queens,139
2024-11-26,C,Queens,166
2024-11-27,C,Queens,171
2024-11-28,C,Queens,153
2024-11-29,C,Queens,141
2024-11-30,C,Queens,98
2024-12-01,C,Queens,87
2024-12-02,C,Queens,134
2024-12-03,C,Queens,136
2024-12-04,C,Queens,116
2024-12-05,C,Queens,121
2024-12-06,C,Queens,131
2024-12-07,C,Queens,83
2024-12-08,C,Queens,82
2024-12-09,C,Queens,137
2024-12-10,C,Queens,121
2024-12-11,C,Queens,148
2024-12-12,C,Queens,136
2024-12-13,C,Queens,126
2024-12-14,C,Queens,80
2024-12-15,C,Queens,70
2024-12-16,C,Queens,120
2024-12-17,C,Queens,136
2024-12-18,C,Queens,142
2024-12-19,C,Queens,122
2024-12-20,C,Queens,148
2024-12-21,C,Queens,66
2024-12-22,C,Queens,89
2024-12-23,C,Queens,127
2024-12-24,C,Queens,151
2024-12-25,C,Queens,137
2024-12-26,C,Queens,129
2024-12-27,C,Queens,120
2024-12-28,C,Queens,78
2024-12-29,C,Queens,80
2024-12-30,C,Queens,154
2024-12-31,C,Queens,123
2025-01-01,C,Queens,121
2025-01-02,C,Queens,129
2025-01-03,C,Queens,152
2025-01-04,C,Queens,69
2025-01-05,C,Queens,58
2025-01-06,C,Queens,115
2025-01-07,C,Queens,114
2025-01-08,C,Queens,150
2025-01-09,C,Queens,141
2025-01-10,C,Queens,132
2025-01-11,C,Queens,81
2025-01-12,C,Queens,66
2025-01-13,C,Queens,105
2025-01-14,C,Queens,144
2025-01-15,C,Queens,111
2025-01-16,C,Queens,101
2025-01-17,C,Queens,116
2025-01-18,C,Queens,60
2025-01-19,C,Queens,78
2025-01-20,C,Queens,113
2025-01-21,C,Queens,118
2025-01-22,C,Queens,105
2025-01-23,C,Queens,131
2025-01-24,C,Queens,133
2025-01-25,C,Queens,80
2025-01-26,C,Queens,56
2025-01-27,C,Queens,112
2025-01-28,C,Queens,138
2025-01-29,C,Queens,122
2025-01-30,C,Queens,102
2025-01-31,C,Queens,104
2025-02-01,C,Queens,63
2025-02-02,C,Queens,62
2025-02-03,C,Queens,134
2025-02-04,C,Queens,111
2025-02-05,C,Queens,138
2025-02-06,C,Queens,111
2025-02-07,C,Queens,120
2025-02-08,C,Queens,57
2025-02-09,C,Queens,69
2025-02-10,C,Queens,110
2025-02-11,C,Queens,107
2025-02-12,C,Queens,126
2025-02-13,C,Queens,128
2025-02-14,C,Queens,105
2025-02-15,C,Queens,56
2025-02-16,C,Queens,61
2025-02-17,C,Queens,109
2025-02-18,C,Queens,109
2025-02-19,C,Queens,125
2025-02-20,C,Queens,122
2025-02-21,C,Queens,121
2025-02-22,C,Queens,58
2025-02-23,C,Queens,54
2025-02-24,C,Queens,93
2025-02-25,C,Queens,91
2025-02-26,C,Queens,90
2025-02-27,C,Queens,91
2025-02-28,C,Queens,97
2025-03-01,C,Queens,59
2025-03-02,C,Queens,51
2025-03-03,C,Queens,111
2025-03-04,C,Queens,132
2025-03-05,C,Queens,121
2025-03-06,C,Queens,115
2025-03-07,C,Queens,127
2025-03-08,C,Queens,74
2025-03-09,C,Queens,54
2025-03-10,C,Queens,92
2025-03-11,C,Queens,106
2025-03-12,C,Queens,116
2025-03-13,C,Queens,123
2025-03-14,C,Queens,121
2025-03-15,C,Queens,76
2025-03-16,C,Queens,73
2025-03-17,C,Queens,137
2025-03-18,C,Queens,107
2025-03-19,C,Queens,131
2025-03-20,C,Queens,133
2025-03-21,C,Queens,105
2025-03-22,C,Queens,64
2025-03-23,C,Queens,65
2025-03-24,C,Queens,117
2025-03-25,C,Queens,137
2025-03-26,C,Queens,116
2025-03-27,C,Queens,111
2025-03-28,C,Queens,141
2025-03-29,C,Queens,66
2025-03-30,C,Queens,54
2025-03-31,C,Queens,134
2025-04-01,C,Queens,130
2025-04-02,C,Queens,131
2025-04-03,C,Queens,126
2025-04-04,C,Queens,124
2025-04-05,C,Queens,67
2025-04-06,C,Queens,55
2025-04-07,C,Queens,130
2025-04-08,C,Queens,137
2025-04-09,C,Queens,129
2025-04-10,C,Queens,146
2025-04-11,C,Queens,126
2025-04-12,C,Queens,60
2025-04-13,C,Queens,62
2025-04-14,C,Queens,113
2025-04-15,C,Queens,123
2025-04-16,C,Queens,129
2025-04-17,C,Queens,112
2025-04-18,C,Queens,143
2025-04-19,C,Queens,61
2025-04-20,C,Queens,59
2025-04-21,C,Queens,136
2025-04-22,C,Queens,137
2025-04-23,C,Queens,131
2025-04-24,C,Queens,147
2025-04-25,C,Queens,109
2025-04-26,C,Queens,82
2025-04-27,C,Queens,69
2025-04-28,C,Queens,123
2025-04-29,C,Queens,152
2025-04-30,C,Queens,138
2025-05-01,C,Queens,127
2025-05-02,C,Queens,114
2025-05-03,C,Queens,92
2025-05-04,C,Queens,77
2025-05-05,C,Queens,157
2025-05-06,C,Queens,128
2025-05-07,C,Queens,119
2025-05-08,C,Queens,148
2025-05-09,C,Queens,146
2025-05-10,C,Queens,72
2025-05-11,C,Queens,89
2025-05-12,C,Queens,144
2025-05-13,C,Queens,117
2025-05-14,C,Queens,146
2025-05-15,C,Queens,129
2025-05-16,C,Queens,169
2025-05-17,C,Queens,71
2025-05-18,C,Queens,77
2025-05-19,C,Queens,163
2025-05-20,C,Queens,149
2025-05-21,C,Queens,151
2025-05-22,C,Queens,140
2025-05-23,C,Queens,131
2025-05-24,C,Queens,86
2025-05-25,C,Queens,97
2025-05-26,C,Queens,125
2025-05-27,C,Queens,141
2025-05-28,C,Queens,160
2025-05-29,C,Queens,128
2025-05-30,C,Queens,142
2025-05-31,C,Queens,84
2025-06-01,C,Queens,74
2025-06-02,C,Queens,179
2025-06-03,C,Queens,181
2025-06-04,C,Queens,180
2025-06-05,C,Queens,181
2025-06-06,C,Queens,171
2025-06-07,C,Queens,87
2025-06-08,C,Queens,81
2025-06-09,C,Queens,144
2025-06-10,C,Queens,184
2025-06-11,C,Queens,156
2025-06-12,C,Queens,184
2025-06-13,C,Queens,151
2025-06-14,C,Queens,80
2025-06-15,C,Queens,96
2025-06-16,C,Queens,191
2025-06-17,C,Queens,144
2025-06-18,C,Queens,167
2025-06-19,C,Queens,146
2025-06-20,C,Queens,193
2025-06-21,C,Queens,100
2025-06-22,C,Queens,94
2025-06-23,C,Queens,198
2025-06-24,C,Queens,156
2025-06-25,C,Queens,196
2025-06-26,C,Queens,166
2025-06-27,C,Queens,156
2025-06-28,C,Queens,112
2025-06-29,C,Queens,86
2025-06-30,C,Queens,194
2025-07-01,C,Queens,189
2025-07-02,C,Queens,167
2025-07-03,C,Queens,162
2025-07-04,C,Queens,193
2025-07-05,C,Queens,99
2025-07-06,C,Queens,107
2025-07-07,C,Queens,190
2025-07-08,C,Queens,146
2025-07-09,C,Queens,147
2025-07-10,C,Queens,186
2025-07-11,C,Queens,198
2025-07-12,C,Queens,96
2025-07-13,C,Queens,85
2025-07-14,C,Queens,199
2025-07-15,C,Queens,199
2025-07-16,C,Queens,171
2025-07-17,C,Queens,218
2025-07-18,C,Queens,166
2025-07-19,C,Queens,101
2025-07-20,C,Queens,109
2025-07-21,C,Queens,164
2025-07-22,C,Queens,214
2025-07-23,C,Queens,189
2025-07-24,C,Queens,166
2025-07-25,C,Queens,184
2025-07-26,C,Queens,115
2025-07-27,C,Queens,86
2025-07-28,C,Queens,195
2025-07-29,C,Queens,187
2025-07-30,C,Queens,215
2025-07-31,C,Queens,215
2025-08-01,C,Queens,196
2025-08-02,C,Queens,94
2025-08-03,C,Queens,123
2025-08-04,C,Queens,166
2025-08-05,C,Queens,165
2025-08-06,C,Queens,194
2025-08-07,C,Queens,172
2025-08-08,C,Queens,168
2025-08-09,C,Queens,108
2025-08-10,C,Queens,127
2025-08-11,C,Queens,171
2025-08-12,C,Queens,159
2025-08-13,C,Queens,190
2025-08-14,C,Queens,165
2025-08-15,C,Queens,190
2025-08-16,C,Queens,101
2025-08-17,C,Queens,96
2025-08-18,C,Queens,205
2025-08-19,C,Queens,223
2025-08-20,C,Queens,229
2025-08-21,C,Queens,199
2025-08-22,C,Queens,195
2025-08-23,C,Queens,94
2025-08-24,C,Queens,112
2025-08-25,C,Queens,174
2025-08-26,C,Queens,194
2025-08-27,C,Queens,201
2025-08-28,C,Queens,169
2025-08-29,C,Queens,210
2025-08-30,C,Queens,111
2025-08-31,C,Queens,103
2025-09-01,C,Queens,168
2025-09-02,C,Queens,165
2025-09-03,C,Queens,162
2025-09-04,C,Queens,201
2025-09-05,C,Queens,165
2025-09-06,C,Queens,127
2025-09-07,C,Queens,128
2025-09-08,C,Queens,216
2025-09-09,C,Queens,217
2025-09-10,C,Queens,178
2025-09-11,C,Queens,190
2025-09-12,C,Queens,226
2025-09-13,C,Queens,100
2025-09-14,C,Queens,112
2025-09-15,C,Queens,167
2025-09-16,C,Queens,204
2025-09-17,C,Queens,181
2025-09-18,C,Queens,234
2025-09-19,C,Queens,175
2025-09-20,C,Queens,120
2025-09-21,C,Queens,102
2025-09-22,C,Queens,178
2025-09-23,C,Queens,233
2025-09-24,C,Queens,185
2025-09-25,C,Queens,159
2025-09-26,C,Queens,228
2025-09-27,C,Queens,107
2025-09-28,C,Queens,99
2025-09-29,C,Queens,228
2025-09-30,C,Queens,207
2025-10-01,C,Queens,181
2025-10-02,C,Queens,165
2025-10-03,C,Queens,181
2025-10-04,C,Queens,110
2025-10-05,C,Queens,107
2025-10-06,C,Queens,163
2025-10-07,C,Queens,191
2025-10-08,C,Queens,162
2025-10-09,C,Queens,212
2025-10-10,C,Queens,178
2025-10-11,C,Queens,101
2025-10-12,C,Queens,111
2025-10-13,C,Queens,166
2025-10-14,C,Queens,189
2025-10-15,C,Queens,216
2025-10-16,C,Queens,215
2025-10-17,C,Queens,191
2025-10-18,C,Queens,117
2025-10-19,C,Queens,86
2025-10-20,C,Queens,172
2025-10-21,C,Queens,175
2025-10-22,C,Queens,203
2025-10-23,C,Queens,163
2025-10-24,C,Queens,188
2025-10-25,C,Queens,105
2025-10-26,C,Queens,115
2025-10-27,C,Queens,156
2025-10-28,C,Queens,186
2025-10-29,C,Queens,155
2025-10-30,C,Queens,185
2025-10-31,C,Queens,165
2025-11-01,C,Queens,117
2025-11-02,C,Queens,106
2025-11-03,C,Queens,211
2025-11-04,C,Queens,146
2025-11-05,C,Queens,173
2025-11-06,C,Queens,160
2025-11-07,C,Queens,170
2025-11-08,C,Queens,86
2025-11-09,C,Queens,95
2025-11-10,C,Queens,188
2025-11-11,C,Queens,157
2025-11-12,C,Queens,160
2025-11-13,C,Queens,204
2025-11-14,C,Queens,163
2025-11-15,C,Queens,106
2025-11-16,C,Queens,98
2025-11-17,C,Queens,185
2025-11-18,C,Queens,164
2025-11-19,C,Queens,198
2025-11-20,C,Queens,189
2025-11-21,C,Queens,175
2025-11-22,C,Queens,88
2025-11-23,C,Queens,75
2025-11-24,C,Queens,162
2025-11-25,C,Queens,177
2025-11-26,C,Queens,189
2025-11-27,C,Queens,154
2025-11-28,C,Queens,150
2025-11-29,C,Queens,88
2025-11-30,C,Queens,84
2025-12-01,C,Queens,157
2025-12-02,C,Queens,157
2025-12-03,C,Queens,187
2025-12-04,C,Queens,134
2025-12-05,C,Queens,148
2025-12-06,C,Queens,85
2025-12-07,C,Queens,102
2025-12-08,C,Queens,164
2025-12-09,C,Queens,142
2025-12-10,C,Queens,143
2025-12-11,C,Queens,144
2025-12-12,C,Queens,159
2025-12-13,C,Queens,103
2025-12-14,C,Queens,86
2025-12-15,C,Queens,164
2025-12-16,C,Queens,133
2025-12-17,C,Queens,138
2025-12-18,C,Queens,144
2025-12-19,C,Queens,122
2025-12-20,C,Queens,97
2025-12-21,C,Queens,98
2025-12-22,C,Queens,118
2025-12-23,C,Queens,133
2025-12-24,C,Queens,172
2025-12-25,C,Queens,144
2025-12-26,C,Queens,130
2025-12-27,C,Queens,83
2025-12-28,C,Queens,78
2025-12-29,C,Queens,165
2025-12-30,C,Queens,154
2025-12-31,C,Queens,161
2026-01-01,C,Queens,158
2026-01-02,C,Queens,137
2026-01-03,C,Queens,78
2026-01-04,C,Queens,68
2026-01-05,C,Queens,148
2026-01-06,C,Queens,118
2026-01-07,C,Queens,113
2026-01-08,C,Queens,164
2026-01-09,C,Queens,120
2026-01-10,C,Queens,63
2026-01-11,C,Queens,84
2026-01-12,C,Queens,113
2026-01-13,C,Queens,159
2026-01-14,C,Queens,151
2026-01-15,C,Queens,138
2026-01-16,C,Queens,146
2026-01-17,C,Queens,70
2026-01-18,C,Queens,85
2026-01-19,C,Queens,110
2026-01-20,C,Queens,155
2026-01-21,C,Queens,156
2026-01-22,C,Queens,137
2026-01-23,C,Queens,127
2026-01-24,C,Queens,79
2026-01-25,C,Queens,60
2026-01-26,C,Queens,108
2026-01-27,C,Queens,146
2026-01-28,C,Queens,153
2026-01-29,C,Queens,141
2026-01-30,C,Queens,151
2026-01-31,C,Queens,72
2026-02-01,C,Queens,75
2026-02-02,C,Queens,142
2026-02-03,C,Queens,109
2026-02-04,C,Queens,113
2026-02-05,C,Queens,150
2026-02-06,C,Queens,141
2026-02-07,C,Queens,78
2026-02-08,C,Queens,73
2026-02-09,C,Queens,144
2026-02-10,C,Queens,129
2026-02-11,C,Queens,107
2026-02-12,C,Queens,134
2026-02-13,C,Queens,110
2021-02-14,D,Bronx,31
2021-02-15,D,Bronx,51
2021-02-16,D,Bronx,53
2021-02-17,D,Bronx,52
2021-02-18,D,Bronx,62
2021-02-19,D,Bronx,47
2021-02-20,D,Bronx,29
2021-02-21,D,Bronx,30
2021-02-22,D,Bronx,59
2021-02-23,D,Bronx,43
2021-02-24,D,Bronx,42
2021-02-25,D,Bronx,48
2021-02-26,D,Bronx,53
2021-02-27,D,Bronx,34
2021-02-28,D,Bronx,34
2021-03-01,D,Bronx,45
2021-03-02,D,Bronx,50
2021-03-03,D,Bronx,55
2021-03-04,D,Bronx,61
2021-03-05,D,Bronx,47
2021-03-06,D,Bronx,29
2021-03-07,D,Bronx,27
2021-03-08,D,Bronx,59
2021-03-09,D,Bronx,44
2021-03-10,D,Bronx,44
2021-03-11,D,Bronx,58
2021-03-12,D,Bronx,48
2021-03-13,D,Bronx,25
2021-03-14,D,Bronx,24
2021-03-15,D,Bronx,43
2021-03-16,D,Bronx,48
2021-03-17,D,Bronx,46
2021-03-18,D,Bronx,60
2021-03-19,D,Bronx,53
2021-03-20,D,Bronx,30
2021-03-21,D,Bronx,34
2021-03-22,D,Bronx,52
2021-03-23,D,Bronx,62
2021-03-24,D,Bronx,54
2021-03-25,D,Bronx,46
2021-03-26,D,Bronx,48
2021-03-27,D,Bronx,36
2021-03-28,D,Bronx,35
2021-03-29,D,Bronx,47
2021-03-30,D,Bronx,45
2021-03-31,D,Bronx,48
2021-04-01,D,Bronx,55
2021-04-02,D,Bronx,64
2021-04-03,D,Bronx,37
2021-04-04,D,Bronx,29
2021-04-05,D,Bronx,59
2021-04-06,D,Bronx,47
2021-04-07,D,Bronx,55
2021-04-08,D,Bronx,54
2021-04-09,D,Bronx,56
2021-04-10,D,Bronx,26
2021-04-11,D,Bronx,27
2021-04-12,D,Bronx,48
2021-04-13,D,Bronx,50
2021-04-14,D,Bronx,57
2021-04-15,D,Bronx,53
2021-04-16,D,Bronx,53
2021-04-17,D,Bronx,38
2021-04-18,D,Bronx,34
2021-04-19,D,Bronx,62
2021-04-20,D,Bronx,64
2021-04-21,D,Bronx,69
2021-04-22,D,Bronx,53
2021-04-23,D,Bronx,54
2021-04-24,D,Bronx,29
2021-04-25,D,Bronx,31
2021-04-26,D,Bronx,49
2021-04-27,D,Bronx,52
2021-04-28,D,Bronx,63
2021-04-29,D,Bronx,59
2021-04-30,D,Bronx,65
2021-05-01,D,Bronx,31
2021-05-02,D,Bronx,40
2021-05-03,D,Bronx,59
2021-05-04,D,Bronx,59
2021-05-05,D,Bronx,62
2021-05-06,D,Bronx,69
2021-05-07,D,Bronx,64
2021-05-08,D,Bronx,38
2021-05-09,D,Bronx,42
2021-05-10,D,Bronx,62
2021-05-11,D,Bronx,73
2021-05-12,D,Bronx,56
2021-05-13,D,Bronx,73
2021-05-14,D,Bronx,55
2021-05-15,D,Bronx,42
2021-05-16,D,Bronx,40
2021-05-17,D,Bronx,61
2021-05-18,D,Bronx,70
2021-05-19,D,Bronx,77
2021-05-20,D,Bronx,81
2021-05-21,D,Bronx,78
2021-05-22,D,Bronx,45
2021-05-23,D,Bronx,37
2021-05-24,D,Bronx,62
2021-05-25,D,Bronx,62
2021-05-26,D,Bronx,57
2021-05-27,D,Bronx,79
2021-05-28,D,Bronx,73
2021-05-29,D,Bronx,40
2021-05-30,D,Bronx,36
2021-05-31,D,Bronx,84
2021-06-01,D,Bronx,69
2021-06-02,D,Bronx,67
2021-06-03,D,Bronx,75
2021-06-04,D,Bronx,80
2021-06-05,D,Bronx,49
2021-06-06,D,Bronx,38
2021-06-07,D,Bronx,78
2021-06-08,D,Bronx,76
2021-06-09,D,Bronx,76
2021-06-10,D,Bronx,87
2021-06-11,D,Bronx,74
2021-06-12,D,Bronx,47
2021-06-13,D,Bronx,43
2021-06-14,D,Bronx,61
2021-06-15,D,Bronx,61
2021-06-16,D,Bronx,87
2021-06-17,D,Bronx,88
2021-06-18,D,Bronx,75
2021-06-19,D,Bronx,52
2021-06-20,D,Bronx,42
2021-06-21,D,Bronx,80
2021-06-22,D,Bronx,94
2021-06-23,D,Bronx,75
2021-06-24,D,Bronx,75
2021-06-25,D,Bronx,75
2021-06-26,D,Bronx,40
2021-06-27,D,Bronx,46
2021-06-28,D,Bronx,74
2021-06-29,D,Bronx,94
2021-06-30,D,Bronx,91
2021-07-01,D,Bronx,90
2021-07-02,D,Bronx,68
2021-07-03,D,Bronx,44
2021-07-04,D,Bronx,49
2021-07-05,D,Bronx,76
2021-07-06,D,Bronx,78
2021-07-07,D,Bronx,96
2021-07-08,D,Bronx,72
2021-07-09,D,Bronx,87
2021-07-10,D,Bronx,55
2021-07-11,D,Bronx,43
2021-07-12,D,Bronx,69
2021-07-13,D,Bronx,92
2021-07-14,D,Bronx,97
2021-07-15,D,Bronx,97
2021-07-16,D,Bronx,93
2021-07-17,D,Bronx,40
2021-07-18,D,Bronx,49
2021-07-19,D,Bronx,88
2021-07-20,D,Bronx,81
2021-07-21,D,Bronx,96
2021-07-22,D,Bronx,86
2021-07-23,D,Bronx,104
2021-07-24,D,Bronx,57
2021-07-25,D,Bronx,55
2021-07-26,D,Bronx,93
2021-07-27,D,Bronx,97
2021-07-28,D,Bronx,105
2021-07-29,D,Bronx,88
2021-07-30,D,Bronx,73
2021-07-31,D,Bronx,43
2021-08-01,D,Bronx,50
2021-08-02,D,Bronx,91
2021-08-03,D,Bronx,98
2021-08-04,D,Bronx,105
2021-08-05,D,Bronx,97
2021-08-06,D,Bronx,71
2021-08-07,D,Bronx,50
2021-08-08,D,Bronx,55
2021-08-09,D,Bronx,80
2021-08-10,D,Bronx,75
2021-08-11,D,Bronx,105
2021-08-12,D,Bronx,86
2021-08-13,D,Bronx,85
2021-08-14,D,Bronx,42
2021-08-15,D,Bronx,54
2021-08-16,D,Bronx,101
2021-08-17,D,Bronx,82
2021-08-18,D,Bronx,97
2021-08-19,D,Bronx,97
2021-08-20,D,Bronx,102
2021-08-21,D,Bronx,53
2021-08-22,D,Bronx,47
2021-08-23,D,Bronx,76
2021-08-24,D,Bronx,93
2021-08-25,D,Bronx,92
2021-08-26,D,Bronx,95
2021-08-27,D,Bronx,81
2021-08-28,D,Bronx,58
2021-08-29,D,Bronx,52
2021-08-30,D,Bronx,105
2021-08-31,D,Bronx,109
2021-09-01,D,Bronx,107
2021-09-02,D,Bronx,96
2021-09-03,D,Bronx,77
2021-09-04,D,Bronx,56
2021-09-05,D,Bronx,54
2021-09-06,D,Bronx,74
2021-09-07,D,Bronx,90
2021-09-08,D,Bronx,88
2021-09-09,D,Bronx,84
2021-09-10,D,Bronx,99
2021-09-11,D,Bronx,56
2021-09-12,D,Bronx,45
2021-09-13,D,Bronx,104
2021-09-14,D,Bronx,99
2021-09-15,D,Bronx,100
2021-09-16,D,Bronx,76
2021-09-17,D,Bronx,80
2021-09-18,D,Bronx,52
2021-09-19,D,Bronx,54
2021-09-20,D,Bronx,96
2021-09-21,D,Bronx,105
2021-09-22,D,Bronx,92
2021-09-23,D,Bronx,95
2021-09-24,D,Bronx,100
2021-09-25,D,Bronx,54
2021-09-26,D,Bronx,54
2021-09-27,D,Bronx,107
2021-09-28,D,Bronx,77
2021-09-29,D,Bronx,95
2021-09-30,D,Bronx,86
2021-10-01,D,Bronx,81
2021-10-02,D,Bronx,43
2021-10-03,D,Bronx,48
2021-10-04,D,Bronx,78
2021-10-05,D,Bronx,75
2021-10-06,D,Bronx,103
2021-10-07,D,Bronx,86
2021-10-08,D,Bronx,106
2021-10-09,D,Bronx,54
2021-10-10,D,Bronx,58
2021-10-11,D,Bronx,102
2021-10-12,D,Bronx,84
2021-10-13,D,Bronx,88
2021-10-14,D,Bronx,102
2021-10-15,D,Bronx,81
2021-10-16,D,Bronx,43
2021-10-17,D,Bronx,54
2021-10-18,D,Bronx,92
2021-10-19,D,Bronx,103
2021-10-20,D,Bronx,99
2021-10-21,D,Bronx,70
2021-10-22,D,Bronx,88
2021-10-23,D,Bronx,53
2021-10-24,D,Bronx,41
2021-10-25,D,Bronx,92
2021-10-26,D,Bronx,82
2021-10-27,D,Bronx,81
2021-10-28,D,Bronx,84
2021-10-29,D,Bronx,81
2021-10-30,D,Bronx,52
2021-10-31,D,Bronx,46
2021-11-01,D,Bronx,98
2021-11-02,D,Bronx,69
2021-11-03,D,Bronx,74
2021-11-04,D,Bronx,93
2021-11-05,D,Bronx,81
2021-11-06,D,Bronx,54
2021-11-07,D,Bronx,45
2021-11-08,D,Bronx,69
2021-11-09,D,Bronx,68
2021-11-10,D,Bronx,77
2021-11-11,D,Bronx,80
2021-11-12,D,Bronx,70
2021-11-13,D,Bronx,50
2021-11-14,D,Bronx,45
2021-11-15,D,Bronx,74
2021-11-16,D,Bronx,66
2021-11-17,D,Bronx,69
2021-11-18,D,Bronx,86
2021-11-19,D,Bronx,72
2021-11-20,D,Bronx,36
2021-11-21,D,Bronx,41
2021-11-22,D,Bronx,75
2021-11-23,D,Bronx,68
2021-11-24,D,Bronx,62
2021-11-25,D,Bronx,91
2021-11-26,D,Bronx,74
2021-11-27,D,Bronx,35
2021-11-28,D,Bronx,45
2021-11-29,D,Bronx,66
2021-11-30,D,Bronx,86
2021-12-01,D,Bronx,73
2021-12-02,D,Bronx,64
2021-12-03,D,Bronx,78
2021-12-04,D,Bronx,41
2021-12-05,D,Bronx,43
2021-12-06,D,Bronx,58
2021-12-07,D,Bronx,65
2021-12-08,D,Bronx,67
2021-12-09,D,Bronx,69
2021-12-10,D,Bronx,84
2021-12-11,D,Bronx,41
2021-12-12,D,Bronx,39
2021-12-13,D,Bronx,70
2021-12-14,D,Bronx,72
2021-12-15,D,Bronx,83
2021-12-16,D,Bronx,59
2021-12-17,D,Bronx,65
2021-12-18,D,Bronx,39
2021-12-19,D,Bronx,46
2021-12-20,D,Bronx,59
2021-12-21,D,Bronx,77
2021-12-22,D,Bronx,66
2021-12-23,D,Bronx,67
2021-12-24,D,Bronx,80
2021-12-25,D,Bronx,43
2021-12-26,D,Bronx,45
2021-12-27,D,Bronx,67
2021-12-28,D,Bronx,59
2021-12-29,D,Bronx,59
2021-12-30,D,Bronx,76
2021-12-31,D,Bronx,61
2022-01-01,D,Bronx,41
2022-01-02,D,Bronx,39
2022-01-03,D,Bronx,77
2022-01-04,D,Bronx,58
2022-01-05,D,Bronx,73
2022-01-06,D,Bronx,72
2022-01-07,D,Bronx,52
2022-01-08,D,Bronx,34
2022-01-09,D,Bronx,41
2022-01-10,D,Bronx,68
2022-01-11,D,Bronx,67
2022-01-12,D,Bronx,70
2022-01-13,D,Bronx,65
2022-01-14,D,Bronx,61
2022-01-15,D,Bronx,34
2022-01-16,D,Bronx,40
2022-01-17,D,Bronx,68
2022-01-18,D,Bronx,73
2022-01-19,D,Bronx,69
2022-01-20,D,Bronx,53
2022-01-21,D,Bronx,67
2022-01-22,D,Bronx,34
2022-01-23,D,Bronx,33
2022-01-24,D,Bronx,60
2022-01-25,D,Bronx,54
2022-01-26,D,Bronx,64
2022-01-27,D,Bronx,54
2022-01-28,D,Bronx,51
2022-01-29,D,Bronx,37
2022-01-30,D,Bronx,34
2022-01-31,D,Bronx,68
2022-02-01,D,Bronx,66
2022-02-02,D,Bronx,58
2022-02-03,D,Bronx,57
2022-02-04,D,Bronx,52
2022-02-05,D,Bronx,30
2022-02-06,D,Bronx,31
2022-02-07,D,Bronx,62
2022-02-08,D,Bronx,54
2022-02-09,D,Bronx,55
2022-02-10,D,Bronx,62
2022-02-11,D,Bronx,52
2022-02-12,D,Bronx,33
2022-02-13,D,Bronx,27
2022-02-14,D,Bronx,57
2022-02-15,D,Bronx,59
2022-02-16,D,Bronx,57
2022-02-17,D,Bronx,55
2022-02-18,D,Bronx,60
2022-02-19,D,Bronx,33
2022-02-20,D,Bronx,38
2022-02-21,D,Bronx,46
2022-02-22,D,Bronx,66
2022-02-23,D,Bronx,58
2022-02-24,D,Bronx,60
2022-02-25,D,Bronx,48
2022-02-26,D,Bronx,37
2022-02-27,D,Bronx,35
2022-02-28,D,Bronx,54
2022-03-01,D,Bronx,56
2022-03-02,D,Bronx,46
2022-03-03,D,Bronx,60
2022-03-04,D,Bronx,61
2022-03-05,D,Bronx,39
2022-03-06,D,Bronx,36
2022-03-07,D,Bronx,68
2022-03-08,D,Bronx,49
2022-03-09,D,Bronx,48
2022-03-10,D,Bronx,47
2022-03-11,D,Bronx,60
2022-03-12,D,Bronx,29
2022-03-13,D,Bronx,38
2022-03-14,D,Bronx,55
2022-03-15,D,Bronx,68
2022-03-16,D,Bronx,52
2022-03-17,D,Bronx,50
2022-03-18,D,Bronx,58
2022-03-19,D,Bronx,34
2022-03-20,D,Bronx,32
2022-03-21,D,Bronx,57
2022-03-22,D,Bronx,55
2022-03-23,D,Bronx,50
2022-03-24,D,Bronx,67
2022-03-25,D,Bronx,53
2022-03-26,D,Bronx,37
2022-03-27,D,Bronx,32
2022-03-28,D,Bronx,69
2022-03-29,D,Bronx,72
2022-03-30,D,Bronx,67
2022-03-31,D,Bronx,50
2022-04-01,D,Bronx,52
2022-04-02,D,Bronx,34
2022-04-03,D,Bronx,29
2022-04-04,D,Bronx,57
2022-04-05,D,Bronx,69
2022-04-06,D,Bronx,65
2022-04-07,D,Bronx,61
2022-04-08,D,Bronx,71
2022-04-09,D,Bronx,35
2022-04-10,D,Bronx,38
2022-04-11,D,Bronx,62
2022-04-12,D,Bronx,69
2022-04-13,D,Bronx,63
2022-04-14,D,Bronx,70
2022-04-15,D,Bronx,67
2022-04-16,D,Bronx,36
2022-04-17,D,Bronx,39
2022-04-18,D,Bronx,74
2022-04-19,D,Bronx,55
2022-04-20,D,Bronx,65
2022-04-21,D,Bronx,58
2022-04-22,D,Bronx,72
2022-04-23,D,Bronx,42
2022-04-24,D,Bronx,33
2022-04-25,D,Bronx,79
2022-04-26,D,Bronx,63
2022-04-27,D,Bronx,77
2022-04-28,D,Bronx,56
2022-04-29,D,Bronx,78
2022-04-30,D,Bronx,38
2022-05-01,D,Bronx,46
2022-05-02,D,Bronx,66
2022-05-03,D,Bronx,75
2022-05-04,D,Bronx,67
2022-05-05,D,Bronx,79
2022-05-06,D,Bronx,57
2022-05-07,D,Bronx,41
2022-05-08,D,Bronx,34
2022-05-09,D,Bronx,78
2022-05-10,D,Bronx,69
2022-05-11,D,Bronx,85
2022-05-12,D,Bronx,62
2022-05-13,D,Bronx,85
2022-05-14,D,Bronx,44
2022-05-15,D,Bronx,47
2022-05-16,D,Bronx,79
2022-05-17,D,Bronx,60
2022-05-18,D,Bronx,79
2022-05-19,D,Bronx,73
2022-05-20,D,Bronx,78
2022-05-21,D,Bronx,49
2022-05-22,D,Bronx,41
2022-05-23,D,Bronx,62
2022-05-24,D,Bronx,74
2022-05-25,D,Bronx,81
2022-05-26,D,Bronx,81
2022-05-27,D,Bronx,74
2022-05-28,D,Bronx,41
2022-05-29,D,Bronx,52
2022-05-30,D,Bronx,86
2022-05-31,D,Bronx,88
2022-06-01,D,Bronx,90
2022-06-02,D,Bronx,81
2022-06-03,D,Bronx,70
2022-06-04,D,Bronx,38
2022-06-05,D,Bronx,40
2022-06-06,D,Bronx,67
2022-06-07,D,Bronx,87
2022-06-08,D,Bronx,94
2022-06-09,D,Bronx,79
2022-06-10,D,Bronx,77
2022-06-11,D,Bronx,39
2022-06-12,D,Bronx,44
2022-06-13,D,Bronx,88
2022-06-14,D,Bronx,78
2022-06-15,D,Bronx,102
2022-06-16,D,Bronx,82
2022-06-17,D,Bronx,69
2022-06-18,D,Bronx,57
2022-06-19,D,Bronx,54
2022-06-20,D,Bronx,100
2022-06-21,D,Bronx,103
2022-06-22,D,Bronx,97
2022-06-23,D,Bronx,90
2022-06-24,D,Bronx,88
2022-06-25,D,Bronx,58
2022-06-26,D,Bronx,44
2022-06-27,D,Bronx,93
2022-06-28,D,Bronx,78
2022-06-29,D,Bronx,82
2022-06-30,D,Bronx,86
2022-07-01,D,Bronx,92
2022-07-02,D,Bronx,41
2022-07-03,D,Bronx,53
2022-07-04,D,Bronx,75
2022-07-05,D,Bronx,84
2022-07-06,D,Bronx,88
2022-07-07,D,Bronx,75
2022-07-08,D,Bronx,98
2022-07-09,D,Bronx,48
2022-07-10,D,Bronx,43
2022-07-11,D,Bronx,104
2022-07-12,D,Bronx,87
2022-07-13,D,Bronx,110
2022-07-14,D,Bronx,77
2022-07-15,D,Bronx,78
2022-07-16,D,Bronx,57
2022-07-17,D,Bronx,53
2022-07-18,D,Bronx,94
2022-07-19,D,Bronx,102
2022-07-20,D,Bronx,92
2022-07-21,D,Bronx,114
2022-07-22,D,Bronx,105
2022-07-23,D,Bronx,54
2022-07-24,D,Bronx,47
2022-07-25,D,Bronx,79
2022-07-26,D,Bronx,112
2022-07-27,D,Bronx,105
2022-07-28,D,Bronx,90
2022-07-29,D,Bronx,104
2022-07-30,D,Bronx,66
2022-07-31,D,Bronx,56
2022-08-01,D,Bronx,113
2022-08-02,D,Bronx,103
2022-08-03,D,Bronx,100
2022-08-04,D,Bronx,93
2022-08-05,D,Bronx,106
2022-08-06,D,Bronx,57
2022-08-07,D,Bronx,48
2022-08-08,D,Bronx,104
2022-08-09,D,Bronx,96
2022-08-10,D,Bronx,84
2022-08-11,D,Bronx,91
2022-08-12,D,Bronx,90
2022-08-13,D,Bronx,67
2022-08-14,D,Bronx,47
2022-08-15,D,Bronx,95
2022-08-16,D,Bronx,87
2022-08-17,D,Bronx,94
2022-08-18,D,Bronx,88
2022-08-19,D,Bronx,89
2022-08-20,D,Bronx,49
2022-08-21,D,Bronx,47
2022-08-22,D,Bronx,108
2022-08-23,D,Bronx,109
2022-08-24,D,Bronx,101
2022-08-25,D,Bronx,90
2022-08-26,D,Bronx,98
2022-08-27,D,Bronx,51
2022-08-28,D,Bronx,62
2022-08-29,D,Bronx,108
2022-08-30,D,Bronx,119
2022-08-31,D,Bronx,82
2022-09-01,D,Bronx,87
2022-09-02,D,Bronx,90
2022-09-03,D,Bronx,63
2022-09-04,D,Bronx,67
2022-09-05,D,Bronx,95
2022-09-06,D,Bronx,88
2022-09-07,D,Bronx,111
2022-09-08,D,Bronx,96
2022-09-09,D,Bronx,84
2022-09-10,D,Bronx,51
2022-09-11,D,Bronx,64
2022-09-12,D,Bronx,119
2022-09-13,D,Bronx,92
2022-09-14,D,Bronx,88
2022-09-15,D,Bronx,101
2022-09-16,D,Bronx,119
2022-09-17,D,Bronx,63
2022-09-18,D,Bronx,47
2022-09-19,D,Bronx,101
2022-09-20,D,Bronx,96
2022-09-21,D,Bronx,94
2022-09-22,D,Bronx,119
2022-09-23,D,Bronx,118
2022-09-24,D,Bronx,63
2022-09-25,D,Bronx,65
2022-09-26,D,Bronx,83
2022-09-27,D,Bronx,104
2022-09-28,D,Bronx,91
2022-09-29,D,Bronx,81
2022-09-30,D,Bronx,119
2022-10-01,D,Bronx,59
2022-10-02,D,Bronx,51
2022-10-03,D,Bronx,98
2022-10-04,D,Bronx,100
2022-10-05,D,Bronx,96
2022-10-06,D,Bronx,109
2022-10-07,D,Bronx,113
2022-10-08,D,Bronx,46
2022-10-09,D,Bronx,53
2022-10-10,D,Bronx,98
2022-10-11,D,Bronx,113
2022-10-12,D,Bronx,84
2022-10-13,D,Bronx,101
2022-10-14,D,Bronx,79
2022-10-15,D,Bronx,56
2022-10-16,D,Bronx,60
2022-10-17,D,Bronx,86
2022-10-18,D,Bronx,86
2022-10-19,D,Bronx,95
2022-10-20,D,Bronx,79
2022-10-21,D,Bronx,86
2022-10-22,D,Bronx,49
2022-10-23,D,Bronx,43
2022-10-24,D,Bronx,80
2022-10-25,D,Bronx,82
2022-10-26,D,Bronx,96
2022-10-27,D,Bronx,99
2022-10-28,D,Bronx,76
2022-10-29,D,Bronx,60
2022-10-30,D,Bronx,58
2022-10-31,D,Bronx,84
2022-11-01,D,Bronx,105
2022-11-02,D,Bronx,105
2022-11-03,D,Bronx,83
2022-11-04,D,Bronx,80
2022-11-05,D,Bronx,46
2022-11-06,D,Bronx,57
2022-11-07,D,Bronx,76
2022-11-08,D,Bronx,96
2022-11-09,D,Bronx,76
2022-11-10,D,Bronx,99
2022-11-11,D,Bronx,78
2022-11-12,D,Bronx,43
2022-11-13,D,Bronx,54
2022-11-14,D,Bronx,84
2022-11-15,D,Bronx,102
2022-11-16,D,Bronx,83
2022-11-17,D,Bronx,86
2022-11-18,D,Bronx,74
2022-11-19,D,Bronx,44
2022-11-20,D,Bronx,47
2022-11-21,D,Bronx,88
2022-11-22,D,Bronx,97
2022-11-23,D,Bronx,100
2022-11-24,D,Bronx,68
2022-11-25,D,Bronx,84
2022-11-26,D,Bronx,55
2022-11-27,D,Bronx,43
2022-11-28,D,Bronx,87
2022-11-29,D,Bronx,95
2022-11-30,D,Bronx,99
2022-12-01,D,Bronx,92
2022-12-02,D,Bronx,77
2022-12-03,D,Bronx,42
2022-12-04,D,Bronx,42
2022-12-05,D,Bronx,70
2022-12-06,D,Bronx,65
2022-12-07,D,Bronx,76
2022-12-08,D,Bronx,87
2022-12-09,D,Bronx,69
2022-12-10,D,Bronx,53
2022-12-11,D,Bronx,43
2022-12-12,D,Bronx,63
2022-12-13,D,Bronx,88
2022-12-14,D,Bronx,68
2022-12-15,D,Bronx,71
2022-12-16,D,Bronx,69
2022-12-17,D,Bronx,37
2022-12-18,D,Bronx,44
2022-12-19,D,Bronx,76
2022-12-20,D,Bronx,79
2022-12-21,D,Bronx,82
2022-12-22,D,Bronx,71
2022-12-23,D,Bronx,81
2022-12-24,D,Bronx,47
2022-12-25,D,Bronx,48
2022-12-26,D,Bronx,70
2022-12-27,D,Bronx,74
2022-12-28,D,Bronx,83
2022-12-29,D,Bronx,78
2022-12-30,D,Bronx,70
2022-12-31,D,Bronx,44
2023-01-01,D,Bronx,37
2023-01-02,D,Bronx,78
2023-01-03,D,Bronx,60
2023-01-04,D,Bronx,61
2023-01-05,D,Bronx,77
2023-01-06,D,Bronx,58
2023-01-07,D,Bronx,43
2023-01-08,D,Bronx,46
2023-01-09,D,Bronx,57
2023-01-10,D,Bronx,57
2023-01-11,D,Bronx,68
2023-01-12,D,Bronx,80
2023-01-13,D,Bronx,83
2023-01-14,D,Bronx,33
2023-01-15,D,Bronx,41
2023-01-16,D,Bronx,62
2023-01-17,D,Bronx,58
2023-01-18,D,Bronx,79
2023-01-19,D,Bronx,76
2023-01-20,D,Bronx,69
2023-01-21,D,Bronx,39
2023-01-22,D,Bronx,38
2023-01-23,D,Bronx,75
2023-01-24,D,Bronx,66
2023-01-25,D,Bronx,79
2023-01-26,D,Bronx,68
2023-01-27,D,Bronx,67
2023-01-28,D,Bronx,34
2023-01-29,D,Bronx,39
2023-01-30,D,Bronx,72
2023-01-31,D,Bronx,63
2023-02-01,D,Bronx,69
2023-02-02,D,Bronx,78
2023-02-03,D,Bronx,58
2023-02-04,D,Bronx,35
2023-02-05,D,Bronx,30
2023-02-06,D,Bronx,54
2023-02-07,D,Bronx,65
2023-02-08,D,Bronx,70
2023-02-09,D,Bronx,72
2023-02-10,D,Bronx,74
2023-02-11,D,Bronx,38
2023-02-12,D,Bronx,34
2023-02-13,D,Bronx,63
2023-02-14,D,Bronx,63
2023-02-15,D,Bronx,59
2023-02-16,D,Bronx,76
2023-02-17,D,Bronx,54
2023-02-18,D,Bronx,31
2023-02-19,D,Bronx,29
2023-02-20,D,Bronx,53
2023-02-21,D,Bronx,63
2023-02-22,D,Bronx,57
2023-02-23,D,Bronx,63
2023-02-24,D,Bronx,53
2023-02-25,D,Bronx,38
2023-02-26,D,Bronx,37
2023-02-27,D,Bronx,72
2023-02-28,D,Bronx,74
2023-03-01,D,Bronx,62
2023-03-02,D,Bronx,64
2023-03-03,D,Bronx,67
2023-03-04,D,Bronx,38
2023-03-05,D,Bronx,38
2023-03-06,D,Bronx,74
2023-03-07,D,Bronx,59
2023-03-08,D,Bronx,66
2023-03-09,D,Bronx,69
2023-03-10,D,Bronx,74
2023-03-11,D,Bronx,40
2023-03-12,D,Bronx,34
2023-03-13,D,Bronx,71
2023-03-14,D,Bronx,73
2023-03-15,D,Bronx,68
2023-03-16,D,Bronx,55
2023-03-17,D,Bronx,68
2023-03-18,D,Bronx,39
2023-03-19,D,Bronx,38
2023-03-20,D,Bronx,65
2023-03-21,D,Bronx,54
2023-03-22,D,Bronx,79
2023-03-23,D,Bronx,58
2023-03-24,D,Bronx,60
2023-03-25,D,Bronx,42
2023-03-26,D,Bronx,39
2023-03-27,D,Bronx,66
2023-03-28,D,Bronx,77
2023-03-29,D,Bronx,66
2023-03-30,D,Bronx,78
2023-03-31,D,Bronx,65
2023-04-01,D,Bronx,30
2023-04-02,D,Bronx,32
2023-04-03,D,Bronx,64
2023-04-04,D,Bronx,75
2023-04-05,D,Bronx,77
2023-04-06,D,Bronx,70
2023-04-07,D,Bronx,78
2023-04-08,D,Bronx,40
2023-04-09,D,Bronx,47
2023-04-10,D,Bronx,68
2023-04-11,D,Bronx,63
2023-04-12,D,Bronx,69
2023-04-13,D,Bronx,71
2023-04-14,D,Bronx,76
2023-04-15,D,Bronx,33
2023-04-16,D,Bronx,45
2023-04-17,D,Bronx,76
2023-04-18,D,Bronx,77
2023-04-19,D,Bronx,75
2023-04-20,D,Bronx,59
2023-04-21,D,Bronx,83
2023-04-22,D,Bronx,39
2023-04-23,D,Bronx,48
2023-04-24,D,Bronx,62
2023-04-25,D,Bronx,75
2023-04-26,D,Bronx,86
2023-04-27,D,Bronx,68
2023-04-28,D,Bronx,83
2023-04-29,D,Bronx,39
2023-04-30,D,Bronx,43
2023-05-01,D,Bronx,90
2023-05-02,D,Bronx,87
2023-05-03,D,Bronx,80
2023-05-04,D,Bronx,82
2023-05-05,D,Bronx,89
2023-05-06,D,Bronx,49
2023-05-07,D,Bronx,36
2023-05-08,D,Bronx,73
2023-05-09,D,Bronx,72
2023-05-10,D,Bronx,78
2023-05-11,D,Bronx,65
2023-05-12,D,Bronx,94
2023-05-13,D,Bronx,40
2023-05-14,D,Bronx,49
2023-05-15,D,Bronx,82
2023-05-16,D,Bronx,88
2023-05-17,D,Bronx,82
2023-05-18,D,Bronx,66
2023-05-19,D,Bronx,92
2023-05-20,D,Bronx,40
2023-05-21,D,Bronx,41
2023-05-22,D,Bronx,68
2023-05-23,D,Bronx,82
2023-05-24,D,Bronx,72
2023-05-25,D,Bronx,83
2023-05-26,D,Bronx,102
2023-05-27,D,Bronx,43
2023-05-28,D,Bronx,58
2023-05-29,D,Bronx,93
2023-05-30,D,Bronx,84
2023-05-31,D,Bronx,78
2023-06-01,D,Bronx,77
2023-06-02,D,Bronx,82
2023-06-03,D,Bronx,52
2023-06-04,D,Bronx,59
2023-06-05,D,Bronx,74
2023-06-06,D,Bronx,95
2023-06-07,D,Bronx,92
2023-06-08,D,Bronx,87
2023-06-09,D,Bronx,101
2023-06-10,D,Bronx,56
2023-06-11,D,Bronx,48
2023-06-12,D,Bronx,82
2023-06-13,D,Bronx,103
2023-06-14,D,Bronx,78
2023-06-15,D,Bronx,112
2023-06-16,D,Bronx,110
2023-06-17,D,Bronx,51
2023-06-18,D,Bronx,62
2023-06-19,D,Bronx,77
2023-06-20,D,Bronx,81
2023-06-21,D,Bronx,87
2023-06-22,D,Bronx,103
2023-06-23,D,Bronx,99
2023-06-24,D,Bronx,54
2023-06-25,D,Bronx,60
2023-06-26,D,Bronx,89
2023-06-27,D,Bronx,102
2023-06-28,D,Bronx,96
2023-06-29,D,Bronx,95
2023-06-30,D,Bronx,101
2023-07-01,D,Bronx,67
2023-07-02,D,Bronx,54
2023-07-03,D,Bronx,100
2023-07-04,D,Bronx,110
2023-07-05,D,Bronx,83
2023-07-06,D,Bronx,91
2023-07-07,D,Bronx,100
2023-07-08,D,Bronx,59
2023-07-09,D,Bronx,61
2023-07-10,D,Bronx,106
2023-07-11,D,Bronx,121
2023-07-12,D,Bronx,100
2023-07-13,D,Bronx,87
2023-07-14,D,Bronx,118
2023-07-15,D,Bronx,68
2023-07-16,D,Bronx,58
2023-07-17,D,Bronx,89
2023-07-18,D,Bronx,97
2023-07-19,D,Bronx,98
2023-07-20,D,Bronx,121
2023-07-21,D,Bronx,121
2023-07-22,D,Bronx,50
2023-07-23,D,Bronx,69
2023-07-24,D,Bronx,89
2023-07-25,D,Bronx,98
2023-07-26,D,Bronx,113
2023-07-27,D,Bronx,90
2023-07-28,D,Bronx,105
2023-07-29,D,Bronx,58
2023-07-30,D,Bronx,52
2023-07-31,D,Bronx,106
2023-08-01,D,Bronx,111
2023-08-02,D,Bronx,90
2023-08-03,D,Bronx,111
2023-08-04,D,Bronx,120
2023-08-05,D,Bronx,56
2023-08-06,D,Bronx,70
2023-08-07,D,Bronx,109
2023-08-08,D,Bronx,100
2023-08-09,D,Bronx,106
2023-08-10,D,Bronx,129
2023-08-11,D,Bronx,89
2023-08-12,D,Bronx,68
2023-08-13,D,Bronx,53
2023-08-14,D,Bronx,122
2023-08-15,D,Bronx,112
2023-08-16,D,Bronx,129
2023-08-17,D,Bronx,118
2023-08-18,D,Bronx,125
2023-08-19,D,Bronx,57
2023-08-20,D,Bronx,66
2023-08-21,D,Bronx,108
2023-08-22,D,Bronx,128
2023-08-23,D,Bronx,122
2023-08-24,D,Bronx,99
2023-08-25,D,Bronx,93
2023-08-26,D,Bronx,54
2023-08-27,D,Bronx,64
2023-08-28,D,Bronx,105
2023-08-29,D,Bronx,91
2023-08-30,D,Bronx,111
2023-08-31,D,Bronx,111
2023-09-01,D,Bronx,118
2023-09-02,D,Bronx,63
2023-09-03,D,Bronx,68
2023-09-04,D,Bronx,104
2023-09-05,D,Bronx,124
2023-09-06,D,Bronx,114
2023-09-07,D,Bronx,119
2023-09-08,D,Bronx,125
2023-09-09,D,Bronx,58
2023-09-10,D,Bronx,62
2023-09-11,D,Bronx,114
2023-09-12,D,Bronx,106
2023-09-13,D,Bronx,127
2023-09-14,D,Bronx,99
2023-09-15,D,Bronx,118
2023-09-16,D,Bronx,57
2023-09-17,D,Bronx,68
2023-09-18,D,Bronx,117
2023-09-19,D,Bronx,110
2023-09-20,D,Bronx,118
2023-09-21,D,Bronx,121
2023-09-22,D,Bronx,115
2023-09-23,D,Bronx,62
2023-09-24,D,Bronx,51
2023-09-25,D,Bronx,122
2023-09-26,D,Bronx,128
2023-09-27,D,Bronx,120
2023-09-28,D,Bronx,123
2023-09-29,D,Bronx,91
2023-09-30,D,Bronx,64
2023-10-01,D,Bronx,53
2023-10-02,D,Bronx,105
2023-10-03,D,Bronx,115
2023-10-04,D,Bronx,96
2023-10-05,D,Bronx,105
2023-10-06,D,Bronx,92
2023-10-07,D,Bronx,73
2023-10-08,D,Bronx,61
2023-10-09,D,Bronx,127
2023-10-10,D,Bronx,97
2023-10-11,D,Bronx,96
2023-10-12,D,Bronx,116
2023-10-13,D,Bronx,87
2023-10-14,D,Bronx,58
2023-10-15,D,Bronx,60
2023-10-16,D,Bronx,105
2023-10-17,D,Bronx,122
2023-10-18,D,Bronx,91
2023-10-19,D,Bronx,106
2023-10-20,D,Bronx,86
2023-10-21,D,Bronx,58
2023-10-22,D,Bronx,63
2023-10-23,D,Bronx,114
2023-10-24,D,Bronx,103
2023-10-25,D,Bronx,121
2023-10-26,D,Bronx,90
2023-10-27,D,Bronx,85
2023-10-28,D,Bronx,69
2023-10-29,D,Bronx,63
2023-10-30,D,Bronx,83
2023-10-31,D,Bronx,93
2023-11-01,D,Bronx,85
2023-11-02,D,Bronx,82
2023-11-03,D,Bronx,112
2023-11-04,D,Bronx,55
2023-11-05,D,Bronx,53
2023-11-06,D,Bronx,98
2023-11-07,D,Bronx,84
2023-11-08,D,Bronx,96
2023-11-09,D,Bronx,98
2023-11-10,D,Bronx,110
2023-11-11,D,Bronx,63
2023-11-12,D,Bronx,64
2023-11-13,D,Bronx,107
2023-11-14,D,Bronx,90
2023-11-15,D,Bronx,98
2023-11-16,D,Bronx,95
2023-11-17,D,Bronx,98
2023-11-18,D,Bronx,47
2023-11-19,D,Bronx,49
2023-11-20,D,Bronx,84
2023-11-21,D,Bronx,106
2023-11-22,D,Bronx,103
2023-11-23,D,Bronx,96
2023-11-24,D,Bronx,90
2023-11-25,D,Bronx,53
2023-11-26,D,Bronx,47
2023-11-27,D,Bronx,83
2023-11-28,D,Bronx,85
2023-11-29,D,Bronx,76
2023-11-30,D,Bronx,86
2023-12-01,D,Bronx,98
2023-12-02,D,Bronx,60
2023-12-03,D,Bronx,59
2023-12-04,D,Bronx,77
2023-12-05,D,Bronx,84
2023-12-06,D,Bronx,79
2023-12-07,D,Bronx,78
2023-12-08,D,Bronx,77
2023-12-09,D,Bronx,40
2023-12-10,D,Bronx,40
2023-12-11,D,Bronx,80
2023-12-12,D,Bronx,95
2023-12-13,D,Bronx,82
2023-12-14,D,Bronx,69
2023-12-15,D,Bronx,90
2023-12-16,D,Bronx,51
2023-12-17,D,Bronx,41
2023-12-18,D,Bronx,96
2023-12-19,D,Bronx,100
2023-12-20,D,Bronx,82
2023-12-21,D,Bronx,86
2023-12-22,D,Bronx,86
2023-12-23,D,Bronx,53
2023-12-24,D,Bronx,55
2023-12-25,D,Bronx,68
2023-12-26,D,Bronx,94
2023-12-27,D,Bronx,96
2023-12-28,D,Bronx,97
2023-12-29,D,Bronx,76
2023-12-30,D,Bronx,41
2023-12-31,D,Bronx,52
2024-01-01,D,Bronx,73
2024-01-02,D,Bronx,81
2024-01-03,D,Bronx,86
2024-01-04,D,Bronx,78
2024-01-05,D,Bronx,72
2024-01-06,D,Bronx,44
2024-01-07,D,Bronx,41
2024-01-08,D,Bronx,82
2024-01-09,D,Bronx,76
2024-01-10,D,Bronx,78
2024-01-11,D,Bronx,83
2024-01-12,D,Bronx,77
2024-01-13,D,Bronx,48
2024-01-14,D,Bronx,45
2024-01-15,D,Bronx,86
2024-01-16,D,Bronx,73
2024-01-17,D,Bronx,77
2024-01-18,D,Bronx,84
2024-01-19,D,Bronx,63
2024-01-20,D,Bronx,42
2024-01-21,D,Bronx,35
2024-01-22,D,Bronx,76
2024-01-23,D,Bronx,88
2024-01-24,D,Bronx,67
2024-01-25,D,Bronx,68
2024-01-26,D,Bronx,73
2024-01-27,D,Bronx,40
2024-01-28,D,Bronx,44
2024-01-29,D,Bronx,72
2024-01-30,D,Bronx,84
2024-01-31,D,Bronx,71
2024-02-01,D,Bronx,73
2024-02-02,D,Bronx,69
2024-02-03,D,Bronx,45
2024-02-04,D,Bronx,38
2024-02-05,D,Bronx,66
2024-02-06,D,Bronx,82
2024-02-07,D,Bronx,67
2024-02-08,D,Bronx,62
2024-02-09,D,Bronx,82
2024-02-10,D,Bronx,35
2024-02-11,D,Bronx,41
2024-02-12,D,Bronx,76
2024-02-13,D,Bronx,83
2024-02-14,D,Bronx,72
2024-02-15,D,Bronx,77
2024-02-16,D,Bronx,62
2024-02-17,D,Bronx,32
2024-02-18,D,Bronx,33
2024-02-19,D,Bronx,63
2024-02-20,D,Bronx,69
2024-02-21,D,Bronx,77
2024-02-22,D,Bronx,62
2024-02-23,D,Bronx,71
2024-02-24,D,Bronx,32
2024-02-25,D,Bronx,40
2024-02-26,D,Bronx,80
2024-02-27,D,Bronx,71
2024-02-28,D,Bronx,81
2024-02-29,D,Bronx,78
2024-03-01,D,Bronx,60
2024-03-02,D,Bronx,38
2024-03-03,D,Bronx,37
2024-03-04,D,Bronx,77
2024-03-05,D,Bronx,81
2024-03-06,D,Bronx,85
2024-03-07,D,Bronx,63
2024-03-08,D,Bronx,75
2024-03-09,D,Bronx,45
2024-03-10,D,Bronx,32
2024-03-11,D,Bronx,65
2024-03-12,D,Bronx,58
2024-03-13,D,Bronx,75
2024-03-14,D,Bronx,83
2024-03-15,D,Bronx,60
2024-03-16,D,Bronx,32
2024-03-17,D,Bronx,46
2024-03-18,D,Bronx,76
2024-03-19,D,Bronx,83
2024-03-20,D,Bronx,59
2024-03-21,D,Bronx,73
2024-03-22,D,Bronx,68
2024-03-23,D,Bronx,42
2024-03-24,D,Bronx,36
2024-03-25,D,Bronx,62
2024-03-26,D,Bronx,79
2024-03-27,D,Bronx,87
2024-03-28,D,Bronx,81
2024-03-29,D,Bronx,71
2024-03-30,D,Bronx,45
2024-03-31,D,Bronx,44
2024-04-01,D,Bronx,71
2024-04-02,D,Bronx,77
2024-04-03,D,Bronx,81
2024-04-04,D,Bronx,61
2024-04-05,D,Bronx,62
2024-04-06,D,Bronx,49
2024-04-07,D,Bronx,43
2024-04-08,D,Bronx,83
2024-04-09,D,Bronx,89
2024-04-10,D,Bronx,66
2024-04-11,D,Bronx,70
2024-04-12,D,Bronx,87
2024-04-13,D,Bronx,52
2024-04-14,D,Bronx,50
2024-04-15,D,Bronx,79
2024-04-16,D,Bronx,77
2024-04-17,D,Bronx,81
2024-04-18,D,Bronx,68
2024-04-19,D,Bronx,90
2024-04-20,D,Bronx,49
2024-04-21,D,Bronx,51
2024-04-22,D,Bronx,91
2024-04-23,D,Bronx,67
2024-04-24,D,Bronx,89
2024-04-25,D,Bronx,88
2024-04-26,D,Bronx,88
2024-04-27,D,Bronx,50
2024-04-28,D,Bronx,55
2024-04-29,D,Bronx,98
2024-04-30,D,Bronx,95
2024-05-01,D,Bronx,75
2024-05-02,D,Bronx,79
2024-05-03,D,Bronx,79
2024-05-04,D,Bronx,54
2024-05-05,D,Bronx,48
2024-05-06,D,Bronx,82
2024-05-07,D,Bronx,90
2024-05-08,D,Bronx,101
2024-05-09,D,Bronx,71
2024-05-10,D,Bronx,72
2024-05-11,D,Bronx,59
2024-05-12,D,Bronx,47
2024-05-13,D,Bronx,90
2024-05-14,D,Bronx,80
2024-05-15,D,Bronx,78
2024-05-16,D,Bronx,74
2024-05-17,D,Bronx,93
2024-05-18,D,Bronx,45
2024-05-19,D,Bronx,60
2024-05-20,D,Bronx,98
2024-05-21,D,Bronx,94
2024-05-22,D,Bronx,110
2024-05-23,D,Bronx,92
2024-05-24,D,Bronx,80
2024-05-25,D,Bronx,60
2024-05-26,D,Bronx,56
2024-05-27,D,Bronx,89
2024-05-28,D,Bronx,81
2024-05-29,D,Bronx,115
2024-05-30,D,Bronx,111
2024-05-31,D,Bronx,87
2024-06-01,D,Bronx,51
2024-06-02,D,Bronx,54
2024-06-03,D,Bronx,98
2024-06-04,D,Bronx,108
2024-06-05,D,Bronx,114
2024-06-06,D,Bronx,97
2024-06-07,D,Bronx,101
2024-06-08,D,Bronx,56
2024-06-09,D,Bronx,54
2024-06-10,D,Bronx,83
2024-06-11,D,Bronx,114
2024-06-12,D,Bronx,95
2024-06-13,D,Bronx,110
2024-06-14,D,Bronx,97
2024-06-15,D,Bronx,69
2024-06-16,D,Bronx,58
2024-06-17,D,Bronx,88
2024-06-18,D,Bronx,90
2024-06-19,D,Bronx,112
2024-06-20,D,Bronx,109
2024-06-21,D,Bronx,123
2024-06-22,D,Bronx,57
2024-06-23,D,Bronx,52
2024-06-24,D,Bronx,125
2024-06-25,D,Bronx,109
2024-06-26,D,Bronx,126
2024-06-27,D,Bronx,95
2024-06-28,D,Bronx,104
2024-06-29,D,Bronx,59
2024-06-30,D,Bronx,53
2024-07-01,D,Bronx,125
2024-07-02,D,Bronx,92
2024-07-03,D,Bronx,88
2024-07-04,D,Bronx,90
2024-07-05,D,Bronx,126
2024-07-06,D,Bronx,67
2024-07-07,D,Bronx,73
2024-07-08,D,Bronx,118
2024-07-09,D,Bronx,108
2024-07-10,D,Bronx,119
2024-07-11,D,Bronx,117
2024-07-12,D,Bronx,126
2024-07-13,D,Bronx,57
2024-07-14,D,Bronx,57
2024-07-15,D,Bronx,100
2024-07-16,D,Bronx,93
2024-07-17,D,Bronx,133
2024-07-18,D,Bronx,93
2024-07-19,D,Bronx,124
2024-07-20,D,Bronx,62
2024-07-21,D,Bronx,78
2024-07-22,D,Bronx,136
2024-07-23,D,Bronx,124
2024-07-24,D,Bronx,113
2024-07-25,D,Bronx,114
2024-07-26,D,Bronx,127
2024-07-27,D,Bronx,64
2024-07-28,D,Bronx,60
2024-07-29,D,Bronx,103
2024-07-30,D,Bronx,121
2024-07-31,D,Bronx,105
2024-08-01,D,Bronx,138
2024-08-02,D,Bronx,143
2024-08-03,D,Bronx,75
2024-08-04,D,Bronx,66
2024-08-05,D,Bronx,107
2024-08-06,D,Bronx,111
2024-08-07,D,Bronx,111
2024-08-08,D,Bronx,139
2024-08-09,D,Bronx,98
2024-08-10,D,Bronx,80
2024-08-11,D,Bronx,66
2024-08-12,D,Bronx,139
2024-08-13,D,Bronx,136
2024-08-14,D,Bronx,136
2024-08-15,D,Bronx,110
2024-08-16,D,Bronx,120
2024-08-17,D,Bronx,58
2024-08-18,D,Bronx,60
2024-08-19,D,Bronx,142
2024-08-20,D,Bronx,103
2024-08-21,D,Bronx,143
2024-08-22,D,Bronx,119
2024-08-23,D,Bronx,131
2024-08-24,D,Bronx,66
2024-08-25,D,Bronx,55
2024-08-26,D,Bronx,139
2024-08-27,D,Bronx,104
2024-08-28,D,Bronx,134
2024-08-29,D,Bronx,121
2024-08-30,D,Bronx,131
2024-08-31,D,Bronx,82
2024-09-01,D,Bronx,61
2024-09-02,D,Bronx,134
2024-09-03,D,Bronx,127
2024-09-04,D,Bronx,115
2024-09-05,D,Bronx,120
2024-09-06,D,Bronx,133
2024-09-07,D,Bronx,64
2024-09-08,D,Bronx,61
2024-09-09,D,Bronx,126
2024-09-10,D,Bronx,126
2024-09-11,D,Bronx,126
2024-09-12,D,Bronx,101
2024-09-13,D,Bronx,101
2024-09-14,D,Bronx,59
2024-09-15,D,Bronx,76
2024-09-16,D,Bronx,105
2024-09-17,D,Bronx,105
2024-09-18,D,Bronx,120
2024-09-19,D,Bronx,102
2024-09-20,D,Bronx,123
2024-09-21,D,Bronx,75
2024-09-22,D,Bronx,79
2024-09-23,D,Bronx,109
2024-09-24,D,Bronx,133
2024-09-25,D,Bronx,125
2024-09-26,D,Bronx,132
2024-09-27,D,Bronx,136
2024-09-28,D,Bronx,59
2024-09-29,D,Bronx,62
2024-09-30,D,Bronx,136
2024-10-01,D,Bronx,105
2024-10-02,D,Bronx,122
2024-10-03,D,Bronx,140
2024-10-04,D,Bronx,103
2024-10-05,D,Bronx,67
2024-10-06,D,Bronx,53
2024-10-07,D,Bronx,101
2024-10-08,D,Bronx,108
2024-10-09,D,Bronx,128
2024-10-10,D,Bronx,133
2024-10-11,D,Bronx,134
2024-10-12,D,Bronx,78
2024-10-13,D,Bronx,65
2024-10-14,D,Bronx,106
2024-10-15,D,Bronx,93
2024-10-16,D,Bronx,103
2024-10-17,D,Bronx,119
2024-10-18,D,Bronx,122
2024-10-19,D,Bronx,58
2024-10-20,D,Bronx,74
2024-10-21,D,Bronx,110
2024-10-22,D,Bronx,104
2024-10-23,D,Bronx,98
2024-10-24,D,Bronx,102
2024-10-25,D,Bronx,101
2024-10-26,D,Bronx,55
2024-10-27,D,Bronx,61
2024-10-28,D,Bronx,118
2024-10-29,D,Bronx,128
2024-10-30,D,Bronx,105
2024-10-31,D,Bronx,119
2024-11-01,D,Bronx,121
2024-11-02,D,Bronx,61
2024-11-03,D,Bronx,63
2024-11-04,D,Bronx,104
2024-11-05,D,Bronx,104
2024-11-06,D,Bronx,94
2024-11-07,D,Bronx,104
2024-11-08,D,Bronx,108
2024-11-09,D,Bronx,58
2024-11-10,D,Bronx,64
2024-11-11,D,Bronx,101
2024-11-12,D,Bronx,98
2024-11-13,D,Bronx,85
2024-11-14,D,Bronx,85
2024-11-15,D,Bronx,86
2024-11-16,D,Bronx,64
2024-11-17,D,Bronx,56
2024-11-18,D,Bronx,88
2024-11-19,D,Bronx,90
2024-11-20,D,Bronx,86
2024-11-21,D,Bronx,97
2024-11-22,D,Bronx,83
2024-11-23,D,Bronx,57
2024-11-24,D,Bronx,66
2024-11-25,D,Bronx,110
2024-11-26,D,Bronx,109
2024-11-27,D,Bronx,95
2024-11-28,D,Bronx,95
2024-11-29,D,Bronx,114
2024-11-30,D,Bronx,60
2024-12-01,D,Bronx,49
2024-12-02,D,Bronx,100
2024-12-03,D,Bronx,91
2024-12-04,D,Bronx,93
2024-12-05,D,Bronx,114
2024-12-06,D,Bronx,83
2024-12-07,D,Bronx,61
2024-12-08,D,Bronx,61
2024-12-09,D,Bronx,88
2024-12-10,D,Bronx,85
2024-12-11,D,Bronx,89
2024-12-12,D,Bronx,100
2024-12-13,D,Bronx,107
2024-12-14,D,Bronx,60
2024-12-15,D,Bronx,51
2024-12-16,D,Bronx,99
2024-12-17,D,Bronx,100
2024-12-18,D,Bronx,96
2024-12-19,D,Bronx,102
2024-12-20,D,Bronx,77
2024-12-21,D,Bronx,55
2024-12-22,D,Bronx,52
2024-12-23,D,Bronx,99
2024-12-24,D,Bronx,92
2024-12-25,D,Bronx,93
2024-12-26,D,Bronx,101
2024-12-27,D,Bronx,77
2024-12-28,D,Bronx,46
2024-12-29,D,Bronx,54
2024-12-30,D,Bronx,105
2024-12-31,D,Bronx,100
2025-01-01,D,Bronx,77
2025-01-02,D,Bronx,102
2025-01-03,D,Bronx,69
2025-01-04,D,Bronx,41
2025-01-05,D,Bronx,40
2025-01-06,D,Bronx,72
2025-01-07,D,Bronx,91
2025-01-08,D,Bronx,83
2025-01-09,D,Bronx,78
2025-01-10,D,Bronx,73
2025-01-11,D,Bronx,38
2025-01-12,D,Bronx,51
2025-01-13,D,Bronx,77
2025-01-14,D,Bronx,99
2025-01-15,D,Bronx,71
2025-01-16,D,Bronx,77
2025-01-17,D,Bronx,78
2025-01-18,D,Bronx,42
2025-01-19,D,Bronx,47
2025-01-20,D,Bronx,79
2025-01-21,D,Bronx,72
2025-01-22,D,Bronx,79
2025-01-23,D,Bronx,85
2025-01-24,D,Bronx,71
2025-01-25,D,Bronx,44
2025-01-26,D,Bronx,38
2025-01-27,D,Bronx,88
2025-01-28,D,Bronx,74
2025-01-29,D,Bronx,95
2025-01-30,D,Bronx,83
2025-01-31,D,Bronx,86
2025-02-01,D,Bronx,45
2025-02-02,D,Bronx,44
2025-02-03,D,Bronx,68
2025-02-04,D,Bronx,76
2025-02-05,D,Bronx,87
2025-02-06,D,Bronx,88
2025-02-07,D,Bronx,73
2025-02-08,D,Bronx,41
2025-02-09,D,Bronx,45
2025-02-10,D,Bronx,89
2025-02-11,D,Bronx,75
2025-02-12,D,Bronx,65
2025-02-13,D,Bronx,92
2025-02-14,D,Bronx,83
2025-02-15,D,Bronx,36
2025-02-16,D,Bronx,42
2025-02-17,D,Bronx,89
2025-02-18,D,Bronx,81
2025-02-19,D,Bronx,71
2025-02-20,D,Bronx,71
2025-02-21,D,Bronx,69
2025-02-22,D,Bronx,38
2025-02-23,D,Bronx,38
2025-02-24,D,Bronx,63
2025-02-25,D,Bronx,80
2025-02-26,D,Bronx,85
2025-02-27,D,Bronx,87
2025-02-28,D,Bronx,77
2025-03-01,D,Bronx,43
2025-03-02,D,Bronx,47
2025-03-03,D,Bronx,66
2025-03-04,D,Bronx,87
2025-03-05,D,Bronx,81
2025-03-06,D,Bronx,63
2025-03-07,D,Bronx,75
2025-03-08,D,Bronx,38
2025-03-09,D,Bronx,48
2025-03-10,D,Bronx,85
2025-03-11,D,Bronx,65
2025-03-12,D,Bronx,67
2025-03-13,D,Bronx,83
2025-03-14,D,Bronx,84
2025-03-15,D,Bronx,46
2025-03-16,D,Bronx,42
2025-03-17,D,Bronx,84
2025-03-18,D,Bronx,83
2025-03-19,D,Bronx,73
2025-03-20,D,Bronx,84
2025-03-21,D,Bronx,63
2025-03-22,D,Bronx,46
2025-03-23,D,Bronx,44
2025-03-24,D,Bronx,81
2025-03-25,D,Bronx,66
2025-03-26,D,Bronx,78
2025-03-27,D,Bronx,82
2025-03-28,D,Bronx,81
2025-03-29,D,Bronx,43
2025-03-30,D,Bronx,45
2025-03-31,D,Bronx,92
2025-04-01,D,Bronx,80
2025-04-02,D,Bronx,85
2025-04-03,D,Bronx,82
2025-04-04,D,Bronx,85
2025-04-05,D,Bronx,54
2025-04-06,D,Bronx,45
2025-04-07,D,Bronx,83
2025-04-08,D,Bronx,80
2025-04-09,D,Bronx,76
2025-04-10,D,Bronx,78
2025-04-11,D,Bronx,90
2025-04-12,D,Bronx,44
2025-04-13,D,Bronx,49
2025-04-14,D,Bronx,90
2025-04-15,D,Bronx,99
2025-04-16,D,Bronx,69
2025-04-17,D,Bronx,98
2025-04-18,D,Bronx,75
2025-04-19,D,Bronx,58
2025-04-20,D,Bronx,41
2025-04-21,D,Bronx,101
2025-04-22,D,Bronx,92
2025-04-23,D,Bronx,71
2025-04-24,D,Bronx,93
2025-04-25,D,Bronx,86
2025-04-26,D,Bronx,59
2025-04-27,D,Bronx,46
2025-04-28,D,Bronx,97
2025-04-29,D,Bronx,78
2025-04-30,D,Bronx,105
2025-05-01,D,Bronx,73
2025-05-02,D,Bronx,78
2025-05-03,D,Bronx,55
2025-05-04,D,Bronx,60
2025-05-05,D,Bronx,108
2025-05-06,D,Bronx,83
2025-05-07,D,Bronx,84
2025-05-08,D,Bronx,111
2025-05-09,D,Bronx,77
2025-05-10,D,Bronx,60
2025-05-11,D,Bronx,56
2025-05-12,D,Bronx,104
2025-05-13,D,Bronx,93
2025-05-14,D,Bronx,82
2025-05-15,D,Bronx,103
2025-05-16,D,Bronx,113
2025-05-17,D,Bronx,47
2025-05-18,D,Bronx,47
2025-05-19,D,Bronx,109
2025-05-20,D,Bronx,90
2025-05-21,D,Bronx,107
2025-05-22,D,Bronx,111
2025-05-23,D,Bronx,111
2025-05-24,D,Bronx,62
2025-05-25,D,Bronx,49
2025-05-26,D,Bronx,88
2025-05-27,D,Bronx,86
2025-05-28,D,Bronx,88
2025-05-29,D,Bronx,85
2025-05-30,D,Bronx,91
2025-05-31,D,Bronx,61
2025-06-01,D,Bronx,55
2025-06-02,D,Bronx,94
2025-06-03,D,Bronx,109
2025-06-04,D,Bronx,119
2025-06-05,D,Bronx,104
2025-06-06,D,Bronx,104
2025-06-07,D,Bronx,68
2025-06-08,D,Bronx,66
2025-06-09,D,Bronx,130
2025-06-10,D,Bronx,88
2025-06-11,D,Bronx,116
2025-06-12,D,Bronx,104
2025-06-13,D,Bronx,112
2025-06-14,D,Bronx,74
2025-06-15,D,Bronx,56
2025-06-16,D,Bronx,110
2025-06-17,D,Bronx,121
2025-06-18,D,Bronx,108
2025-06-19,D,Bronx,111
2025-06-20,D,Bronx,132
2025-06-21,D,Bronx,52
2025-06-22,D,Bronx,71
2025-06-23,D,Bronx,125
2025-06-24,D,Bronx,112
2025-06-25,D,Bronx,102
2025-06-26,D,Bronx,96
2025-06-27,D,Bronx,122
2025-06-28,D,Bronx,62
2025-06-29,D,Bronx,55
2025-06-30,D,Bronx,122
2025-07-01,D,Bronx,117
2025-07-02,D,Bronx,107
2025-07-03,D,Bronx,98
2025-07-04,D,Bronx,120
2025-07-05,D,Bronx,79
2025-07-06,D,Bronx,78
2025-07-07,D,Bronx,136
2025-07-08,D,Bronx,131
2025-07-09,D,Bronx,117
2025-07-10,D,Bronx,126
2025-07-11,D,Bronx,101
2025-07-12,D,Bronx,68
2025-07-13,D,Bronx,65
2025-07-14,D,Bronx,124
2025-07-15,D,Bronx,100
2025-07-16,D,Bronx,119
2025-07-17,D,Bronx,118
2025-07-18,D,Bronx,127
2025-07-19,D,Bronx,79
2025-07-20,D,Bronx,67
2025-07-21,D,Bronx,113
2025-07-22,D,Bronx,149
2025-07-23,D,Bronx,124
2025-07-24,D,Bronx,112
2025-07-25,D,Bronx,139
2025-07-26,D,Bronx,84
2025-07-27,D,Bronx,82
2025-07-28,D,Bronx,139
2025-07-29,D,Bronx,120
2025-07-30,D,Bronx,145
2025-07-31,D,Bronx,148
2025-08-01,D,Bronx,133
2025-08-02,D,Bronx,65
2025-08-03,D,Bronx,61
2025-08-04,D,Bronx,106
2025-08-05,D,Bronx,148
2025-08-06,D,Bronx,107
2025-08-07,D,Bronx,122
2025-08-08,D,Bronx,107
2025-08-09,D,Bronx,66
2025-08-10,D,Bronx,82
2025-08-11,D,Bronx,148
2025-08-12,D,Bronx,118
2025-08-13,D,Bronx,152
2025-08-14,D,Bronx,146
2025-08-15,D,Bronx,122
2025-08-16,D,Bronx,77
2025-08-17,D,Bronx,62
2025-08-18,D,Bronx,141
2025-08-19,D,Bronx,112
2025-08-20,D,Bronx,114
2025-08-21,D,Bronx,133
2025-08-22,D,Bronx,157
2025-08-23,D,Bronx,82
2025-08-24,D,Bronx,71
2025-08-25,D,Bronx,115
2025-08-26,D,Bronx,117
2025-08-27,D,Bronx,158
2025-08-28,D,Bronx,129
2025-08-29,D,Bronx,126
2025-08-30,D,Bronx,71
2025-08-31,D,Bronx,81
2025-09-01,D,Bronx,149
2025-09-02,D,Bronx,117
2025-09-03,D,Bronx,129
2025-09-04,D,Bronx,158
2025-09-05,D,Bronx,143
2025-09-06,D,Bronx,61
2025-09-07,D,Bronx,88
2025-09-08,D,Bronx,158
2025-09-09,D,Bronx,116
2025-09-10,D,Bronx,152
2025-09-11,D,Bronx,115
2025-09-12,D,Bronx,144
2025-09-13,D,Bronx,83
2025-09-14,D,Bronx,71
2025-09-15,D,Bronx,107
2025-09-16,D,Bronx,133
2025-09-17,D,Bronx,107
2025-09-18,D,Bronx,129
2025-09-19,D,Bronx,158
2025-09-20,D,Bronx,75
2025-09-21,D,Bronx,69
2025-09-22,D,Bronx,138
2025-09-23,D,Bronx,147
2025-09-24,D,Bronx,152
2025-09-25,D,Bronx,138
2025-09-26,D,Bronx,142
2025-09-27,D,Bronx,80
2025-09-28,D,Bronx,64
2025-09-29,D,Bronx,139
2025-09-30,D,Bronx,127
2025-10-01,D,Bronx,109
2025-10-02,D,Bronx,112
2025-10-03,D,Bronx,114
2025-10-04,D,Bronx,61
2025-10-05,D,Bronx,84
2025-10-06,D,Bronx,119
2025-10-07,D,Bronx,115
2025-10-08,D,Bronx,109
2025-10-09,D,Bronx,107
2025-10-10,D,Bronx,145
2025-10-11,D,Bronx,75
2025-10-12,D,Bronx,84
2025-10-13,D,Bronx,124
2025-10-14,D,Bronx,107
2025-10-15,D,Bronx,127
2025-10-16,D,Bronx,120
2025-10-17,D,Bronx,142
2025-10-18,D,Bronx,76
2025-10-19,D,Bronx,61
2025-10-20,D,Bronx,147
2025-10-21,D,Bronx,145
2025-10-22,D,Bronx,106
2025-10-23,D,Bronx,112
2025-10-24,D,Bronx,126
2025-10-25,D,Bronx,80
2025-10-26,D,Bronx,61
2025-10-27,D,Bronx,117
2025-10-28,D,Bronx,113
2025-10-29,D,Bronx,101
2025-10-30,D,Bronx,144
2025-10-31,D,Bronx,110
2025-11-01,D,Bronx,58
2025-11-02,D,Bronx,74
2025-11-03,D,Bronx,104
2025-11-04,D,Bronx,126
2025-11-05,D,Bronx,102
2025-11-06,D,Bronx,99
2025-11-07,D,Bronx,120
2025-11-08,D,Bronx,70
2025-11-09,D,Bronx,71
2025-11-10,D,Bronx,100
2025-11-11,D,Bronx,123
2025-11-12,D,Bronx,106
2025-11-13,D,Bronx,130
2025-11-14,D,Bronx,123
2025-11-15,D,Bronx,60
2025-11-16,D,Bronx,71
2025-11-17,D,Bronx,103
2025-11-18,D,Bronx,121
2025-11-19,D,Bronx,114
2025-11-20,D,Bronx,98
2025-11-21,D,Bronx,102
2025-11-22,D,Bronx,54
2025-11-23,D,Bronx,73
2025-11-24,D,Bronx,126
2025-11-25,D,Bronx,113
2025-11-26,D,Bronx,109
2025-11-27,D,Bronx,102
2025-11-28,D,Bronx,95
2025-11-29,D,Bronx,65
2025-11-30,D,Bronx,61
2025-12-01,D,Bronx,112
2025-12-02,D,Bronx,119
2025-12-03,D,Bronx,102
2025-12-04,D,Bronx,89
2025-12-05,D,Bronx,114
2025-12-06,D,Bronx,59
2025-12-07,D,Bronx,49
2025-12-08,D,Bronx,104
2025-12-09,D,Bronx,110
2025-12-10,D,Bronx,86
2025-12-11,D,Bronx,83
2025-12-12,D,Bronx,83
2025-12-13,D,Bronx,64
2025-12-14,D,Bronx,54
2025-12-15,D,Bronx,109
2025-12-16,D,Bronx,119
2025-12-17,D,Bronx,87
2025-12-18,D,Bronx,99
2025-12-19,D,Bronx,98
2025-12-20,D,Bronx,49
2025-12-21,D,Bronx,60
2025-12-22,D,Bronx,114
2025-12-23,D,Bronx,105
2025-12-24,D,Bronx,111
2025-12-25,D,Bronx,101
2025-12-26,D,Bronx,83
2025-12-27,D,Bronx,54
2025-12-28,D,Bronx,54
2025-12-29,D,Bronx,87
2025-12-30,D,Bronx,84
2025-12-31,D,Bronx,85
2026-01-01,D,Bronx,77
2026-01-02,D,Bronx,88
2026-01-03,D,Bronx,45
2026-01-04,D,Bronx,48
2026-01-05,D,Bronx,88
2026-01-06,D,Bronx,79
2026-01-07,D,Bronx,94
2026-01-08,D,Bronx,94
2026-01-09,D,Bronx,83
2026-01-10,D,Bronx,59
2026-01-11,D,Bronx,47
2026-01-12,D,Bronx,77
2026-01-13,D,Bronx,99
2026-01-14,D,Bronx,91
2026-01-15,D,Bronx,86
2026-01-16,D,Bronx,85
2026-01-17,D,Bronx,41
2026-01-18,D,Bronx,48
2026-01-19,D,Bronx,78
2026-01-20,D,Bronx,82
2026-01-21,D,Bronx,76
2026-01-22,D,Bronx,82
2026-01-23,D,Bronx,93
2026-01-24,D,Bronx,47
2026-01-25,D,Bronx,41
2026-01-26,D,Bronx,101
2026-01-27,D,Bronx,69
2026-01-28,D,Bronx,82
2026-01-29,D,Bronx,70
2026-01-30,D,Bronx,69
2026-01-31,D,Bronx,53
2026-02-01,D,Bronx,50
2026-02-02,D,Bronx,88
2026-02-03,D,Bronx,96
2026-02-04,D,Bronx,83
2026-02-05,D,Bronx,68
2026-02-06,D,Bronx,90
2026-02-07,D,Bronx,56
2026-02-08,D,Bronx,38
2026-02-09,D,Bronx,86
2026-02-10,D,Bronx,73
2026-02-11,D,Bronx,84
2026-02-12,D,Bronx,87
2026-02-13,D,Bronx,68
2021-02-14,E,Staten Island,22
2021-02-15,E,Staten Island,39
2021-02-16,E,Staten Island,38
2021-02-17,E,Staten Island,41
2021-02-18,E,Staten Island,40
2021-02-19,E,Staten Island,40
2021-02-20,E,Staten Island,23
2021-02-21,E,Staten Island,20
2021-02-22,E,Staten Island,38
2021-02-23,E,Staten Island,42
2021-02-24,E,Staten Island,32
2021-02-25,E,Staten Island,45
2021-02-26,E,Staten Island,35
2021-02-27,E,Staten Island,18
2021-02-28,E,Staten Island,19
2021-03-01,E,Staten Island,45
2021-03-02,E,Staten Island,36
2021-03-03,E,Staten Island,37
2021-03-04,E,Staten Island,39
2021-03-05,E,Staten Island,46
2021-03-06,E,Staten Island,21
2021-03-07,E,Staten Island,18
2021-03-08,E,Staten Island,32
2021-03-09,E,Staten Island,44
2021-03-10,E,Staten Island,43
2021-03-11,E,Staten Island,34
2021-03-12,E,Staten Island,37
2021-03-13,E,Staten Island,24
2021-03-14,E,Staten Island,18
2021-03-15,E,Staten Island,46
2021-03-16,E,Staten Island,42
2021-03-17,E,Staten Island,42
2021-03-18,E,Staten Island,41
2021-03-19,E,Staten Island,45
2021-03-20,E,Staten Island,18
2021-03-21,E,Staten Island,24
2021-03-22,E,Staten Island,40
2021-03-23,E,Staten Island,38
2021-03-24,E,Staten Island,42
2021-03-25,E,Staten Island,41
2021-03-26,E,Staten Island,36
2021-03-27,E,Staten Island,23
2021-03-28,E,Staten Island,26
2021-03-29,E,Staten Island,47
2021-03-30,E,Staten Island,38
2021-03-31,E,Staten Island,34
2021-04-01,E,Staten Island,33
2021-04-02,E,Staten Island,34
2021-04-03,E,Staten Island,21
2021-04-04,E,Staten Island,23
2021-04-05,E,Staten Island,40
2021-04-06,E,Staten Island,47
2021-04-07,E,Staten Island,35
2021-04-08,E,Staten Island,36
2021-04-09,E,Staten Island,46
2021-04-10,E,Staten Island,25
2021-04-11,E,Staten Island,21
2021-04-12,E,Staten Island,47
2021-04-13,E,Staten Island,50
2021-04-14,E,Staten Island,44
2021-04-15,E,Staten Island,49
2021-04-16,E,Staten Island,49
2021-04-17,E,Staten Island,26
2021-04-18,E,Staten Island,24
2021-04-19,E,Staten Island,50
2021-04-20,E,Staten Island,51
2021-04-21,E,Staten Island,48
2021-04-22,E,Staten Island,37
2021-04-23,E,Staten Island,50
2021-04-24,E,Staten Island,22
2021-04-25,E,Staten Island,24
2021-04-26,E,Staten Island,41
2021-04-27,E,Staten Island,45
2021-04-28,E,Staten Island,39
2021-04-29,E,Staten Island,37
2021-04-30,E,Staten Island,49
2021-05-01,E,Staten Island,29
2021-05-02,E,Staten Island,26
2021-05-03,E,Staten Island,39
2021-05-04,E,Staten Island,52
2021-05-05,E,Staten Island,49
2021-05-06,E,Staten Island,55
2021-05-07,E,Staten Island,52
2021-05-08,E,Staten Island,24
2021-05-09,E,Staten Island,28
2021-05-10,E,Staten Island,43
2021-05-11,E,Staten Island,54
2021-05-12,E,Staten Island,57
2021-05-13,E,Staten Island,42
2021-05-14,E,Staten Island,58
2021-05-15,E,Staten Island,26
2021-05-16,E,Staten Island,27
2021-05-17,E,Staten Island,48
2021-05-18,E,Staten Island,49
2021-05-19,E,Staten Island,41
2021-05-20,E,Staten Island,60
2021-05-21,E,Staten Island,52
2021-05-22,E,Staten Island,27
2021-05-23,E,Staten Island,27
2021-05-24,E,Staten Island,51
2021-05-25,E,Staten Island,54
2021-05-26,E,Staten Island,52
2021-05-27,E,Staten Island,42
2021-05-28,E,Staten Island,45
2021-05-29,E,Staten Island,26
2021-05-30,E,Staten Island,27
2021-05-31,E,Staten Island,48
2021-06-01,E,Staten Island,51
2021-06-02,E,Staten Island,44
2021-06-03,E,Staten Island,49
2021-06-04,E,Staten Island,51
2021-06-05,E,Staten Island,35
2021-06-06,E,Staten Island,31
2021-06-07,E,Staten Island,56
2021-06-08,E,Staten Island,59
2021-06-09,E,Staten Island,46
2021-06-10,E,Staten Island,47
2021-06-11,E,Staten Island,52
2021-06-12,E,Staten Island,31
2021-06-13,E,Staten Island,25
2021-06-14,E,Staten Island,63
2021-06-15,E,Staten Island,61
2021-06-16,E,Staten Island,67
2021-06-17,E,Staten Island,59
2021-06-18,E,Staten Island,61
2021-06-19,E,Staten Island,33
2021-06-20,E,Staten Island,30
2021-06-21,E,Staten Island,61
2021-06-22,E,Staten Island,69
2021-06-23,E,Staten Island,58
2021-06-24,E,Staten Island,53
2021-06-25,E,Staten Island,50
2021-06-26,E,Staten Island,33
2021-06-27,E,Staten Island,28
2021-06-28,E,Staten Island,49
2021-06-29,E,Staten Island,53
2021-06-30,E,Staten Island,57
2021-07-01,E,Staten Island,63
2021-07-02,E,Staten Island,51
2021-07-03,E,Staten Island,41
2021-07-04,E,Staten Island,40
2021-07-05,E,Staten Island,68
2021-07-06,E,Staten Island,52
2021-07-07,E,Staten Island,61
2021-07-08,E,Staten Island,52
2021-07-09,E,Staten Island,53
2021-07-10,E,Staten Island,32
2021-07-11,E,Staten Island,36
2021-07-12,E,Staten Island,73
2021-07-13,E,Staten Island,72
2021-07-14,E,Staten Island,57
2021-07-15,E,Staten Island,56
2021-07-16,E,Staten Island,74
2021-07-17,E,Staten Island,43
2021-07-18,E,Staten Island,37
2021-07-19,E,Staten Island,57
2021-07-20,E,Staten Island,65
2021-07-21,E,Staten Island,75
2021-07-22,E,Staten Island,54
2021-07-23,E,Staten Island,74
2021-07-24,E,Staten Island,35
2021-07-25,E,Staten Island,34
2021-07-26,E,Staten Island,53
2021-07-27,E,Staten Island,53
2021-07-28,E,Staten Island,62
2021-07-29,E,Staten Island,52
2021-07-30,E,Staten Island,58
2021-07-31,E,Staten Island,41
2021-08-01,E,Staten Island,33
2021-08-02,E,Staten Island,68
2021-08-03,E,Staten Island,70
2021-08-04,E,Staten Island,63
2021-08-05,E,Staten Island,70
2021-08-06,E,Staten Island,54
2021-08-07,E,Staten Island,40
2021-08-08,E,Staten Island,32
2021-08-09,E,Staten Island,54
2021-08-10,E,Staten Island,75
2021-08-11,E,Staten Island,77
2021-08-12,E,Staten Island,59
2021-08-13,E,Staten Island,64
2021-08-14,E,Staten Island,32
2021-08-15,E,Staten Island,41
2021-08-16,E,Staten Island,54
2021-08-17,E,Staten Island,64
2021-08-18,E,Staten Island,64
2021-08-19,E,Staten Island,68
2021-08-20,E,Staten Island,54
2021-08-21,E,Staten Island,41
2021-08-22,E,Staten Island,34
2021-08-23,E,Staten Island,61
2021-08-24,E,Staten Island,72
2021-08-25,E,Staten Island,72
2021-08-26,E,Staten Island,61
2021-08-27,E,Staten Island,68
2021-08-28,E,Staten Island,40
2021-08-29,E,Staten Island,39
2021-08-30,E,Staten Island,79
2021-08-31,E,Staten Island,66
2021-09-01,E,Staten Island,70
2021-09-02,E,Staten Island,63
2021-09-03,E,Staten Island,65
2021-09-04,E,Staten Island,36
2021-09-05,E,Staten Island,32
2021-09-06,E,Staten Island,68
2021-09-07,E,Staten Island,75
2021-09-08,E,Staten Island,71
2021-09-09,E,Staten Island,56
2021-09-10,E,Staten Island,79
2021-09-11,E,Staten Island,42
2021-09-12,E,Staten Island,37
2021-09-13,E,Staten Island,62
2021-09-14,E,Staten Island,70
2021-09-15,E,Staten Island,76
2021-09-16,E,Staten Island,80
2021-09-17,E,Staten Island,67
2021-09-18,E,Staten Island,40
2021-09-19,E,Staten Island,45
2021-09-20,E,Staten Island,61
2021-09-21,E,Staten Island,78
2021-09-22,E,Staten Island,69
2021-09-23,E,Staten Island,65
2021-09-24,E,Staten Island,79
2021-09-25,E,Staten Island,42
2021-09-26,E,Staten Island,38
2021-09-27,E,Staten Island,69
2021-09-28,E,Staten Island,75
2021-09-29,E,Staten Island,60
2021-09-30,E,Staten Island,56
2021-10-01,E,Staten Island,75
2021-10-02,E,Staten Island,35
2021-10-03,E,Staten Island,35
2021-10-04,E,Staten Island,54
2021-10-05,E,Staten Island,74
2021-10-06,E,Staten Island,74
2021-10-07,E,Staten Island,71
2021-10-08,E,Staten Island,70
2021-10-09,E,Staten Island,32
2021-10-10,E,Staten Island,40
2021-10-11,E,Staten Island,75
2021-10-12,E,Staten Island,73
2021-10-13,E,Staten Island,60
2021-10-14,E,Staten Island,73
2021-10-15,E,Staten Island,52
2021-10-16,E,Staten Island,38
2021-10-17,E,Staten Island,42
2021-10-18,E,Staten Island,54
2021-10-19,E,Staten Island,57
2021-10-20,E,Staten Island,57
2021-10-21,E,Staten Island,65
2021-10-22,E,Staten Island,56
2021-10-23,E,Staten Island,28
2021-10-24,E,Staten Island,37
2021-10-25,E,Staten Island,67
2021-10-26,E,Staten Island,51
2021-10-27,E,Staten Island,52
2021-10-28,E,Staten Island,59
2021-10-29,E,Staten Island,60
2021-10-30,E,Staten Island,28
2021-10-31,E,Staten Island,30
2021-11-01,E,Staten Island,70
2021-11-02,E,Staten Island,55
2021-11-03,E,Staten Island,59
2021-11-04,E,Staten Island,55
2021-11-05,E,Staten Island,66
2021-11-06,E,Staten Island,27
2021-11-07,E,Staten Island,39
2021-11-08,E,Staten Island,69
2021-11-09,E,Staten Island,66
2021-11-10,E,Staten Island,60
2021-11-11,E,Staten Island,61
2021-11-12,E,Staten Island,60
2021-11-13,E,Staten Island,40
2021-11-14,E,Staten Island,30
2021-11-15,E,Staten Island,50
2021-11-16,E,Staten Island,64
2021-11-17,E,Staten Island,58
2021-11-18,E,Staten Island,59
2021-11-19,E,Staten Island,55
2021-11-20,E,Staten Island,34
2021-11-21,E,Staten Island,28
2021-11-22,E,Staten Island,57
2021-11-23,E,Staten Island,51
2021-11-24,E,Staten Island,64
2021-11-25,E,Staten Island,55
2021-11-26,E,Staten Island,65
2021-11-27,E,Staten Island,26
2021-11-28,E,Staten Island,37
2021-11-29,E,Staten Island,51
2021-11-30,E,Staten Island,65
2021-12-01,E,Staten Island,46
2021-12-02,E,Staten Island,46
2021-12-03,E,Staten Island,58
2021-12-04,E,Staten Island,33
2021-12-05,E,Staten Island,33
2021-12-06,E,Staten Island,55
2021-12-07,E,Staten Island,48
2021-12-08,E,Staten Island,45
2021-12-09,E,Staten Island,55
2021-12-10,E,Staten Island,52
2021-12-11,E,Staten Island,34
2021-12-12,E,Staten Island,30
2021-12-13,E,Staten Island,42
2021-12-14,E,Staten Island,50
2021-12-15,E,Staten Island,44
2021-12-16,E,Staten Island,47
2021-12-17,E,Staten Island,50
2021-12-18,E,Staten Island,27
2021-12-19,E,Staten Island,27
2021-12-20,E,Staten Island,58
2021-12-21,E,Staten Island,44
2021-12-22,E,Staten Island,53
2021-12-23,E,Staten Island,56
2021-12-24,E,Staten Island,58
2021-12-25,E,Staten Island,27
2021-12-26,E,Staten Island,25
2021-12-27,E,Staten Island,47
2021-12-28,E,Staten Island,55
2021-12-29,E,Staten Island,54
2021-12-30,E,Staten Island,53
2021-12-31,E,Staten Island,43
2022-01-01,E,Staten Island,28
2022-01-02,E,Staten Island,28
2022-01-03,E,Staten Island,54
2022-01-04,E,Staten Island,49
2022-01-05,E,Staten Island,52
2022-01-06,E,Staten Island,47
2022-01-07,E,Staten Island,51
2022-01-08,E,Staten Island,27
2022-01-09,E,Staten Island,23
2022-01-10,E,Staten Island,50
2022-01-11,E,Staten Island,44
2022-01-12,E,Staten Island,40
2022-01-13,E,Staten Island,44
2022-01-14,E,Staten Island,48
2022-01-15,E,Staten Island,31
2022-01-16,E,Staten Island,23
2022-01-17,E,Staten Island,50
2022-01-18,E,Staten Island,48
2022-01-19,E,Staten Island,52
2022-01-20,E,Staten Island,42
2022-01-21,E,Staten Island,40
2022-01-22,E,Staten Island,26
2022-01-23,E,Staten Island,25
2022-01-24,E,Staten Island,46
2022-01-25,E,Staten Island,44
2022-01-26,E,Staten Island,42
2022-01-27,E,Staten Island,38
2022-01-28,E,Staten Island,38
2022-01-29,E,Staten Island,24
2022-01-30,E,Staten Island,29
2022-01-31,E,Staten Island,43
2022-02-01,E,Staten Island,38
2022-02-02,E,Staten Island,52
2022-02-03,E,Staten Island,47
2022-02-04,E,Staten Island,51
2022-02-05,E,Staten Island,25
2022-02-06,E,Staten Island,22
2022-02-07,E,Staten Island,36
2022-02-08,E,Staten Island,43
2022-02-09,E,Staten Island,47
2022-02-10,E,Staten Island,41
2022-02-11,E,Staten Island,35
2022-02-12,E,Staten Island,23
2022-02-13,E,Staten Island,29
2022-02-14,E,Staten Island,50
2022-02-15,E,Staten Island,48
2022-02-16,E,Staten Island,46
2022-02-17,E,Staten Island,45
2022-02-18,E,Staten Island,51
2022-02-19,E,Staten Island,26
2022-02-20,E,Staten Island,22
2022-02-21,E,Staten Island,35
2022-02-22,E,Staten Island,36
2022-02-23,E,Staten Island,37
2022-02-24,E,Staten Island,42
2022-02-25,E,Staten Island,42
2022-02-26,E,Staten Island,23
2022-02-27,E,Staten Island,25
2022-02-28,E,Staten Island,36
2022-03-01,E,Staten Island,47
2022-03-02,E,Staten Island,47
2022-03-03,E,Staten Island,39
2022-03-04,E,Staten Island,42
2022-03-05,E,Staten Island,23
2022-03-06,E,Staten Island,19
2022-03-07,E,Staten Island,38
2022-03-08,E,Staten Island,48
2022-03-09,E,Staten Island,38
2022-03-10,E,Staten Island,35
2022-03-11,E,Staten Island,49
2022-03-12,E,Staten Island,23
2022-03-13,E,Staten Island,25
2022-03-14,E,Staten Island,41
2022-03-15,E,Staten Island,50
2022-03-16,E,Staten Island,35
2022-03-17,E,Staten Island,44
2022-03-18,E,Staten Island,38
2022-03-19,E,Staten Island,25
2022-03-20,E,Staten Island,28
2022-03-21,E,Staten Island,42
2022-03-22,E,Staten Island,43
2022-03-23,E,Staten Island,37
2022-03-24,E,Staten Island,46
2022-03-25,E,Staten Island,50
2022-03-26,E,Staten Island,22
2022-03-27,E,Staten Island,26
2022-03-28,E,Staten Island,46
2022-03-29,E,Staten Island,53
2022-03-30,E,Staten Island,47
2022-03-31,E,Staten Island,50
2022-04-01,E,Staten Island,50
2022-04-02,E,Staten Island,24
2022-04-03,E,Staten Island,24
2022-04-04,E,Staten Island,53
2022-04-05,E,Staten Island,51
2022-04-06,E,Staten Island,42
2022-04-07,E,Staten Island,51
2022-04-08,E,Staten Island,42
2022-04-09,E,Staten Island,27
2022-04-10,E,Staten Island,23
2022-04-11,E,Staten Island,45
2022-04-12,E,Staten Island,40
2022-04-13,E,Staten Island,45
2022-04-14,E,Staten Island,55
2022-04-15,E,Staten Island,39
2022-04-16,E,Staten Island,31
2022-04-17,E,Staten Island,26
2022-04-18,E,Staten Island,52
2022-04-19,E,Staten Island,44
2022-04-20,E,Staten Island,42
2022-04-21,E,Staten Island,50
2022-04-22,E,Staten Island,47
2022-04-23,E,Staten Island,23
2022-04-24,E,Staten Island,30
2022-04-25,E,Staten Island,49
2022-04-26,E,Staten Island,55
2022-04-27,E,Staten Island,43
2022-04-28,E,Staten Island,42
2022-04-29,E,Staten Island,40
2022-04-30,E,Staten Island,23
2022-05-01,E,Staten Island,32
2022-05-02,E,Staten Island,41
2022-05-03,E,Staten Island,44
2022-05-04,E,Staten Island,55
2022-05-05,E,Staten Island,60
2022-05-06,E,Staten Island,57
2022-05-07,E,Staten Island,29
2022-05-08,E,Staten Island,27
2022-05-09,E,Staten Island,52
2022-05-10,E,Staten Island,52
2022-05-11,E,Staten Island,52
2022-05-12,E,Staten Island,52
2022-05-13,E,Staten Island,52
2022-05-14,E,Staten Island,26
2022-05-15,E,Staten Island,32
2022-05-16,E,Staten Island,57
2022-05-17,E,Staten Island,55
2022-05-18,E,Staten Island,49
2022-05-19,E,Staten Island,49
2022-05-20,E,Staten Island,47
2022-05-21,E,Staten Island,37
2022-05-22,E,Staten Island,28
2022-05-23,E,Staten Island,57
2022-05-24,E,Staten Island,47
2022-05-25,E,Staten Island,62
2022-05-26,E,Staten Island,48
2022-05-27,E,Staten Island,50
2022-05-28,E,Staten Island,37
2022-05-29,E,Staten Island,29
2022-05-30,E,Staten Island,50
2022-05-31,E,Staten Island,49
2022-06-01,E,Staten Island,57
2022-06-02,E,Staten Island,69
2022-06-03,E,Staten Island,67
2022-06-04,E,Staten Island,34
2022-06-05,E,Staten Island,38
2022-06-06,E,Staten Island,55
2022-06-07,E,Staten Island,49
2022-06-08,E,Staten Island,58
2022-06-09,E,Staten Island,53
2022-06-10,E,Staten Island,67
2022-06-11,E,Staten Island,34
2022-06-12,E,Staten Island,41
2022-06-13,E,Staten Island,72
2022-06-14,E,Staten Island,65
2022-06-15,E,Staten Island,51
2022-06-16,E,Staten Island,70
2022-06-17,E,Staten Island,74
2022-06-18,E,Staten Island,40
2022-06-19,E,Staten Island,31
2022-06-20,E,Staten Island,68
2022-06-21,E,Staten Island,67
2022-06-22,E,Staten Island,59
2022-06-23,E,Staten Island,69
2022-06-24,E,Staten Island,70
2022-06-25,E,Staten Island,35
2022-06-26,E,Staten Island,35
2022-06-27,E,Staten Island,78
2022-06-28,E,Staten Island,71
2022-06-29,E,Staten Island,66
2022-06-30,E,Staten Island,59
2022-07-01,E,Staten Island,78
2022-07-02,E,Staten Island,40
2022-07-03,E,Staten Island,44
2022-07-04,E,Staten Island,74
2022-07-05,E,Staten Island,73
2022-07-06,E,Staten Island,55
2022-07-07,E,Staten Island,57
2022-07-08,E,Staten Island,64
2022-07-09,E,Staten Island,35
2022-07-10,E,Staten Island,37
2022-07-11,E,Staten Island,62
2022-07-12,E,Staten Island,59
2022-07-13,E,Staten Island,77
2022-07-14,E,Staten Island,57
2022-07-15,E,Staten Island,67
2022-07-16,E,Staten Island,37
2022-07-17,E,Staten Island,39
2022-07-18,E,Staten Island,61
2022-07-19,E,Staten Island,71
2022-07-20,E,Staten Island,81
2022-07-21,E,Staten Island,73
2022-07-22,E,Staten Island,75
2022-07-23,E,Staten Island,35
2022-07-24,E,Staten Island,32
2022-07-25,E,Staten Island,68
2022-07-26,E,Staten Island,57
2022-07-27,E,Staten Island,78
2022-07-28,E,Staten Island,79
2022-07-29,E,Staten Island,84
2022-07-30,E,Staten Island,45
2022-07-31,E,Staten Island,44
2022-08-01,E,Staten Island,77
2022-08-02,E,Staten Island,64
2022-08-03,E,Staten Island,62
2022-08-04,E,Staten Island,76
2022-08-05,E,Staten Island,70
2022-08-06,E,Staten Island,47
2022-08-07,E,Staten Island,35
2022-08-08,E,Staten Island,60
2022-08-09,E,Staten Island,80
2022-08-10,E,Staten Island,84
2022-08-11,E,Staten Island,81
2022-08-12,E,Staten Island,83
2022-08-13,E,Staten Island,44
2022-08-14,E,Staten Island,46
2022-08-15,E,Staten Island,84
2022-08-16,E,Staten Island,77
2022-08-17,E,Staten Island,75
2022-08-18,E,Staten Island,70
2022-08-19,E,Staten Island,65
2022-08-20,E,Staten Island,49
2022-08-21,E,Staten Island,35
2022-08-22,E,Staten Island,81
2022-08-23,E,Staten Island,73
2022-08-24,E,Staten Island,73
2022-08-25,E,Staten Island,68
2022-08-26,E,Staten Island,61
2022-08-27,E,Staten Island,41
2022-08-28,E,Staten Island,46
2022-08-29,E,Staten Island,72
2022-08-30,E,Staten Island,70
2022-08-31,E,Staten Island,66
2022-09-01,E,Staten Island,69
2022-09-02,E,Staten Island,72
2022-09-03,E,Staten Island,38
2022-09-04,E,Staten Island,48
2022-09-05,E,Staten Island,76
2022-09-06,E,Staten Island,70
2022-09-07,E,Staten Island,62
2022-09-08,E,Staten Island,67
2022-09-09,E,Staten Island,70
2022-09-10,E,Staten Island,36
2022-09-11,E,Staten Island,38
2022-09-12,E,Staten Island,73
2022-09-13,E,Staten Island,79
2022-09-14,E,Staten Island,86
2022-09-15,E,Staten Island,68
2022-09-16,E,Staten Island,83
2022-09-17,E,Staten Island,36
2022-09-18,E,Staten Island,48
2022-09-19,E,Staten Island,80
2022-09-20,E,Staten Island,86
2022-09-21,E,Staten Island,84
2022-09-22,E,Staten Island,83
2022-09-23,E,Staten Island,84
2022-09-24,E,Staten Island,45
2022-09-25,E,Staten Island,35
2022-09-26,E,Staten Island,76
2022-09-27,E,Staten Island,74
2022-09-28,E,Staten Island,59
2022-09-29,E,Staten Island,71
2022-09-30,E,Staten Island,63
2022-10-01,E,Staten Island,40
2022-10-02,E,Staten Island,47
2022-10-03,E,Staten Island,80
2022-10-04,E,Staten Island,64
2022-10-05,E,Staten Island,75
2022-10-06,E,Staten Island,76
2022-10-07,E,Staten Island,62
2022-10-08,E,Staten Island,34
2022-10-09,E,Staten Island,45
2022-10-10,E,Staten Island,66
2022-10-11,E,Staten Island,65
2022-10-12,E,Staten Island,70
2022-10-13,E,Staten Island,84
2022-10-14,E,Staten Island,79
2022-10-15,E,Staten Island,33
2022-10-16,E,Staten Island,36
2022-10-17,E,Staten Island,66
2022-10-18,E,Staten Island,81
2022-10-19,E,Staten Island,80
2022-10-20,E,Staten Island,81
2022-10-21,E,Staten Island,73
2022-10-22,E,Staten Island,41
2022-10-23,E,Staten Island,35
2022-10-24,E,Staten Island,71
2022-10-25,E,Staten Island,64
2022-10-26,E,Staten Island,78
2022-10-27,E,Staten Island,80
2022-10-28,E,Staten Island,72
2022-10-29,E,Staten Island,36
2022-10-30,E,Staten Island,41
2022-10-31,E,Staten Island,76
2022-11-01,E,Staten Island,72
2022-11-02,E,Staten Island,60
2022-11-03,E,Staten Island,78
2022-11-04,E,Staten Island,57
2022-11-05,E,Staten Island,32
2022-11-06,E,Staten Island,36
2022-11-07,E,Staten Island,57
2022-11-08,E,Staten Island,63
2022-11-09,E,Staten Island,66
2022-11-10,E,Staten Island,67
2022-11-11,E,Staten Island,73
2022-11-12,E,Staten Island,38
2022-11-13,E,Staten Island,41
2022-11-14,E,Staten Island,54
2022-11-15,E,Staten Island,65
2022-11-16,E,Staten Island,56
2022-11-17,E,Staten Island,75
2022-11-18,E,Staten Island,63
2022-11-19,E,Staten Island,40
2022-11-20,E,Staten Island,29
2022-11-21,E,Staten Island,73
2022-11-22,E,Staten Island,60
2022-11-23,E,Staten Island,52
2022-11-24,E,Staten Island,71
2022-11-25,E,Staten Island,59
2022-11-26,E,Staten Island,28
2022-11-27,E,Staten Island,41
2022-11-28,E,Staten Island,67
2022-11-29,E,Staten Island,61
2022-11-30,E,Staten Island,62
2022-12-01,E,Staten Island,69
2022-12-02,E,Staten Island,52
2022-12-03,E,Staten Island,35
2022-12-04,E,Staten Island,38
2022-12-05,E,Staten Island,67
2022-12-06,E,Staten Island,65
2022-12-07,E,Staten Island,57
2022-12-08,E,Staten Island,54
2022-12-09,E,Staten Island,48
2022-12-10,E,Staten Island,39
2022-12-11,E,Staten Island,37
2022-12-12,E,Staten Island,60
2022-12-13,E,Staten Island,67
2022-12-14,E,Staten Island,55
2022-12-15,E,Staten Island,59
2022-12-16,E,Staten Island,61
2022-12-17,E,Staten Island,26
2022-12-18,E,Staten Island,37
2022-12-19,E,Staten Island,58
2022-12-20,E,Staten Island,51
2022-12-21,E,Staten Island,65
2022-12-22,E,Staten Island,46
2022-12-23,E,Staten Island,48
2022-12-24,E,Staten Island,34
2022-12-25,E,Staten Island,31
2022-12-26,E,Staten Island,48
2022-12-27,E,Staten Island,64
2022-12-28,E,Staten Island,61
2022-12-29,E,Staten Island,57
2022-12-30,E,Staten Island,62
2022-12-31,E,Staten Island,25
2023-01-01,E,Staten Island,30
2023-01-02,E,Staten Island,56
2023-01-03,E,Staten Island,47
2023-01-04,E,Staten Island,46
2023-01-05,E,Staten Island,42
2023-01-06,E,Staten Island,53
2023-01-07,E,Staten Island,30
2023-01-08,E,Staten Island,33
2023-01-09,E,Staten Island,42
2023-01-10,E,Staten Island,48
2023-01-11,E,Staten Island,47
2023-01-12,E,Staten Island,50
2023-01-13,E,Staten Island,53
2023-01-14,E,Staten Island,33
2023-01-15,E,Staten Island,29
2023-01-16,E,Staten Island,43
2023-01-17,E,Staten Island,52
2023-01-18,E,Staten Island,56
2023-01-19,E,Staten Island,53
2023-01-20,E,Staten Island,57
2023-01-21,E,Staten Island,31
2023-01-22,E,Staten Island,23
2023-01-23,E,Staten Island,41
2023-01-24,E,Staten Island,57
2023-01-25,E,Staten Island,47
2023-01-26,E,Staten Island,57
2023-01-27,E,Staten Island,57
2023-01-28,E,Staten Island,28
2023-01-29,E,Staten Island,32
2023-01-30,E,Staten Island,48
2023-01-31,E,Staten Island,54
2023-02-01,E,Staten Island,47
2023-02-02,E,Staten Island,49
2023-02-03,E,Staten Island,45
2023-02-04,E,Staten Island,28
2023-02-05,E,Staten Island,29
2023-02-06,E,Staten Island,41
2023-02-07,E,Staten Island,53
2023-02-08,E,Staten Island,54
2023-02-09,E,Staten Island,48
2023-02-10,E,Staten Island,54
2023-02-11,E,Staten Island,22
2023-02-12,E,Staten Island,28
2023-02-13,E,Staten Island,54
2023-02-14,E,Staten Island,41
2023-02-15,E,Staten Island,38
2023-02-16,E,Staten Island,53
2023-02-17,E,Staten Island,55
2023-02-18,E,Staten Island,25
2023-02-19,E,Staten Island,27
2023-02-20,E,Staten Island,45
2023-02-21,E,Staten Island,43
2023-02-22,E,Staten Island,49
2023-02-23,E,Staten Island,51
2023-02-24,E,Staten Island,41
2023-02-25,E,Staten Island,25
2023-02-26,E,Staten Island,31
2023-02-27,E,Staten Island,52
2023-02-28,E,Staten Island,49
2023-03-01,E,Staten Island,43
2023-03-02,E,Staten Island,55
2023-03-03,E,Staten Island,55
2023-03-04,E,Staten Island,26
2023-03-05,E,Staten Island,23
2023-03-06,E,Staten Island,46
2023-03-07,E,Staten Island,51
2023-03-08,E,Staten Island,45
2023-03-09,E,Staten Island,54
2023-03-10,E,Staten Island,45
2023-03-11,E,Staten Island,29
2023-03-12,E,Staten Island,21
2023-03-13,E,Staten Island,56
2023-03-14,E,Staten Island,42
2023-03-15,E,Staten Island,52
2023-03-16,E,Staten Island,48
2023-03-17,E,Staten Island,44
2023-03-18,E,Staten Island,26
2023-03-19,E,Staten Island,30
2023-03-20,E,Staten Island,48
2023-03-21,E,Staten Island,42
2023-03-22,E,Staten Island,52
2023-03-23,E,Staten Island,55
2023-03-24,E,Staten Island,43
2023-03-25,E,Staten Island,27
2023-03-26,E,Staten Island,31
2023-03-27,E,Staten Island,45
2023-03-28,E,Staten Island,43
2023-03-29,E,Staten Island,55
2023-03-30,E,Staten Island,51
2023-03-31,E,Staten Island,52
2023-04-01,E,Staten Island,31
2023-04-02,E,Staten Island,31
2023-04-03,E,Staten Island,55
2023-04-04,E,Staten Island,50
2023-04-05,E,Staten Island,48
2023-04-06,E,Staten Island,57
2023-04-07,E,Staten Island,57
2023-04-08,E,Staten Island,22
2023-04-09,E,Staten Island,31
2023-04-10,E,Staten Island,44
2023-04-11,E,Staten Island,55
2023-04-12,E,Staten Island,41
2023-04-13,E,Staten Island,47
2023-04-14,E,Staten Island,50
2023-04-15,E,Staten Island,27
2023-04-16,E,Staten Island,27
2023-04-17,E,Staten Island,46
2023-04-18,E,Staten Island,49
2023-04-19,E,Staten Island,53
2023-04-20,E,Staten Island,43
2023-04-21,E,Staten Island,53
2023-04-22,E,Staten Island,28
2023-04-23,E,Staten Island,25
2023-04-24,E,Staten Island,53
2023-04-25,E,Staten Island,45
2023-04-26,E,Staten Island,61
2023-04-27,E,Staten Island,58
2023-04-28,E,Staten Island,64
2023-04-29,E,Staten Island,26
2023-04-30,E,Staten Island,29
2023-05-01,E,Staten Island,63
2023-05-02,E,Staten Island,57
2023-05-03,E,Staten Island,66
2023-05-04,E,Staten Island,64
2023-05-05,E,Staten Island,58
2023-05-06,E,Staten Island,30
2023-05-07,E,Staten Island,35
2023-05-08,E,Staten Island,56
2023-05-09,E,Staten Island,46
2023-05-10,E,Staten Island,53
2023-05-11,E,Staten Island,57
2023-05-12,E,Staten Island,63
2023-05-13,E,Staten Island,32
2023-05-14,E,Staten Island,27
2023-05-15,E,Staten Island,54
2023-05-16,E,Staten Island,64
2023-05-17,E,Staten Island,71
2023-05-18,E,Staten Island,56
2023-05-19,E,Staten Island,55
2023-05-20,E,Staten Island,37
2023-05-21,E,Staten Island,31
2023-05-22,E,Staten Island,59
2023-05-23,E,Staten Island,62
2023-05-24,E,Staten Island,54
2023-05-25,E,Staten Island,52
2023-05-26,E,Staten Island,62
2023-05-27,E,Staten Island,39
2023-05-28,E,Staten Island,35
2023-05-29,E,Staten Island,53
2023-05-30,E,Staten Island,62
2023-05-31,E,Staten Island,76
2023-06-01,E,Staten Island,74
2023-06-02,E,Staten Island,77
2023-06-03,E,Staten Island,42
2023-06-04,E,Staten Island,37
2023-06-05,E,Staten Island,69
2023-06-06,E,Staten Island,53
2023-06-07,E,Staten Island,64
2023-06-08,E,Staten Island,74
2023-06-09,E,Staten Island,55
2023-06-10,E,Staten Island,38
2023-06-11,E,Staten Island,35
2023-06-12,E,Staten Island,74
2023-06-13,E,Staten Island,59
2023-06-14,E,Staten Island,78
2023-06-15,E,Staten Island,60
2023-06-16,E,Staten Island,64
2023-06-17,E,Staten Island,32
2023-06-18,E,Staten Island,45
2023-06-19,E,Staten Island,78
2023-06-20,E,Staten Island,59
2023-06-21,E,Staten Island,73
2023-06-22,E,Staten Island,77
2023-06-23,E,Staten Island,83
2023-06-24,E,Staten Island,39
2023-06-25,E,Staten Island,38
2023-06-26,E,Staten Island,57
2023-06-27,E,Staten Island,73
2023-06-28,E,Staten Island,78
2023-06-29,E,Staten Island,69
2023-06-30,E,Staten Island,76
2023-07-01,E,Staten Island,34
2023-07-02,E,Staten Island,48
2023-07-03,E,Staten Island,70
2023-07-04,E,Staten Island,68
2023-07-05,E,Staten Island,63
2023-07-06,E,Staten Island,76
2023-07-07,E,Staten Island,85
2023-07-08,E,Staten Island,36
2023-07-09,E,Staten Island,45
2023-07-10,E,Staten Island,86
2023-07-11,E,Staten Island,85
2023-07-12,E,Staten Island,70
2023-07-13,E,Staten Island,88
2023-07-14,E,Staten Island,68
2023-07-15,E,Staten Island,46
2023-07-16,E,Staten Island,51
2023-07-17,E,Staten Island,82
2023-07-18,E,Staten Island,71
2023-07-19,E,Staten Island,88
2023-07-20,E,Staten Island,63
2023-07-21,E,Staten Island,80
2023-07-22,E,Staten Island,41
2023-07-23,E,Staten Island,42
2023-07-24,E,Staten Island,84
2023-07-25,E,Staten Island,87
2023-07-26,E,Staten Island,87
2023-07-27,E,Staten Island,84
2023-07-28,E,Staten Island,87
2023-07-29,E,Staten Island,39
2023-07-30,E,Staten Island,51
2023-07-31,E,Staten Island,79
2023-08-01,E,Staten Island,92
2023-08-02,E,Staten Island,93
2023-08-03,E,Staten Island,92
2023-08-04,E,Staten Island,71
2023-08-05,E,Staten Island,37
2023-08-06,E,Staten Island,50
2023-08-07,E,Staten Island,90
2023-08-08,E,Staten Island,80
2023-08-09,E,Staten Island,76
2023-08-10,E,Staten Island,66
2023-08-11,E,Staten Island,75
2023-08-12,E,Staten Island,53
2023-08-13,E,Staten Island,49
2023-08-14,E,Staten Island,90
2023-08-15,E,Staten Island,91
2023-08-16,E,Staten Island,91
2023-08-17,E,Staten Island,68
2023-08-18,E,Staten Island,76
2023-08-19,E,Staten Island,53
2023-08-20,E,Staten Island,53
2023-08-21,E,Staten Island,69
2023-08-22,E,Staten Island,78
2023-08-23,E,Staten Island,69
2023-08-24,E,Staten Island,89
2023-08-25,E,Staten Island,73
2023-08-26,E,Staten Island,40
2023-08-27,E,Staten Island,38
2023-08-28,E,Staten Island,79
2023-08-29,E,Staten Island,91
2023-08-30,E,Staten Island,76
2023-08-31,E,Staten Island,86
2023-09-01,E,Staten Island,74
2023-09-02,E,Staten Island,51
2023-09-03,E,Staten Island,49
2023-09-04,E,Staten Island,86
2023-09-05,E,Staten Island,89
2023-09-06,E,Staten Island,80
2023-09-07,E,Staten Island,79
2023-09-08,E,Staten Island,92
2023-09-09,E,Staten Island,42
2023-09-10,E,Staten Island,51
2023-09-11,E,Staten Island,79
2023-09-12,E,Staten Island,72
2023-09-13,E,Staten Island,71
2023-09-14,E,Staten Island,83
2023-09-15,E,Staten Island,81
2023-09-16,E,Staten Island,52
2023-09-17,E,Staten Island,46
2023-09-18,E,Staten Island,87
2023-09-19,E,Staten Island,82
2023-09-20,E,Staten Island,86
2023-09-21,E,Staten Island,80
2023-09-22,E,Staten Island,89
2023-09-23,E,Staten Island,44
2023-09-24,E,Staten Island,43
2023-09-25,E,Staten Island,89
2023-09-26,E,Staten Island,77
2023-09-27,E,Staten Island,65
2023-09-28,E,Staten Island,74
2023-09-29,E,Staten Island,79
2023-09-30,E,Staten Island,53
2023-10-01,E,Staten Island,37
2023-10-02,E,Staten Island,84
2023-10-03,E,Staten Island,72
2023-10-04,E,Staten Island,81
2023-10-05,E,Staten Island,89
2023-10-06,E,Staten Island,72
2023-10-07,E,Staten Island,48
2023-10-08,E,Staten Island,35
2023-10-09,E,Staten Island,73
2023-10-10,E,Staten Island,87
2023-10-11,E,Staten Island,82
2023-10-12,E,Staten Island,79
2023-10-13,E,Staten Island,63
2023-10-14,E,Staten Island,44
2023-10-15,E,Staten Island,50
2023-10-16,E,Staten Island,89
2023-10-17,E,Staten Island,80
2023-10-18,E,Staten Island,78
2023-10-19,E,Staten Island,87
2023-10-20,E,Staten Island,90
2023-10-21,E,Staten Island,47
2023-10-22,E,Staten Island,44
2023-10-23,E,Staten Island,84
2023-10-24,E,Staten Island,72
2023-10-25,E,Staten Island,71
2023-10-26,E,Staten Island,83
2023-10-27,E,Staten Island,88
2023-10-28,E,Staten Island,40
2023-10-29,E,Staten Island,35
2023-10-30,E,Staten Island,82
2023-10-31,E,Staten Island,70
2023-11-01,E,Staten Island,80
2023-11-02,E,Staten Island,85
2023-11-03,E,Staten Island,61
2023-11-04,E,Staten Island,33
2023-11-05,E,Staten Island,44
2023-11-06,E,Staten Island,65
2023-11-07,E,Staten Island,60
2023-11-08,E,Staten Island,61
2023-11-09,E,Staten Island,74
2023-11-10,E,Staten Island,81
2023-11-11,E,Staten Island,43
2023-11-12,E,Staten Island,35
2023-11-13,E,Staten Island,74
2023-11-14,E,Staten Island,78
2023-11-15,E,Staten Island,74
2023-11-16,E,Staten Island,75
2023-11-17,E,Staten Island,66
2023-11-18,E,Staten Island,35
2023-11-19,E,Staten Island,43
2023-11-20,E,Staten Island,74
2023-11-21,E,Staten Island,78
2023-11-22,E,Staten Island,78
2023-11-23,E,Staten Island,59
2023-11-24,E,Staten Island,76
2023-11-25,E,Staten Island,43
2023-11-26,E,Staten Island,43
2023-11-27,E,Staten Island,67
2023-11-28,E,Staten Island,59
2023-11-29,E,Staten Island,66
2023-11-30,E,Staten Island,67
2023-12-01,E,Staten Island,55
2023-12-02,E,Staten Island,43
2023-12-03,E,Staten Island,31
2023-12-04,E,Staten Island,65
2023-12-05,E,Staten Island,65
2023-12-06,E,Staten Island,61
2023-12-07,E,Staten Island,74
2023-12-08,E,Staten Island,66
2023-12-09,E,Staten Island,30
2023-12-10,E,Staten Island,29
2023-12-11,E,Staten Island,65
2023-12-12,E,Staten Island,54
2023-12-13,E,Staten Island,52
2023-12-14,E,Staten Island,57
2023-12-15,E,Staten Island,72
2023-12-16,E,Staten Island,31
2023-12-17,E,Staten Island,31
2023-12-18,E,Staten Island,71
2023-12-19,E,Staten Island,54
2023-12-20,E,Staten Island,51
2023-12-21,E,Staten Island,49
2023-12-22,E,Staten Island,53
2023-12-23,E,Staten Island,39
2023-12-24,E,Staten Island,33
2023-12-25,E,Staten Island,51
2023-12-26,E,Staten Island,47
2023-12-27,E,Staten Island,53
2023-12-28,E,Staten Island,67
2023-12-29,E,Staten Island,53
2023-12-30,E,Staten Island,32
2023-12-31,E,Staten Island,26
2024-01-01,E,Staten Island,62
2024-01-02,E,Staten Island,49
2024-01-03,E,Staten Island,67
2024-01-04,E,Staten Island,52
2024-01-05,E,Staten Island,59
2024-01-06,E,Staten Island,28
2024-01-07,E,Staten Island,31
2024-01-08,E,Staten Island,51
2024-01-09,E,Staten Island,64
2024-01-10,E,Staten Island,48
2024-01-11,E,Staten Island,65
2024-01-12,E,Staten Island,58
2024-01-13,E,Staten Island,36
2024-01-14,E,Staten Island,35
2024-01-15,E,Staten Island,62
2024-01-16,E,Staten Island,58
2024-01-17,E,Staten Island,47
2024-01-18,E,Staten Island,46
2024-01-19,E,Staten Island,49
2024-01-20,E,Staten Island,36
2024-01-21,E,Staten Island,25
2024-01-22,E,Staten Island,61
2024-01-23,E,Staten Island,52
2024-01-24,E,Staten Island,54
2024-01-25,E,Staten Island,55
2024-01-26,E,Staten Island,58
2024-01-27,E,Staten Island,28
2024-01-28,E,Staten Island,25
2024-01-29,E,Staten Island,46
2024-01-30,E,Staten Island,52
2024-01-31,E,Staten Island,56
2024-02-01,E,Staten Island,51
2024-02-02,E,Staten Island,61
2024-02-03,E,Staten Island,31
2024-02-04,E,Staten Island,30
2024-02-05,E,Staten Island,49
2024-02-06,E,Staten Island,43
2024-02-07,E,Staten Island,44
2024-02-08,E,Staten Island,58
2024-02-09,E,Staten Island,42
2024-02-10,E,Staten Island,26
2024-02-11,E,Staten Island,29
2024-02-12,E,Staten Island,51
2024-02-13,E,Staten Island,59
2024-02-14,E,Staten Island,55
2024-02-15,E,Staten Island,55
2024-02-16,E,Staten Island,56
2024-02-17,E,Staten Island,33
2024-02-18,E,Staten Island,29
2024-02-19,E,Staten Island,53
2024-02-20,E,Staten Island,52
2024-02-21,E,Staten Island,40
2024-02-22,E,Staten Island,56
2024-02-23,E,Staten Island,56
2024-02-24,E,Staten Island,31
2024-02-25,E,Staten Island,32
2024-02-26,E,Staten Island,43
2024-02-27,E,Staten Island,47
2024-02-28,E,Staten Island,59
2024-02-29,E,Staten Island,60
2024-03-01,E,Staten Island,49
2024-03-02,E,Staten Island,33
2024-03-03,E,Staten Island,24
2024-03-04,E,Staten Island,40
2024-03-05,E,Staten Island,54
2024-03-06,E,Staten Island,58
2024-03-07,E,Staten Island,46
2024-03-08,E,Staten Island,46
2024-03-09,E,Staten Island,33
2024-03-10,E,Staten Island,30
2024-03-11,E,Staten Island,61
2024-03-12,E,Staten Island,46
2024-03-13,E,Staten Island,49
2024-03-14,E,Staten Island,49
2024-03-15,E,Staten Island,56
2024-03-16,E,Staten Island,23
2024-03-17,E,Staten Island,33
2024-03-18,E,Staten Island,48
2024-03-19,E,Staten Island,47
2024-03-20,E,Staten Island,52
2024-03-21,E,Staten Island,45
2024-03-22,E,Staten Island,43
2024-03-23,E,Staten Island,25
2024-03-24,E,Staten Island,28
2024-03-25,E,Staten Island,52
2024-03-26,E,Staten Island,57
2024-03-27,E,Staten Island,49
2024-03-28,E,Staten Island,43
2024-03-29,E,Staten Island,42
2024-03-30,E,Staten Island,35
2024-03-31,E,Staten Island,24
2024-04-01,E,Staten Island,57
2024-04-02,E,Staten Island,64
2024-04-03,E,Staten Island,64
2024-04-04,E,Staten Island,55
2024-04-05,E,Staten Island,51
2024-04-06,E,Staten Island,29
2024-04-07,E,Staten Island,32
2024-04-08,E,Staten Island,48
2024-04-09,E,Staten Island,44
2024-04-10,E,Staten Island,56
2024-04-11,E,Staten Island,66
2024-04-12,E,Staten Island,60
2024-04-13,E,Staten Island,27
2024-04-14,E,Staten Island,35
2024-04-15,E,Staten Island,56
2024-04-16,E,Staten Island,65
2024-04-17,E,Staten Island,62
2024-04-18,E,Staten Island,63
2024-04-19,E,Staten Island,53
2024-04-20,E,Staten Island,38
2024-04-21,E,Staten Island,29
2024-04-22,E,Staten Island,50
2024-04-23,E,Staten Island,60
2024-04-24,E,Staten Island,53
2024-04-25,E,Staten Island,57
2024-04-26,E,Staten Island,61
2024-04-27,E,Staten Island,40
2024-04-28,E,Staten Island,28
2024-04-29,E,Staten Island,57
2024-04-30,E,Staten Island,58
2024-05-01,E,Staten Island,64
2024-05-02,E,Staten Island,53
2024-05-03,E,Staten Island,68
2024-05-04,E,Staten Island,35
2024-05-05,E,Staten Island,30
2024-05-06,E,Staten Island,51
2024-05-07,E,Staten Island,57
2024-05-08,E,Staten Island,74
2024-05-09,E,Staten Island,61
2024-05-10,E,Staten Island,64
2024-05-11,E,Staten Island,31
2024-05-12,E,Staten Island,39
2024-05-13,E,Staten Island,52
2024-05-14,E,Staten Island,60
2024-05-15,E,Staten Island,60
2024-05-16,E,Staten Island,64
2024-05-17,E,Staten Island,77
2024-05-18,E,Staten Island,37
2024-05-19,E,Staten Island,39
2024-05-20,E,Staten Island,63
2024-05-21,E,Staten Island,71
2024-05-22,E,Staten Island,78
2024-05-23,E,Staten Island,70
2024-05-24,E,Staten Island,72
2024-05-25,E,Staten Island,38
2024-05-26,E,Staten Island,32
2024-05-27,E,Staten Island,63
2024-05-28,E,Staten Island,72
2024-05-29,E,Staten Island,59
2024-05-30,E,Staten Island,59
2024-05-31,E,Staten Island,58
2024-06-01,E,Staten Island,46
2024-06-02,E,Staten Island,40
2024-06-03,E,Staten Island,74
2024-06-04,E,Staten Island,59
2024-06-05,E,Staten Island,67
2024-06-06,E,Staten Island,70
2024-06-07,E,Staten Island,67
2024-06-08,E,Staten Island,38
2024-06-09,E,Staten Island,33
2024-06-10,E,Staten Island,60
2024-06-11,E,Staten Island,71
2024-06-12,E,Staten Island,67
2024-06-13,E,Staten Island,77
2024-06-14,E,Staten Island,70
2024-06-15,E,Staten Island,44
2024-06-16,E,Staten Island,38
2024-06-17,E,Staten Island,74
2024-06-18,E,Staten Island,69
2024-06-19,E,Staten Island,69
2024-06-20,E,Staten Island,77
2024-06-21,E,Staten Island,89
2024-06-22,E,Staten Island,43
2024-06-23,E,Staten Island,37
2024-06-24,E,Staten Island,81
2024-06-25,E,Staten Island,68
2024-06-26,E,Staten Island,71
2024-06-27,E,Staten Island,79
2024-06-28,E,Staten Island,72
2024-06-29,E,Staten Island,39
2024-06-30,E,Staten Island,47
2024-07-01,E,Staten Island,74
2024-07-02,E,Staten Island,87
2024-07-03,E,Staten Island,64
2024-07-04,E,Staten Island,74
2024-07-05,E,Staten Island,91
2024-07-06,E,Staten Island,40
2024-07-07,E,Staten Island,53
2024-07-08,E,Staten Island,95
2024-07-09,E,Staten Island,79
2024-07-10,E,Staten Island,69
2024-07-11,E,Staten Island,71
2024-07-12,E,Staten Island,74
2024-07-13,E,Staten Island,47
2024-07-14,E,Staten Island,54
2024-07-15,E,Staten Island,97
2024-07-16,E,Staten Island,76
2024-07-17,E,Staten Island,87
2024-07-18,E,Staten Island,75
2024-07-19,E,Staten Island,68
2024-07-20,E,Staten Island,46
2024-07-21,E,Staten Island,50
2024-07-22,E,Staten Island,73
2024-07-23,E,Staten Island,82
2024-07-24,E,Staten Island,67
2024-07-25,E,Staten Island,77
2024-07-26,E,Staten Island,96
2024-07-27,E,Staten Island,54
2024-07-28,E,Staten Island,45
2024-07-29,E,Staten Island,79
2024-07-30,E,Staten Island,101
2024-07-31,E,Staten Island,76
2024-08-01,E,Staten Island,78
2024-08-02,E,Staten Island,76
2024-08-03,E,Staten Island,48
2024-08-04,E,Staten Island,46
2024-08-05,E,Staten Island,80
2024-08-06,E,Staten Island,83
2024-08-07,E,Staten Island,69
2024-08-08,E,Staten Island,78
2024-08-09,E,Staten Island,80
2024-08-10,E,Staten Island,51
2024-08-11,E,Staten Island,40
2024-08-12,E,Staten Island,98
2024-08-13,E,Staten Island,85
2024-08-14,E,Staten Island,83
2024-08-15,E,Staten Island,91
2024-08-16,E,Staten Island,77
2024-08-17,E,Staten Island,43
2024-08-18,E,Staten Island,43
2024-08-19,E,Staten Island,91
2024-08-20,E,Staten Island,100
2024-08-21,E,Staten Island,97
2024-08-22,E,Staten Island,84
2024-08-23,E,Staten Island,73
2024-08-24,E,Staten Island,59
2024-08-25,E,Staten Island,40
2024-08-26,E,Staten Island,99
2024-08-27,E,Staten Island,88
2024-08-28,E,Staten Island,85
2024-08-29,E,Staten Island,91
2024-08-30,E,Staten Island,79
2024-08-31,E,Staten Island,57
2024-09-01,E,Staten Island,41
2024-09-02,E,Staten Island,91
2024-09-03,E,Staten Island,88
2024-09-04,E,Staten Island,95
2024-09-05,E,Staten Island,73
2024-09-06,E,Staten Island,83
2024-09-07,E,Staten Island,39
2024-09-08,E,Staten Island,52
2024-09-09,E,Staten Island,96
2024-09-10,E,Staten Island,99
2024-09-11,E,Staten Island,99
2024-09-12,E,Staten Island,101
2024-09-13,E,Staten Island,92
2024-09-14,E,Staten Island,51
2024-09-15,E,Staten Island,53
2024-09-16,E,Staten Island,94
2024-09-17,E,Staten Island,79
2024-09-18,E,Staten Island,93
2024-09-19,E,Staten Island,78
2024-09-20,E,Staten Island,69
2024-09-21,E,Staten Island,55
2024-09-22,E,Staten Island,55
2024-09-23,E,Staten Island,79
2024-09-24,E,Staten Island,76
2024-09-25,E,Staten Island,94
2024-09-26,E,Staten Island,94
2024-09-27,E,Staten Island,97
2024-09-28,E,Staten Island,52
2024-09-29,E,Staten Island,56
2024-09-30,E,Staten Island,84
2024-10-01,E,Staten Island,84
2024-10-02,E,Staten Island,68
2024-10-03,E,Staten Island,68
2024-10-04,E,Staten Island,67
2024-10-05,E,Staten Island,51
2024-10-06,E,Staten Island,53
2024-10-07,E,Staten Island,90
2024-10-08,E,Staten Island,93
2024-10-09,E,Staten Island,79
2024-10-10,E,Staten Island,100
2024-10-11,E,Staten Island,75
2024-10-12,E,Staten Island,39
2024-10-13,E,Staten Island,47
2024-10-14,E,Staten Island,74
2024-10-15,E,Staten Island,95
2024-10-16,E,Staten Island,92
2024-10-17,E,Staten Island,76
2024-10-18,E,Staten Island,83
2024-10-19,E,Staten Island,54
2024-10-20,E,Staten Island,39
2024-10-21,E,Staten Island,94
2024-10-22,E,Staten Island,68
2024-10-23,E,Staten Island,92
2024-10-24,E,Staten Island,82
2024-10-25,E,Staten Island,76
2024-10-26,E,Staten Island,36
2024-10-27,E,Staten Island,49
2024-10-28,E,Staten Island,79
2024-10-29,E,Staten Island,65
2024-10-30,E,Staten Island,86
2024-10-31,E,Staten Island,90
2024-11-01,E,Staten Island,65
2024-11-02,E,Staten Island,36
2024-11-03,E,Staten Island,47
2024-11-04,E,Staten Island,67
2024-11-05,E,Staten Island,68
2024-11-06,E,Staten Island,80
2024-11-07,E,Staten Island,71
2024-11-08,E,Staten Island,85
2024-11-09,E,Staten Island,42
2024-11-10,E,Staten Island,44
2024-11-11,E,Staten Island,75
2024-11-12,E,Staten Island,66
2024-11-13,E,Staten Island,80
2024-11-14,E,Staten Island,79
2024-11-15,E,Staten Island,80
2024-11-16,E,Staten Island,34
2024-11-17,E,Staten Island,39
2024-11-18,E,Staten Island,88
2024-11-19,E,Staten Island,76
2024-11-20,E,Staten Island,84
2024-11-21,E,Staten Island,77
2024-11-22,E,Staten Island,70
2024-11-23,E,Staten Island,36
2024-11-24,E,Staten Island,46
2024-11-25,E,Staten Island,74
2024-11-26,E,Staten Island,70
2024-11-27,E,Staten Island,71
2024-11-28,E,Staten Island,67
2024-11-29,E,Staten Island,64
2024-11-30,E,Staten Island,32
2024-12-01,E,Staten Island,45
2024-12-02,E,Staten Island,69
2024-12-03,E,Staten Island,72
2024-12-04,E,Staten Island,77
2024-12-05,E,Staten Island,82
2024-12-06,E,Staten Island,67
2024-12-07,E,Staten Island,32
2024-12-08,E,Staten Island,45
2024-12-09,E,Staten Island,64
2024-12-10,E,Staten Island,75
2024-12-11,E,Staten Island,65
2024-12-12,E,Staten Island,61
2024-12-13,E,Staten Island,64
2024-12-14,E,Staten Island,30
2024-12-15,E,Staten Island,39
2024-12-16,E,Staten Island,59
2024-12-17,E,Staten Island,66
2024-12-18,E,Staten Island,60
2024-12-19,E,Staten Island,74
2024-12-20,E,Staten Island,54
2024-12-21,E,Staten Island,38
2024-12-22,E,Staten Island,37
2024-12-23,E,Staten Island,65
2024-12-24,E,Staten Island,64
2024-12-25,E,Staten Island,56
2024-12-26,E,Staten Island,55
2024-12-27,E,Staten Island,51
2024-12-28,E,Staten Island,40
2024-12-29,E,Staten Island,35
2024-12-30,E,Staten Island,65
2024-12-31,E,Staten Island,74
2025-01-01,E,Staten Island,52
2025-01-02,E,Staten Island,71
2025-01-03,E,Staten Island,73
2025-01-04,E,Staten Island,33
2025-01-05,E,Staten Island,37
2025-01-06,E,Staten Island,50
2025-01-07,E,Staten Island,56
2025-01-08,E,Staten Island,53
2025-01-09,E,Staten Island,57
2025-01-10,E,Staten Island,62
2025-01-11,E,Staten Island,36
2025-01-12,E,Staten Island,35
2025-01-13,E,Staten Island,64
2025-01-14,E,Staten Island,57
2025-01-15,E,Staten Island,63
2025-01-16,E,Staten Island,52
2025-01-17,E,Staten Island,67
2025-01-18,E,Staten Island,33
2025-01-19,E,Staten Island,33
2025-01-20,E,Staten Island,69
2025-01-21,E,Staten Island,57
2025-01-22,E,Staten Island,68
2025-01-23,E,Staten Island,56
2025-01-24,E,Staten Island,50
2025-01-25,E,Staten Island,32
2025-01-26,E,Staten Island,33
2025-01-27,E,Staten Island,56
2025-01-28,E,Staten Island,58
2025-01-29,E,Staten Island,47
2025-01-30,E,Staten Island,65
2025-01-31,E,Staten Island,61
2025-02-01,E,Staten Island,27
2025-02-02,E,Staten Island,27
2025-02-03,E,Staten Island,54
2025-02-04,E,Staten Island,49
2025-02-05,E,Staten Island,65
2025-02-06,E,Staten Island,60
2025-02-07,E,Staten Island,59
2025-02-08,E,Staten Island,25
2025-02-09,E,Staten Island,31
2025-02-10,E,Staten Island,54
2025-02-11,E,Staten Island,46
2025-02-12,E,Staten Island,45
2025-02-13,E,Staten Island,51
2025-02-14,E,Staten Island,54
2025-02-15,E,Staten Island,33
2025-02-16,E,Staten Island,31
2025-02-17,E,Staten Island,60
2025-02-18,E,Staten Island,45
2025-02-19,E,Staten Island,56
2025-02-20,E,Staten Island,46
2025-02-21,E,Staten Island,59
2025-02-22,E,Staten Island,26
2025-02-23,E,Staten Island,33
2025-02-24,E,Staten Island,44
2025-02-25,E,Staten Island,63
2025-02-26,E,Staten Island,62
2025-02-27,E,Staten Island,58
2025-02-28,E,Staten Island,44
2025-03-01,E,Staten Island,34
2025-03-02,E,Staten Island,25
2025-03-03,E,Staten Island,60
2025-03-04,E,Staten Island,47
2025-03-05,E,Staten Island,65
2025-03-06,E,Staten Island,51
2025-03-07,E,Staten Island,57
2025-03-08,E,Staten Island,32
2025-03-09,E,Staten Island,34
2025-03-10,E,Staten Island,51
2025-03-11,E,Staten Island,47
2025-03-12,E,Staten Island,48
2025-03-13,E,Staten Island,49
2025-03-14,E,Staten Island,52
2025-03-15,E,Staten Island,28
2025-03-16,E,Staten Island,37
2025-03-17,E,Staten Island,65
2025-03-18,E,Staten Island,66
2025-03-19,E,Staten Island,61
2025-03-20,E,Staten Island,58
2025-03-21,E,Staten Island,51
2025-03-22,E,Staten Island,29
2025-03-23,E,Staten Island,25
2025-03-24,E,Staten Island,60
2025-03-25,E,Staten Island,53
2025-03-26,E,Staten Island,67
2025-03-27,E,Staten Island,53
2025-03-28,E,Staten Island,54
2025-03-29,E,Staten Island,37
2025-03-30,E,Staten Island,28
2025-03-31,E,Staten Island,46
2025-04-01,E,Staten Island,57
2025-04-02,E,Staten Island,56
2025-04-03,E,Staten Island,63
2025-04-04,E,Staten Island,46
2025-04-05,E,Staten Island,26
2025-04-06,E,Staten Island,27
2025-04-07,E,Staten Island,65
2025-04-08,E,Staten Island,57
2025-04-09,E,Staten Island,51
2025-04-10,E,Staten Island,54
2025-04-11,E,Staten Island,51
2025-04-12,E,Staten Island,34
2025-04-13,E,Staten Island,35
2025-04-14,E,Staten Island,69
2025-04-15,E,Staten Island,60
2025-04-16,E,Staten Island,67
2025-04-17,E,Staten Island,52
2025-04-18,E,Staten Island,63
2025-04-19,E,Staten Island,33
2025-04-20,E,Staten Island,31
2025-04-21,E,Staten Island,55
2025-04-22,E,Staten Island,71
2025-04-23,E,Staten Island,58
2025-04-24,E,Staten Island,58
2025-04-25,E,Staten Island,72
2025-04-26,E,Staten Island,29
2025-04-27,E,Staten Island,29
2025-04-28,E,Staten Island,70
2025-04-29,E,Staten Island,73
2025-04-30,E,Staten Island,58
2025-05-01,E,Staten Island,52
2025-05-02,E,Staten Island,77
2025-05-03,E,Staten Island,36
2025-05-04,E,Staten Island,38
2025-05-05,E,Staten Island,64
2025-05-06,E,Staten Island,73
2025-05-07,E,Staten Island,74
2025-05-08,E,Staten Island,77
2025-05-09,E,Staten Island,80
2025-05-10,E,Staten Island,38
2025-05-11,E,Staten Island,37
2025-05-12,E,Staten Island,66
2025-05-13,E,Staten Island,57
2025-05-14,E,Staten Island,65
2025-05-15,E,Staten Island,61
2025-05-16,E,Staten Island,67
2025-05-17,E,Staten Island,45
2025-05-18,E,Staten Island,42
2025-05-19,E,Staten Island,68
2025-05-20,E,Staten Island,68
2025-05-21,E,Staten Island,78
2025-05-22,E,Staten Island,60
2025-05-23,E,Staten Island,67
2025-05-24,E,Staten Island,36
2025-05-25,E,Staten Island,45
2025-05-26,E,Staten Island,60
2025-05-27,E,Staten Island,76
2025-05-28,E,Staten Island,60
2025-05-29,E,Staten Island,59
2025-05-30,E,Staten Island,63
2025-05-31,E,Staten Island,45
2025-06-01,E,Staten Island,36
2025-06-02,E,Staten Island,65
2025-06-03,E,Staten Island,80
2025-06-04,E,Staten Island,77
2025-06-05,E,Staten Island,73
2025-06-06,E,Staten Island,69
2025-06-07,E,Staten Island,38
2025-06-08,E,Staten Island,41
2025-06-09,E,Staten Island,78
2025-06-10,E,Staten Island,63
2025-06-11,E,Staten Island,74
2025-06-12,E,Staten Island,64
2025-06-13,E,Staten Island,72
2025-06-14,E,Staten Island,45
2025-06-15,E,Staten Island,51
2025-06-16,E,Staten Island,81
2025-06-17,E,Staten Island,68
2025-06-18,E,Staten Island,78
2025-06-19,E,Staten Island,85
2025-06-20,E,Staten Island,79
2025-06-21,E,Staten Island,51
2025-06-22,E,Staten Island,50
2025-06-23,E,Staten Island,92
2025-06-24,E,Staten Island,89
2025-06-25,E,Staten Island,71
2025-06-26,E,Staten Island,84
2025-06-27,E,Staten Island,88
2025-06-28,E,Staten Island,53
2025-06-29,E,Staten Island,49
2025-06-30,E,Staten Island,71
2025-07-01,E,Staten Island,72
2025-07-02,E,Staten Island,92
2025-07-03,E,Staten Island,92
2025-07-04,E,Staten Island,97
2025-07-05,E,Staten Island,51
2025-07-06,E,Staten Island,46
2025-07-07,E,Staten Island,90
2025-07-08,E,Staten Island,85
2025-07-09,E,Staten Island,82
2025-07-10,E,Staten Island,101
2025-07-11,E,Staten Island,80
2025-07-12,E,Staten Island,53
2025-07-13,E,Staten Island,43
2025-07-14,E,Staten Island,77
2025-07-15,E,Staten Island,77
2025-07-16,E,Staten Island,80
2025-07-17,E,Staten Island,79
2025-07-18,E,Staten Island,85
2025-07-19,E,Staten Island,57
2025-07-20,E,Staten Island,55
2025-07-21,E,Staten Island,105
2025-07-22,E,Staten Island,80
2025-07-23,E,Staten Island,99
2025-07-24,E,Staten Island,105
2025-07-25,E,Staten Island,73
2025-07-26,E,Staten Island,60
2025-07-27,E,Staten Island,45
2025-07-28,E,Staten Island,89
2025-07-29,E,Staten Island,87
2025-07-30,E,Staten Island,101
2025-07-31,E,Staten Island,90
2025-08-01,E,Staten Island,79
2025-08-02,E,Staten Island,42
2025-08-03,E,Staten Island,43
2025-08-04,E,Staten Island,106
2025-08-05,E,Staten Island,83
2025-08-06,E,Staten Island,84
2025-08-07,E,Staten Island,108
2025-08-08,E,Staten Island,92
2025-08-09,E,Staten Island,60
2025-08-10,E,Staten Island,53
2025-08-11,E,Staten Island,101
2025-08-12,E,Staten Island,105
2025-08-13,E,Staten Island,95
2025-08-14,E,Staten Island,94
2025-08-15,E,Staten Island,98
2025-08-16,E,Staten Island,47
2025-08-17,E,Staten Island,46
2025-08-18,E,Staten Island,97
2025-08-19,E,Staten Island,106
2025-08-20,E,Staten Island,90
2025-08-21,E,Staten Island,100
2025-08-22,E,Staten Island,80
2025-08-23,E,Staten Island,50
2025-08-24,E,Staten Island,52
2025-08-25,E,Staten Island,85
2025-08-26,E,Staten Island,81
2025-08-27,E,Staten Island,106
2025-08-28,E,Staten Island,88
2025-08-29,E,Staten Island,87
2025-08-30,E,Staten Island,44
2025-08-31,E,Staten Island,43
2025-09-01,E,Staten Island,112
2025-09-02,E,Staten Island,101
2025-09-03,E,Staten Island,105
2025-09-04,E,Staten Island,80
2025-09-05,E,Staten Island,99
2025-09-06,E,Staten Island,52
2025-09-07,E,Staten Island,43
2025-09-08,E,Staten Island,89
2025-09-09,E,Staten Island,94
2025-09-10,E,Staten Island,108
2025-09-11,E,Staten Island,85
2025-09-12,E,Staten Island,85
2025-09-13,E,Staten Island,61
2025-09-14,E,Staten Island,63
2025-09-15,E,Staten Island,96
2025-09-16,E,Staten Island,87
2025-09-17,E,Staten Island,88
2025-09-18,E,Staten Island,104
2025-09-19,E,Staten Island,75
2025-09-20,E,Staten Island,59
2025-09-21,E,Staten Island,49
2025-09-22,E,Staten Island,92
2025-09-23,E,Staten Island,74
2025-09-24,E,Staten Island,89
2025-09-25,E,Staten Island,96
2025-09-26,E,Staten Island,110
2025-09-27,E,Staten Island,47
2025-09-28,E,Staten Island,47
2025-09-29,E,Staten Island,89
2025-09-30,E,Staten Island,81
2025-10-01,E,Staten Island,95
2025-10-02,E,Staten Island,81
2025-10-03,E,Staten Island,106
2025-10-04,E,Staten Island,54
2025-10-05,E,Staten Island,46
2025-10-06,E,Staten Island,80
2025-10-07,E,Staten Island,88
2025-10-08,E,Staten Island,75
2025-10-09,E,Staten Island,93
2025-10-10,E,Staten Island,104
2025-10-11,E,Staten Island,57
2025-10-12,E,Staten Island,58
2025-10-13,E,Staten Island,83
2025-10-14,E,Staten Island,93
2025-10-15,E,Staten Island,76
2025-10-16,E,Staten Island,80
2025-10-17,E,Staten Island,85
2025-10-18,E,Staten Island,47
2025-10-19,E,Staten Island,50
2025-10-20,E,Staten Island,87
2025-10-21,E,Staten Island,76
2025-10-22,E,Staten Island,70
2025-10-23,E,Staten Island,78
2025-10-24,E,Staten Island,93
2025-10-25,E,Staten Island,43
2025-10-26,E,Staten Island,49
2025-10-27,E,Staten Island,84
2025-10-28,E,Staten Island,76
2025-10-29,E,Staten Island,72
2025-10-30,E,Staten Island,70
2025-10-31,E,Staten Island,100
2025-11-01,E,Staten Island,46
2025-11-02,E,Staten Island,43
2025-11-03,E,Staten Island,94
2025-11-04,E,Staten Island,84
2025-11-05,E,Staten Island,98
2025-11-06,E,Staten Island,98
2025-11-07,E,Staten Island,75
2025-11-08,E,Staten Island,54
2025-11-09,E,Staten Island,45
2025-11-10,E,Staten Island,97
2025-11-11,E,Staten Island,76
2025-11-12,E,Staten Island,93
2025-11-13,E,Staten Island,84
2025-11-14,E,Staten Island,93
2025-11-15,E,Staten Island,53
2025-11-16,E,Staten Island,48
2025-11-17,E,Staten Island,68
2025-11-18,E,Staten Island,65
2025-11-19,E,Staten Island,78
2025-11-20,E,Staten Island,92
2025-11-21,E,Staten Island,64
2025-11-22,E,Staten Island,39
2025-11-23,E,Staten Island,44
2025-11-24,E,Staten Island,81
2025-11-25,E,Staten Island,84
2025-11-26,E,Staten Island,81
2025-11-27,E,Staten Island,70
2025-11-28,E,Staten Island,89
2025-11-29,E,Staten Island,40
2025-11-30,E,Staten Island,48
2025-12-01,E,Staten Island,69
2025-12-02,E,Staten Island,85
2025-12-03,E,Staten Island,74
2025-12-04,E,Staten Island,86
2025-12-05,E,Staten Island,83
2025-12-06,E,Staten Island,46
2025-12-07,E,Staten Island,39
2025-12-08,E,Staten Island,72
2025-12-09,E,Staten Island,84
2025-12-10,E,Staten Island,81
2025-12-11,E,Staten Island,60
2025-12-12,E,Staten Island,64
2025-12-13,E,Staten Island,46
2025-12-14,E,Staten Island,33
2025-12-15,E,Staten Island,72
2025-12-16,E,Staten Island,75
2025-12-17,E,Staten Island,72
2025-12-18,E,Staten Island,72
2025-12-19,E,Staten Island,61
2025-12-20,E,Staten Island,34
2025-12-21,E,Staten Island,37
2025-12-22,E,Staten Island,66
2025-12-23,E,Staten Island,69
2025-12-24,E,Staten Island,82
2025-12-25,E,Staten Island,80
2025-12-26,E,Staten Island,72
2025-12-27,E,Staten Island,38
2025-12-28,E,Staten Island,38
2025-12-29,E,Staten Island,68
2025-12-30,E,Staten Island,60
2025-12-31,E,Staten Island,59
2026-01-01,E,Staten Island,64
2026-01-02,E,Staten Island,74
2026-01-03,E,Staten Island,31
2026-01-04,E,Staten Island,40
2026-01-05,E,Staten Island,71
2026-01-06,E,Staten Island,66
2026-01-07,E,Staten Island,76
2026-01-08,E,Staten Island,65
2026-01-09,E,Staten Island,63
2026-01-10,E,Staten Island,36
2026-01-11,E,Staten Island,34
2026-01-12,E,Staten Island,57
2026-01-13,E,Staten Island,54
2026-01-14,E,Staten Island,53
2026-01-15,E,Staten Island,53
2026-01-16,E,Staten Island,54
2026-01-17,E,Staten Island,35
2026-01-18,E,Staten Island,39
2026-01-19,E,Staten Island,63
2026-01-20,E,Staten Island,68
2026-01-21,E,Staten Island,58
2026-01-22,E,Staten Island,54
2026-01-23,E,Staten Island,59
2026-01-24,E,Staten Island,36
2026-01-25,E,Staten Island,41
2026-01-26,E,Staten Island,50
2026-01-27,E,Staten Island,63
2026-01-28,E,Staten Island,61
2026-01-29,E,Staten Island,67
2026-01-30,E,Staten Island,58
2026-01-31,E,Staten Island,28
2026-02-01,E,Staten Island,38
2026-02-02,E,Staten Island,55
2026-02-03,E,Staten Island,53
2026-02-04,E,Staten Island,60
2026-02-05,E,Staten Island,57
2026-02-06,E,Staten Island,68
2026-02-07,E,Staten Island,28
2026-02-08,E,Staten Island,31
2026-02-09,E,Staten Island,52
2026-02-10,E,Staten Island,57
2026-02-11,E,Staten Island,66
2026-02-12,E,Staten Island,47
2026-02-13,E,Staten Island,54
